book_ref,book_date,total_amount
OHBVRP,2025-10-27 07:12:00,30124.49
OIVGRV,2025-07-20 01:21:00,3724.43
IFLBCB,2025-11-19 22:27:00,93112.8
FNOGMB,2025-09-11 23:37:00,57817.24
JMTPSI,2025-10-11 09:02:00,47849.68
AOCLRZ,2025-09-06 16:37:00,69664.51
AWZKSB,2025-12-14 15:14:00,68714.71
VRJNWV,2025-09-28 00:27:00,56029.11
GFYGWW,2025-10-11 02:17:00,85144.7
MQZCUD,2025-08-02 15:07:00,48520.57
IHYFJS,2025-11-27 11:28:00,67171.33
ONXKMT,2025-01-11 05:18:00,69811.24
ECQOXS,2025-08-29 11:28:00,24353.49
FOGYRD,2025-04-23 18:58:00,66017.62
OXKXWN,2025-11-05 22:42:00,46098.99
QRSRPE,2025-05-31 23:45:00,38914.15
MOKIUP,2025-08-02 21:41:00,70581.79
KDYROS,2025-08-30 05:39:00,22063.19
JORUXX,2025-12-20 23:05:00,64369.19
DOCZUZ,2025-03-08 05:12:00,17380.9
RENKTU,2025-09-09 03:50:00,41270.56
NPFZPD,2025-09-10 09:15:00,22267.83
JQIPVJ,2025-01-25 00:22:00,84043.36
IQVLBL,2025-07-02 21:10:00,19073.76
ZXOIGF,2025-09-15 01:51:00,8857.23
FWDHJO,2025-08-09 03:39:00,23855.5
KYRBME,2025-10-15 07:31:00,26719.64
YYMDHQ,2025-06-24 11:49:00,7294.22
JARUHR,2025-10-13 08:57:00,16908.41
IWRXPV,2025-12-20 16:38:00,64592.7
HSBKDA,2025-12-28 01:59:00,90056.63
UUQGWL,2025-08-23 03:06:00,74912.02
GGOTOG,2025-11-09 03:52:00,54747.5
MMJXWK,2025-09-17 03:10:00,60953.2
IXHAMU,2025-04-16 11:10:00,70008.13
FBHXZT,2025-12-29 14:48:00,49542.49
PDPKFF,2025-02-20 04:41:00,36463.8
UFEWIX,2025-03-12 03:54:00,21573.91
IIQEJK,2025-08-01 00:15:00,79802.83
QHMBNI,2025-08-31 10:18:00,49462.09
WUSMTT,2025-02-13 08:23:00,68798.38
ZQPXCH,2025-08-01 11:40:00,64179.56
CHPOEV,2025-03-19 16:26:00,75423.85
BLJOLO,2025-03-12 13:26:00,87457.85
AETODO,2025-08-23 16:50:00,65762.27
ECVEGP,2025-01-16 14:09:00,73853.97
RQFNII,2025-09-22 02:05:00,34123.93
UKKEPY,2025-07-25 05:27:00,8655.09
EZAMGG,2025-01-19 21:59:00,62014.85
QBWBAD,2025-10-22 01:40:00,93164.33
UDRPPG,2025-12-05 16:18:00,41576.09
DZUVZG,2025-12-15 22:35:00,83366.27
PMMICI,2025-06-10 11:00:00,79084.33
BLRDPE,2025-09-28 19:58:00,16511.29
CZJGDP,2025-07-26 14:41:00,21872.29
IAFWPK,2025-10-06 19:50:00,59873.25
AFENZD,2025-08-15 22:22:00,84666.09
KYAYQY,2025-11-29 12:49:00,21151.21
YDSBSU,2025-06-04 02:02:00,52443.88
YJQTFJ,2025-07-19 23:46:00,71084.8
MSNDLV,2025-03-06 16:34:00,29121.36
IDVUDD,2025-02-17 16:35:00,31727.22
LEGHKD,2025-06-24 20:10:00,5154.8
GFLEME,2025-10-04 18:16:00,25203.26
RPZHKP,2025-06-05 23:27:00,93799.83
LMCNFA,2025-02-26 23:03:00,80425.68
QLKHUQ,2025-05-13 20:32:00,35611.55
NQTUPQ,2025-01-25 20:07:00,44283.79
ZIQPTD,2025-10-21 23:00:00,44689.54
UWEADN,2025-05-01 23:37:00,55034.94
KGEING,2025-11-18 21:34:00,80693.61
QIWEPX,2025-04-30 11:19:00,29177.27
SKCITT,2025-10-21 21:08:00,68720.29
NZPHAQ,2025-09-24 23:15:00,12680.88
JTQGIQ,2025-09-22 18:12:00,78701.53
HGVJJR,2025-07-04 14:06:00,16482.9
SMNTVN,2025-08-06 13:05:00,11486.87
ROQGFQ,2025-08-06 04:30:00,22760.16
DFOBRC,2025-02-09 11:43:00,51415.52
AVXIOQ,2025-10-29 17:33:00,74651.87
KVCJTB,2025-05-16 18:31:00,61554.43
JAHESJ,2025-08-14 22:59:00,90199.44
ICXLJJ,2025-08-02 05:09:00,49532.3
BICTXY,2025-09-06 22:29:00,14903.44
CWNRPQ,2025-12-27 16:55:00,51680.98
GWXJAN,2025-12-22 06:29:00,46548.71
VJPKZZ,2025-03-22 17:23:00,87796.16
LABLVV,2025-03-02 19:54:00,40593.03
YAZQVZ,2025-03-03 11:36:00,29642.33
PRKYSG,2025-09-25 04:07:00,37175.0
YCEOMD,2025-07-11 09:18:00,47705.15
WTYOOB,2025-03-15 04:50:00,57245.43
QMZVRE,2025-01-25 09:56:00,29080.37
XRWPGZ,2025-04-04 23:31:00,3191.89
RIVBHQ,2025-10-08 11:04:00,83079.24
LLQCGM,2025-08-02 15:36:00,31492.57
BWUYUB,2025-08-20 10:50:00,37712.12
MGHYKM,2025-11-07 04:48:00,15744.05
QCTBAH,2025-11-22 14:48:00,44393.5
ZIRUVV,2025-08-18 04:55:00,69963.5
QMXBEQ,2025-02-15 19:42:00,60370.23
VNUQHU,2025-07-18 07:57:00,39376.54
TGTQAU,2025-10-04 01:42:00,84883.97
ZSSJIM,2025-05-23 20:05:00,82667.73
AQYRVL,2025-12-29 00:36:00,60970.05
NKTZJA,2025-12-29 09:35:00,62354.69
TSNBYL,2025-11-26 17:05:00,20703.26
MPUDCC,2025-11-13 17:36:00,72700.6
RNGEYY,2025-10-19 16:12:00,72051.39
VKQFSG,2025-09-15 00:07:00,63559.41
QONVFW,2025-09-30 05:01:00,28296.55
PRTOZM,2025-04-16 07:53:00,67916.83
JBCPEN,2025-10-24 14:05:00,77236.73
XEDAOK,2025-11-07 10:25:00,57178.16
MTSYFZ,2025-09-09 00:21:00,43205.6
PJPSAW,2025-08-01 00:55:00,51566.96
XGXBOL,2025-07-15 08:05:00,13547.31
ZSHDDJ,2025-02-20 17:10:00,29252.36
PHDIZD,2025-04-04 08:49:00,11245.83
QHJMUW,2025-06-07 13:43:00,18565.58
CNUGBJ,2025-11-11 10:11:00,5499.75
CKVECQ,2025-01-30 09:24:00,12084.47
WPORXX,2025-03-14 13:57:00,32828.04
HFOPRC,2025-07-12 03:03:00,21635.47
ETSPRV,2025-11-02 18:15:00,48354.11
UIFIJO,2025-09-16 12:07:00,27774.45
YSJTNE,2025-06-12 14:35:00,40451.03
AAVIDA,2025-09-05 00:26:00,61285.8
DNAYXL,2025-01-10 08:35:00,91639.67
SBWKYE,2025-12-12 03:15:00,73194.0
AWTWYA,2025-11-30 04:19:00,55278.6
IVVIZM,2025-08-17 02:54:00,61493.51
OFORBF,2025-04-15 04:23:00,52720.46
BYVQRZ,2025-03-28 07:34:00,90640.36
ZUKDIN,2025-10-12 14:02:00,3092.1
IBZLKQ,2025-08-26 19:18:00,63081.41
BFPBID,2025-03-27 00:03:00,88882.63
LDQYUN,2025-09-04 08:38:00,26081.78
DUVWYR,2025-12-15 12:22:00,80504.36
WAQFEB,2025-04-19 18:53:00,49950.21
VIDWOP,2025-01-24 05:47:00,52136.21
EXPCWB,2025-02-05 09:05:00,39368.05
PMBNJP,2025-03-04 04:46:00,54196.08
IEQHKN,2025-05-24 13:13:00,59160.97
DSQXXK,2025-06-12 21:21:00,61435.63
MMVTHX,2025-12-29 14:17:00,25625.4
KTGLBT,2025-06-14 10:13:00,45301.54
KRYZTM,2025-11-03 10:01:00,87089.68
ELSOPG,2025-03-10 20:59:00,3188.37
SXTRMZ,2025-09-01 00:57:00,3881.23
HYKYCW,2025-03-30 13:35:00,85364.67
IBQXEG,2025-12-27 15:48:00,39136.78
PVAAFG,2025-02-11 20:41:00,10132.13
BXODTJ,2025-01-16 21:28:00,64846.62
BLUHPR,2025-06-30 12:52:00,58320.6
NZIXED,2025-07-18 05:53:00,73652.86
BULRUP,2025-12-23 00:07:00,45567.71
FRCPWD,2025-04-09 14:00:00,23379.91
KNQYVB,2025-01-11 08:43:00,87768.68
FULFNW,2025-07-03 06:05:00,78097.84
ZQVRMS,2025-11-17 09:51:00,69038.48
RJAHMF,2025-04-30 15:23:00,6385.24
PUAFJW,2025-09-10 22:45:00,58754.48
PSEPTF,2025-01-04 06:52:00,61736.12
CYBFSO,2025-02-26 08:36:00,49029.96
ZSPTQL,2025-03-29 17:12:00,63705.13
XEJHWB,2025-10-17 21:43:00,58473.47
VJVWSD,2025-03-31 02:37:00,14798.67
RTQOHU,2025-02-03 04:16:00,88887.83
MUHVIW,2025-04-27 16:46:00,74967.25
SLMNVE,2025-04-09 21:01:00,94259.52
RULWHM,2025-12-21 21:34:00,59530.0
SGMSOX,2025-12-15 17:56:00,44761.2
LTATII,2025-08-07 20:43:00,89762.83
RCDJSS,2025-01-27 10:27:00,80679.42
IOWFGA,2025-07-28 08:07:00,65575.96
KSEECV,2025-08-27 15:23:00,50587.64
LDQEHE,2025-01-23 23:14:00,7320.75
ZFEKOR,2025-08-04 17:28:00,32094.26
DJJZKT,2025-07-20 06:21:00,10526.42
FPHJWA,2025-10-20 00:47:00,23757.78
MMYNOX,2025-12-20 13:04:00,87363.56
HYCCTL,2025-04-11 05:21:00,31594.14
BTKNDN,2025-11-17 20:06:00,5564.29
VGWNON,2025-08-10 00:37:00,76344.32
QQFKPL,2025-06-21 08:15:00,12921.34
JEKAAC,2025-05-03 10:53:00,8007.82
SMESCO,2025-06-20 16:50:00,24780.42
STSSDE,2025-02-07 19:39:00,43344.71
ROQYYO,2025-02-18 20:28:00,56261.97
LQZMBH,2025-02-13 01:58:00,6067.62
IOPJRJ,2025-06-10 22:04:00,75003.45
EDKYTM,2025-02-01 14:03:00,30735.34
VKSCHD,2025-11-17 13:04:00,12368.14
STSZRG,2025-01-29 17:03:00,30132.34
IFCFMC,2025-07-15 12:06:00,59791.78
BVUMQB,2025-07-30 07:55:00,58160.98
FORKLB,2025-12-04 19:00:00,44713.83
WRRKCW,2025-08-26 13:56:00,60059.38
WLEHPC,2025-02-21 10:41:00,89257.81
RLLBOF,2025-01-14 14:33:00,33193.82
FEWAVU,2025-04-09 03:06:00,4130.55
QGKVAS,2025-02-04 18:50:00,80351.71
FSQZWJ,2025-10-21 04:40:00,49818.62
CDFUQU,2025-07-01 13:30:00,69665.32
HXZGAQ,2025-08-16 05:15:00,15665.89
IDADMH,2025-01-23 01:08:00,31673.35
XNWFOC,2025-08-12 16:41:00,72402.37
WDNRJI,2025-06-09 18:56:00,52785.22
SCSFHB,2025-03-16 04:30:00,31398.05
OMZPTK,2025-06-25 09:23:00,92264.94
TJAJAF,2025-09-23 18:42:00,65403.63
OHDHPJ,2025-01-30 07:32:00,78364.91
FTSGTR,2025-10-14 01:27:00,34631.08
AEEPDJ,2025-04-13 20:58:00,21516.03
JYMMGV,2025-02-05 10:12:00,64443.13
IERXYA,2025-12-22 22:29:00,58178.13
VYGRAS,2025-06-19 18:36:00,91601.97
UTLLQF,2025-11-12 09:26:00,33232.95
JCIEWV,2025-02-23 14:56:00,75605.61
JWIYDU,2025-01-22 15:14:00,87635.73
MSPKYO,2025-11-24 07:44:00,24185.21
XACUVE,2025-11-16 06:15:00,47228.65
TZYYQY,2025-06-19 23:24:00,21889.11
PJFCIG,2025-04-05 00:23:00,3910.07
LVGCGH,2025-07-03 00:35:00,13597.41
DAUJAP,2025-05-29 14:12:00,61082.78
JEEYQV,2025-07-04 01:01:00,21319.3
NSZPFV,2025-05-26 05:14:00,84455.17
RIYUOT,2025-03-31 10:54:00,54014.46
WFICNE,2025-04-02 06:01:00,19199.12
PORSOV,2025-05-15 03:01:00,79493.01
FBGWOT,2025-03-12 12:41:00,75442.1
GCKSTB,2025-02-26 10:59:00,22341.84
CUYDSW,2025-08-22 07:23:00,77472.87
XBJPHA,2025-12-05 05:33:00,92893.37
KRYLKL,2025-11-16 13:56:00,68406.68
FNYNRP,2025-03-02 04:56:00,88022.3
FLJODO,2025-04-08 06:34:00,37793.99
QDQQAZ,2025-07-11 10:38:00,42517.7
DSRIKE,2025-11-22 07:58:00,7249.96
CWLTOB,2025-11-12 18:12:00,81608.06
SQDTMY,2025-05-31 04:20:00,25739.79
EGPYKW,2025-11-19 08:55:00,14634.18
KSSSBQ,2025-09-18 18:56:00,47987.14
ZRAKRX,2025-02-11 15:50:00,64042.2
VDMVFS,2025-02-03 05:32:00,38706.66
XZOMZW,2025-11-27 16:23:00,48870.08
OOMNQR,2025-08-26 05:20:00,68548.79
WUXQRI,2025-09-27 22:30:00,68839.79
OGOPCT,2025-09-11 15:17:00,56469.18
YCCLXU,2025-11-23 18:41:00,6367.61
IFSUVA,2025-04-23 06:28:00,82411.48
LMIYIX,2025-07-22 06:19:00,42102.1
HGRKQE,2025-07-13 18:10:00,89065.9
ZSVVZH,2025-07-11 08:35:00,10797.82
DEJWOR,2025-02-13 09:28:00,50731.51
URZZJX,2025-04-28 18:02:00,45803.29
FYZAQI,2025-11-15 10:27:00,44505.91
HDXRVR,2025-08-10 13:23:00,77014.41
QLYOXG,2025-06-12 08:24:00,5274.07
ROEBNJ,2025-08-15 07:16:00,62372.65
UNOPEO,2025-07-03 02:18:00,80519.51
DSTPAH,2025-09-20 17:41:00,10190.63
ICCTFH,2025-05-22 07:06:00,13910.09
GPIIYD,2025-07-04 01:34:00,21428.21
XQVSIA,2025-04-11 21:21:00,26002.18
LVUJAP,2025-12-16 08:12:00,67919.12
GFNARC,2025-03-12 22:47:00,52967.56
SXNCCP,2025-05-14 00:49:00,30551.62
XGRXIP,2025-06-27 12:25:00,78611.24
WDZRMH,2025-12-02 00:30:00,63176.38
DFQNPO,2025-03-18 12:14:00,23877.22
MBDYVP,2025-04-18 15:14:00,50455.93
IYKNEW,2025-10-10 14:46:00,77924.59
JNLNOV,2025-06-24 02:20:00,80813.75
XJYMAR,2025-08-08 22:26:00,22281.8
JIIQZL,2025-08-19 17:01:00,37472.42
HQBIAW,2025-10-23 04:19:00,89788.57
YYPLUB,2025-01-05 15:51:00,63614.03
LQDIVA,2025-07-01 10:14:00,41561.55
HHVEEC,2025-12-18 12:48:00,74635.19
XXGLGC,2025-10-03 09:20:00,56999.87
GONCUY,2025-10-18 01:59:00,15800.4
QHTDPB,2025-06-19 18:40:00,76521.41
DEZBRG,2025-11-08 18:55:00,38961.5
FTCEFU,2025-07-15 06:25:00,8861.25
MJEIRN,2025-07-17 06:30:00,12994.73
OLJTUY,2025-10-19 14:40:00,85316.43
MHSDGM,2025-02-17 05:06:00,65089.47
BGYSHP,2025-04-01 01:52:00,66390.26
PXJUNB,2025-09-08 00:11:00,21307.88
COAVDZ,2025-07-17 09:13:00,24439.63
AUGUBU,2025-12-04 16:04:00,44829.06
QQXJRE,2025-07-08 16:00:00,18807.97
EFFFBG,2025-07-30 12:10:00,94042.75
VVXZIJ,2025-03-08 17:26:00,46999.11
DLJJVQ,2025-02-05 12:57:00,82644.35
HAWQWB,2025-03-08 06:19:00,42762.46
UDSMTW,2025-12-30 21:30:00,17607.87
GKGNJQ,2025-10-22 09:37:00,21673.5
EOGWJX,2025-12-17 14:17:00,21556.65
HWRKOZ,2025-03-15 14:04:00,78861.6
BJXNNR,2025-11-06 07:33:00,33258.01
PJBMQS,2025-10-19 15:29:00,45567.98
RBLRSW,2025-01-21 23:05:00,29487.88
TVWALJ,2025-08-22 11:44:00,80522.83
KQZEJV,2025-06-02 12:39:00,78755.52
OBFVHN,2025-03-31 13:15:00,19521.19
YADVKX,2025-11-13 23:27:00,45120.19
TUUXKM,2025-12-04 05:44:00,55312.6
FDJKWN,2025-07-21 22:02:00,25051.96
DRFRCQ,2025-03-22 08:56:00,60783.65
BFMCAR,2025-05-30 21:58:00,9140.44
NWGHWB,2025-04-22 15:26:00,94299.85
HSRRLF,2025-10-11 03:23:00,10041.09
HQTCOZ,2025-02-23 16:49:00,74714.98
MDANTN,2025-07-29 14:10:00,26254.53
XIWQSU,2025-09-17 01:29:00,5458.04
HAFVBL,2025-11-24 22:43:00,71975.72
IYITOG,2025-07-15 10:47:00,39739.45
JQZWEZ,2025-04-10 12:02:00,3987.84
VCBBDE,2025-02-28 22:58:00,15556.21
UKBKZT,2025-12-10 23:29:00,47597.85
OASHZB,2025-02-04 02:35:00,63446.08
UKZNDS,2025-08-13 04:30:00,78479.26
XFBGPB,2025-03-24 05:53:00,4662.08
LZHFZT,2025-02-21 05:18:00,14421.93
VVOVXK,2025-07-20 05:04:00,64768.08
EGOHHG,2025-01-06 21:17:00,17121.68
MXWWUP,2025-07-03 05:13:00,68725.93
JPGJQM,2025-12-12 17:13:00,43669.35
LMJWWP,2025-01-25 20:51:00,51104.45
ELXOFD,2025-12-06 22:42:00,85524.91
WKWLCR,2025-07-19 22:19:00,43846.77
KPONUO,2025-11-03 00:03:00,74061.69
UJCEEC,2025-04-14 07:23:00,86605.59
OTYRLD,2025-04-13 02:01:00,41794.81
WGETDC,2025-01-08 10:52:00,20677.97
CDXSEP,2025-12-09 02:14:00,91204.56
FNMGYD,2025-02-19 21:10:00,69609.06
LJYVCC,2025-01-23 13:32:00,12906.91
ZKPMUM,2025-06-17 10:35:00,60664.35
EGJDCG,2025-11-16 06:59:00,52836.64
ZVTFGP,2025-08-08 03:14:00,22667.76
LCPTCC,2025-07-02 10:11:00,4379.5
HHNKXX,2025-12-01 10:00:00,38805.17
SYAXVR,2025-08-23 07:04:00,63532.48
MDYOPV,2025-05-23 20:39:00,36946.16
EVGJRY,2025-02-04 06:26:00,30741.15
SQUQMJ,2025-11-03 15:06:00,68552.86
VFLQJW,2025-10-19 05:16:00,91231.19
TPSQZI,2025-11-04 10:40:00,67061.01
MTFTJY,2025-12-14 22:08:00,33548.28
PYVIQS,2025-11-22 22:20:00,92977.98
VRHFPQ,2025-12-08 15:04:00,33829.68
BGXBXT,2025-11-08 18:28:00,38178.17
LNVXFM,2025-11-24 23:14:00,49314.64
OIJESY,2025-12-27 00:14:00,4951.63
GGXIVH,2025-03-05 09:15:00,70888.02
CQVXNI,2025-05-05 19:05:00,8512.92
MYJKLS,2025-07-11 15:18:00,21585.08
XNZKUC,2025-07-12 06:41:00,6487.42
CAXRUP,2025-11-03 14:47:00,83714.54
CNSWVY,2025-03-10 08:20:00,62211.39
COIPTZ,2025-01-21 16:50:00,92936.21
YEMXRK,2025-11-28 09:48:00,5179.79
CDXSXY,2025-06-19 10:15:00,21935.2
GHAKMZ,2025-01-28 21:15:00,76733.57
MIQDPE,2025-12-23 23:14:00,58941.81
XJGTHH,2025-07-15 16:20:00,19886.18
SFWKRC,2025-11-19 00:04:00,83027.74
GJBFOC,2025-02-05 06:03:00,61361.76
WBADZG,2025-03-14 06:08:00,11441.86
XPYFXO,2025-10-31 17:53:00,76161.44
BUGTPV,2025-04-15 07:32:00,10191.14
YJICSE,2025-08-28 09:10:00,69393.99
SIWTEC,2025-05-06 13:11:00,58738.31
NAFBQN,2025-06-05 09:36:00,44240.95
JJUMHB,2025-11-22 06:17:00,82343.15
HXSPTH,2025-09-04 02:23:00,39638.49
DPAOYN,2025-03-27 15:28:00,41888.15
DEHFMI,2025-11-09 23:27:00,72949.85
BOGKPT,2025-09-04 00:48:00,38090.58
JSBANW,2025-02-12 09:38:00,52422.19
PKALQQ,2025-10-11 23:11:00,26670.84
FHXEHI,2025-08-26 09:29:00,29056.77
GYGJBY,2025-10-15 19:30:00,9618.45
ECOYXQ,2025-03-11 22:30:00,21005.85
VBWYEW,2025-04-08 00:00:00,82272.27
PUQOGX,2025-07-11 15:25:00,88163.58
LVWVIC,2025-07-22 23:23:00,38331.44
WIVPLX,2025-06-07 20:37:00,9553.56
RDSEOL,2025-01-20 03:24:00,88755.92
ZIETXD,2025-03-25 06:48:00,43139.41
CSMCYM,2025-05-11 23:22:00,49883.97
CUTGZI,2025-09-08 20:44:00,36872.61
EQCWPM,2025-01-30 20:24:00,88239.73
SWXDPV,2025-05-07 07:30:00,6174.7
RHZXBZ,2025-07-05 20:45:00,65231.16
VCYVLF,2025-12-24 21:41:00,16605.35
SFXZHR,2025-11-06 14:43:00,16557.8
ZFUBFB,2025-05-07 19:37:00,90563.6
MLISUG,2025-03-24 00:07:00,73929.44
FUQSTC,2025-11-26 22:58:00,38359.99
MTBKSC,2025-12-28 18:57:00,10392.05
WCCUWN,2025-04-07 13:10:00,79336.96
BROYDE,2025-05-10 22:19:00,49059.51
QOZXGZ,2025-09-30 21:56:00,38216.55
VRKBJM,2025-06-07 23:26:00,72226.53
RYCCIE,2025-02-15 03:40:00,55680.28
PXPXXY,2025-06-26 04:17:00,71883.17
KCMJRC,2025-07-23 22:19:00,3590.67
XXCWEK,2025-03-28 15:00:00,11912.1
IHXZUP,2025-12-23 13:33:00,41349.49
RPHBVL,2025-05-28 23:27:00,18698.35
FHYJHQ,2025-07-11 05:45:00,15358.55
XQTCNN,2025-09-07 05:32:00,90260.46
SSFMHI,2025-08-19 18:52:00,22556.75
ECLTCF,2025-04-13 01:47:00,19811.1
ZRUQWT,2025-04-09 08:57:00,83188.63
EJISTK,2025-08-14 20:58:00,60446.77
TTSOLY,2025-11-22 05:05:00,29967.55
XGOHMY,2025-07-13 03:17:00,8912.14
IPYFBX,2025-01-16 18:15:00,46966.53
JKXDZJ,2025-12-11 03:00:00,8617.19
INFETZ,2025-01-04 21:37:00,75607.06
TUEHAX,2025-01-22 03:13:00,51054.78
AKEIUP,2025-01-04 12:38:00,50846.82
ECDRHW,2025-05-17 15:30:00,72635.87
IXJOLL,2025-11-06 13:21:00,37112.23
XIBGDH,2025-06-25 10:52:00,25042.93
HJTKKU,2025-07-04 21:25:00,37816.08
TOWHSF,2025-01-30 11:55:00,33383.48
QMOJRI,2025-02-21 00:29:00,83089.82
OTNIFG,2025-07-25 23:53:00,84693.29
PKLLJK,2025-03-13 00:38:00,14306.3
QNUMVK,2025-09-29 08:44:00,72132.46
CBFCPX,2025-05-08 11:28:00,59888.36
KQPNXK,2025-12-04 15:32:00,41007.65
ANOBFO,2025-04-07 00:40:00,91094.34
ISPTEP,2025-06-14 00:40:00,36138.92
ZZRZTD,2025-01-24 23:20:00,65369.51
ESDKCA,2025-04-30 19:31:00,39815.2
EDNVMJ,2025-11-10 02:22:00,42368.3
UTUUWZ,2025-09-01 21:54:00,67353.98
IWXGJG,2025-02-21 23:24:00,30035.39
UPDHRC,2025-04-10 22:09:00,83027.0
PJGDSY,2025-10-20 22:32:00,5920.61
NAPKUK,2025-09-12 02:19:00,79576.58
UUMWKF,2025-10-08 14:10:00,85469.59
GDFTFB,2025-03-01 15:42:00,52741.45
FZGDPN,2025-05-05 06:10:00,72299.23
LWDDSF,2025-12-04 22:05:00,12703.21
MPRESI,2025-01-15 05:59:00,88465.0
AGBIQU,2025-07-16 08:14:00,69164.1
XWZXCZ,2025-12-07 15:57:00,64695.32
DKJMXJ,2025-12-07 04:59:00,52177.98
SEYGCW,2025-09-09 02:50:00,66644.18
JRNRNH,2025-04-25 18:49:00,87993.97
IGZXYV,2025-02-03 20:21:00,37684.95
JXWJMM,2025-07-15 20:41:00,75227.53
GZGCCC,2025-08-12 07:14:00,26836.64
ITVZEH,2025-05-29 02:07:00,11200.83
DJMGIU,2025-10-31 06:47:00,89664.71
NUKZNV,2025-10-21 11:08:00,81506.39
TLVGGI,2025-07-14 18:47:00,3154.42
FTKTEB,2025-02-01 18:34:00,20466.91
XVRHAL,2025-07-18 13:20:00,73957.84
TYUSOB,2025-12-14 04:33:00,64064.34
MEQPYX,2025-10-30 07:06:00,39368.74
LKOUDL,2025-10-03 14:20:00,16312.47
EKHOUN,2025-06-01 07:31:00,65558.24
XYJRPC,2025-03-17 19:18:00,16420.1
KSHMBC,2025-12-07 22:02:00,58096.99
UAJASN,2025-06-08 16:44:00,14358.69
AGXNEV,2025-12-28 18:30:00,61059.09
UDTIHN,2025-04-21 15:18:00,67780.92
JUQEHY,2025-07-12 01:51:00,33649.3
ULDIVI,2025-04-18 23:59:00,77558.52
WRXURP,2025-12-25 23:03:00,87930.52
ZSQNEM,2025-04-02 15:46:00,39046.32
PRJTOT,2025-12-04 05:01:00,53410.75
XSTNST,2025-06-22 13:43:00,46554.79
FUEWJY,2025-06-28 12:25:00,9607.74
URSHKR,2025-05-25 09:44:00,87921.87
IYZWXZ,2025-12-25 17:25:00,11953.4
JSCSTF,2025-06-15 18:55:00,77066.6
WCPQVE,2025-12-30 09:29:00,63226.33
NMIRJS,2025-10-23 04:28:00,67027.91
RIGNVL,2025-05-30 04:13:00,23068.56
PPDQHO,2025-04-11 23:41:00,3840.19
OODGAV,2025-10-22 03:43:00,75265.93
TEGRXI,2025-03-17 12:27:00,65508.96
AJKAPE,2025-03-28 01:06:00,35713.71
EPMWSU,2025-08-31 05:03:00,13795.91
SPDXFP,2025-09-21 20:21:00,57592.1
KOIVUC,2025-03-18 20:46:00,40167.45
LALCZY,2025-01-18 03:15:00,39491.32
FLVSCA,2025-06-04 22:38:00,90819.09
TKMGVS,2025-12-01 23:24:00,74378.18
DPIHFI,2025-12-10 21:05:00,74551.23
GDRMZH,2025-11-29 12:17:00,61174.68
VKUDPQ,2025-08-16 11:00:00,14040.04
TLAVVY,2025-02-12 03:31:00,62009.66
SKRWML,2025-09-18 07:01:00,56990.25
NOZBGU,2025-10-21 15:17:00,66822.78
FZQGLI,2025-02-18 18:11:00,38324.31
EUPAQY,2025-11-27 22:27:00,30449.43
PCWRVT,2025-03-06 03:20:00,8841.84
LUKAQP,2025-10-03 05:25:00,77783.85
XSPDQH,2025-01-11 12:35:00,78206.58
DTKZRG,2025-09-29 15:04:00,50738.9
TXTSHO,2025-10-27 17:45:00,78332.14
SXNOOI,2025-11-30 03:48:00,72274.91
EJDVMX,2025-12-04 03:11:00,82304.32
ASJEWI,2025-12-22 05:00:00,54034.4
ZQNWPR,2025-06-10 03:02:00,14851.07
WMYFHC,2025-04-16 20:10:00,11079.53
HTXEKH,2025-05-12 01:05:00,93153.42
DJGMKI,2025-09-17 09:23:00,91897.41
JKUHCH,2025-03-29 13:42:00,3007.87
RNTLFF,2025-06-03 01:33:00,86225.0
GCZDDI,2025-05-31 21:34:00,43932.67
GADKDJ,2025-10-23 15:44:00,31790.12
DRZTUB,2025-06-30 19:34:00,49974.31
ZQAVNL,2025-12-19 03:42:00,78418.22
ECBWSE,2025-05-02 01:12:00,16033.39
IDEECS,2025-04-21 04:38:00,53790.5
ALXIXP,2025-10-30 11:17:00,14821.27
UPAXYC,2025-11-15 13:04:00,53586.07
YYFRQI,2025-05-14 12:41:00,86136.71
IPWHLI,2025-07-24 14:05:00,89916.12
ZHIUOA,2025-12-13 13:44:00,16178.44
WBTDRU,2025-04-15 02:40:00,70406.09
IBIYOP,2025-11-21 22:41:00,20721.72
DWJRMU,2025-07-10 18:42:00,62594.94
WHCZQA,2025-09-19 19:10:00,41611.16
NXBPNE,2025-03-20 10:50:00,42893.7
GMCCMR,2025-01-14 19:15:00,10132.26
TDPVCZ,2025-03-05 17:07:00,65926.09
COINWX,2025-07-28 02:21:00,61896.33
DIGSOU,2025-07-05 10:49:00,28139.28
KUKMXR,2025-04-26 08:00:00,12011.11
UPTJQH,2025-04-24 12:06:00,75011.49
OATRDJ,2025-03-05 05:33:00,70006.12
LVLORB,2025-06-06 18:52:00,77225.43
JFDWPQ,2025-02-18 16:22:00,67441.91
YYHUSA,2025-05-25 17:17:00,58886.96
AJTYLW,2025-01-25 05:20:00,90078.95
IEPOTT,2025-07-19 05:22:00,77159.82
JZDDJA,2025-12-14 17:35:00,57704.76
AJHIYP,2025-07-26 15:37:00,14736.64
QNVPFC,2025-01-05 21:32:00,68616.48
XFIUMD,2025-12-03 04:09:00,37849.66
RYRMMC,2025-05-17 01:58:00,69738.57
EMZWLU,2025-07-09 22:49:00,25918.27
QJNENV,2025-11-08 13:45:00,45116.37
TANMVH,2025-08-13 11:51:00,46117.26
VWEPSM,2025-05-27 08:27:00,50894.71
TNZPJU,2025-04-28 09:40:00,81928.78
XSYDIP,2025-06-06 13:49:00,31771.8
WTQXGF,2025-02-16 20:05:00,10055.78
DGZUEW,2025-05-03 02:10:00,55929.14
UNXUAC,2025-02-13 23:18:00,53982.7
KOVJBQ,2025-09-10 00:27:00,65287.04
JLLUAS,2025-03-11 15:31:00,50381.06
JMVOYK,2025-12-13 17:44:00,14471.63
PFJPRV,2025-01-08 19:12:00,86801.55
QWFUPV,2025-01-04 22:27:00,67638.44
FDKUYW,2025-06-26 07:47:00,63828.02
KIUIFL,2025-09-28 21:38:00,6896.75
IPDHCE,2025-08-18 05:43:00,88577.05
QDWAAI,2025-09-26 07:11:00,9911.26
OOETJA,2025-03-10 16:22:00,90628.49
NGDXDN,2025-08-05 15:24:00,18684.52
OQNEQF,2025-02-27 10:58:00,65473.81
BAIJAA,2025-10-04 03:18:00,30524.38
BHURIS,2025-05-31 08:13:00,3205.56
BGSRBZ,2025-11-20 18:25:00,23006.61
LGGHJP,2025-06-06 20:32:00,78966.92
MNHQWR,2025-01-19 14:57:00,59832.88
YZFXZD,2025-09-07 01:22:00,3541.98
KPSOTR,2025-08-24 10:19:00,35558.13
FPPWCF,2025-01-03 11:56:00,69463.89
ZYYJED,2025-07-25 11:00:00,12323.08
OASKFF,2025-09-09 06:05:00,51676.88
BPYVKG,2025-03-20 13:07:00,87006.04
HCONSK,2025-01-04 04:49:00,63410.28
ERCERR,2025-04-26 15:25:00,37436.47
IKQCLU,2025-07-06 13:57:00,19760.75
BNLJWT,2025-05-18 03:28:00,63377.73
ZETKKP,2025-08-13 05:08:00,35543.88
KYRIVY,2025-08-11 00:22:00,84289.02
WVIYSU,2025-12-30 06:07:00,20440.17
FGVWDG,2025-01-21 04:25:00,41737.13
BOEVMX,2025-06-19 01:10:00,64290.84
NMZXUB,2025-09-03 21:17:00,13928.89
ORYCFO,2025-09-08 17:31:00,76583.45
WJYBLR,2025-03-07 10:48:00,73324.13
LQYFXN,2025-07-24 16:46:00,87967.64
SZPTEF,2025-07-19 04:07:00,91106.43
RJYTYO,2025-01-11 04:09:00,34659.09
JVYUXG,2025-01-07 21:15:00,7787.66
FATCXW,2025-06-25 13:38:00,70843.7
RGIFLB,2025-08-11 15:18:00,28964.55
CJJGAG,2025-02-12 13:15:00,59820.41
BFWJFM,2025-09-19 05:15:00,28864.77
MYUYAS,2025-02-28 08:44:00,25756.6
AYXFUJ,2025-08-08 06:30:00,67994.4
PKHKRY,2025-02-22 22:46:00,49214.72
KIRTRF,2025-04-03 06:54:00,57390.05
JEKBRA,2025-11-21 04:14:00,14082.43
TEYEXQ,2025-07-25 01:17:00,94116.69
PUOFMN,2025-03-16 13:01:00,59715.0
MDGITA,2025-02-16 01:24:00,40471.34
ZVNYZV,2025-06-06 22:40:00,93171.44
CVBPMI,2025-04-24 10:27:00,47085.96
TUMSME,2025-09-19 13:41:00,7752.3
ULZUSV,2025-02-26 08:23:00,28811.15
SOFKYP,2025-06-29 22:26:00,25721.11
UYRYZX,2025-01-25 05:02:00,3049.31
HKMLIL,2025-12-05 23:20:00,22501.93
RXJBUD,2025-08-30 08:58:00,58800.01
TNCZSS,2025-08-09 05:16:00,90246.19
EYYARF,2025-07-06 10:19:00,13260.63
IOTPQQ,2025-12-09 00:43:00,53762.68
JTBYYE,2025-03-08 10:23:00,71198.87
CMELZI,2025-07-05 23:49:00,57179.82
GSAICY,2025-11-06 11:15:00,62822.85
XSZIMO,2025-04-18 18:24:00,11025.27
FGXPQQ,2025-02-24 04:40:00,71318.04
WKPNCK,2025-03-03 01:37:00,92086.38
PRPZWV,2025-12-02 06:12:00,67828.72
YBGAGQ,2025-02-20 02:34:00,59948.95
OGVHJL,2025-06-04 23:30:00,94047.3
SKOCXZ,2025-04-14 17:46:00,17137.86
DXRLSG,2025-03-07 06:26:00,53645.6
JWBEGS,2025-05-10 17:22:00,85332.0
AFHUJW,2025-08-18 20:45:00,13803.46
TVDYNH,2025-08-12 02:30:00,41548.38
EWEGCU,2025-09-15 00:10:00,58122.14
SCUETC,2025-12-23 04:18:00,7180.96
ZTHBVP,2025-10-17 01:50:00,92467.61
GRZKVP,2025-04-08 23:52:00,39569.43
HLJKVJ,2025-12-17 17:55:00,50240.87
BDOZZO,2025-02-08 05:28:00,72066.96
LLOQBZ,2025-07-16 17:49:00,38902.71
BVNMCL,2025-11-07 08:13:00,19934.1
BYATNN,2025-03-23 18:13:00,57474.37
RWTZYE,2025-01-05 16:29:00,49351.23
KGZILX,2025-09-26 08:19:00,81427.71
UMDHQQ,2025-06-01 22:17:00,53797.88
FHOUMY,2025-03-29 07:02:00,52088.05
NZLHWW,2025-05-30 01:40:00,16628.83
DNLRTZ,2025-05-23 04:17:00,83351.22
TNLFRI,2025-01-27 20:15:00,94037.34
UHPTHL,2025-04-18 17:07:00,3128.8
XSJGYA,2025-06-27 20:38:00,92444.11
MIKYBL,2025-06-16 02:45:00,84326.75
FOISPL,2025-05-16 23:08:00,40567.55
JKFSIL,2025-11-10 09:20:00,93644.04
UCNDWA,2025-11-17 00:52:00,35704.45
FIMYJG,2025-05-24 05:16:00,92387.63
PFARFA,2025-10-03 21:55:00,74593.11
TCFKFK,2025-10-26 03:46:00,71610.82
BYWOSC,2025-07-15 20:16:00,83042.37
ROISKX,2025-11-21 19:35:00,21966.63
DKVXXF,2025-08-15 07:20:00,27729.0
JGHKHR,2025-10-25 20:51:00,81956.36
XIXIWC,2025-07-22 04:28:00,24318.53
WUCINB,2025-08-11 11:09:00,85999.47
GVPWPT,2025-02-17 15:11:00,45263.89
CCQWFC,2025-04-01 06:36:00,48127.69
HXZPNZ,2025-04-03 20:18:00,4936.35
VLSWTN,2025-03-25 05:52:00,39266.15
OBKNIY,2025-11-08 06:04:00,16204.06
NNZDKW,2025-08-07 07:29:00,86640.06
IRMIKU,2025-07-26 03:46:00,51463.63
TSSKRG,2025-01-07 19:06:00,37764.51
RGIWYA,2025-01-11 03:52:00,4246.79
DRPISI,2025-11-26 01:08:00,25847.55
PJTUPW,2025-02-12 08:09:00,89351.05
RZFJKO,2025-11-04 00:50:00,91905.19
ROAYCE,2025-02-24 17:47:00,78279.49
OYXFZG,2025-12-29 02:12:00,15809.17
VRSXDF,2025-10-16 14:52:00,18009.29
ULAXUF,2025-06-19 15:09:00,25430.41
UDOQSW,2025-10-06 22:17:00,60728.7
EYIZNB,2025-03-05 00:52:00,7096.38
NFRUSV,2025-10-06 09:06:00,50061.9
JKIKFY,2025-08-01 04:00:00,86919.36
VRWDCG,2025-01-13 07:27:00,38455.24
OYDBHK,2025-06-30 20:18:00,23781.36
CDABMS,2025-12-17 12:43:00,84348.6
IPTKRF,2025-02-27 15:10:00,94150.66
PXQFXQ,2025-04-25 03:18:00,35872.33
PKDZOT,2025-11-12 10:07:00,36165.4
USWOBP,2025-02-13 01:38:00,16901.47
FTGANE,2025-08-08 16:21:00,58164.26
EILOHR,2025-12-14 13:09:00,85166.81
CAASVH,2025-12-18 09:39:00,78215.75
BSIEEO,2025-06-28 03:17:00,87293.56
YFUZGG,2025-12-05 11:59:00,27416.89
UXTIYX,2025-12-31 02:50:00,3200.45
WIPRJE,2025-03-18 20:09:00,32463.55
HKANPK,2025-07-19 14:46:00,76310.27
CWUNOV,2025-09-02 02:07:00,56161.54
JANRCN,2025-05-23 04:05:00,32720.91
FGIWHL,2025-03-07 05:49:00,38421.6
UYWBUY,2025-06-13 15:27:00,47278.55
IPRPFP,2025-07-31 19:50:00,61567.59
JMMUMS,2025-03-12 20:58:00,25623.55
XSBQTN,2025-08-03 17:31:00,52564.75
HMGMVZ,2025-09-10 17:34:00,78569.19
SPDYYP,2025-07-16 02:37:00,68772.74
FYHPFO,2025-09-27 18:49:00,66801.9
MEHAXU,2025-04-23 22:05:00,24637.76
IYKAXI,2025-01-02 06:54:00,4578.23
RLWEXE,2025-10-13 15:08:00,87723.18
BLEAQN,2025-01-31 11:23:00,81085.14
CDYZGS,2025-03-13 09:29:00,16260.9
OTGXAB,2025-10-10 13:15:00,22387.84
SZFOII,2025-04-25 01:47:00,15677.72
NJRFTF,2025-12-23 22:09:00,37726.39
GNZJIU,2025-01-14 22:27:00,37194.95
ZLOWPR,2025-12-26 03:42:00,56507.85
PETSBU,2025-09-02 19:55:00,17551.93
PDPFBH,2025-03-17 11:09:00,10267.38
DNMDTQ,2025-02-09 00:36:00,79458.26
VQVLHA,2025-08-02 04:48:00,19783.06
TISAKF,2025-03-13 23:33:00,67267.88
WHHYUQ,2025-06-03 15:26:00,69475.28
KXIVXR,2025-08-16 20:44:00,4215.27
UHXBVZ,2025-02-26 04:03:00,84066.46
BRHEQT,2025-01-17 19:48:00,18969.38
KOEFDG,2025-03-24 00:25:00,79606.57
XDFKKX,2025-12-15 14:35:00,68449.42
KQXGKR,2025-05-13 18:32:00,31155.12
UHOVGA,2025-04-27 13:59:00,17425.66
CAPCEX,2025-02-17 16:24:00,92969.22
YJLCJZ,2025-03-06 23:13:00,39837.02
TVPAOU,2025-01-29 07:25:00,19899.83
PAUURE,2025-10-14 19:53:00,10103.25
KXHGRD,2025-12-21 14:30:00,31813.45
LOZHCZ,2025-11-25 12:52:00,38003.25
EDSXTU,2025-01-28 11:41:00,42028.41
FJDAXM,2025-05-19 03:06:00,10158.39
SKYTVN,2025-11-05 10:01:00,25036.75
PDXLFX,2025-03-25 17:06:00,9009.36
XMUIWY,2025-11-02 00:48:00,86691.21
PJAABO,2025-04-07 17:12:00,61731.78
IWOSAV,2025-01-17 07:17:00,10823.62
AWQYVU,2025-10-19 18:02:00,54864.02
TGNHPA,2025-09-05 01:03:00,31941.39
FDJTRF,2025-06-08 00:22:00,72154.51
COHASX,2025-07-23 16:12:00,31931.46
DVFLGG,2025-07-20 23:22:00,92594.27
IOZELK,2025-12-26 21:06:00,33481.27
DBQIPS,2025-09-15 03:32:00,77289.48
QUZZSV,2025-03-18 00:37:00,76238.38
UUCROE,2025-09-02 18:55:00,81386.49
MIXXLG,2025-05-29 05:09:00,65778.41
JGKCDU,2025-02-10 20:05:00,90659.28
AHIWXN,2025-04-29 06:51:00,65694.3
CTDQHF,2025-03-14 22:10:00,94394.33
KZRTTS,2025-09-14 16:46:00,59003.98
MCNUJF,2025-09-25 10:28:00,75252.37
TPWZGD,2025-06-23 09:23:00,60359.31
RTQLBZ,2025-08-09 01:57:00,68574.15
CJVJPG,2025-12-16 12:15:00,22211.5
DGZYIH,2025-11-09 19:04:00,91137.44
ADXOIM,2025-10-18 20:31:00,11961.36
ZXROPF,2025-01-08 04:49:00,83082.09
LLQEBE,2025-10-08 02:31:00,11658.49
MPCZIF,2025-06-10 05:59:00,30195.95
ZVHCDD,2025-02-04 08:36:00,36426.2
KKBUZF,2025-02-15 02:11:00,68380.26
BYRBLW,2025-08-24 08:30:00,93020.51
NLRRCJ,2025-08-15 20:59:00,15921.15
CNNNPP,2025-03-05 18:31:00,6642.52
SFAJED,2025-05-27 12:26:00,81844.09
FRYIAM,2025-12-15 04:28:00,36739.37
PZHPOZ,2025-11-16 10:23:00,10681.13
IYBYYT,2025-07-31 16:28:00,27180.12
WEIYFW,2025-12-16 01:39:00,92923.71
KGUYRL,2025-01-30 23:50:00,25523.14
BUMOBZ,2025-10-15 00:09:00,81481.5
XRDZEH,2025-05-29 12:10:00,55452.3
WXLOKG,2025-02-07 07:24:00,83422.62
PQPRIY,2025-12-09 02:22:00,45860.74
VDWOKZ,2025-11-25 17:57:00,78282.66
YWLLPL,2025-02-25 02:11:00,70323.59
UZVSWL,2025-07-23 13:12:00,39939.88
BTSWKK,2025-02-03 10:21:00,94672.32
JKMZFI,2025-09-06 06:44:00,71198.2
TLFCFD,2025-02-28 08:29:00,6521.98
OMOBHE,2025-03-21 15:09:00,61899.91
AVNMZI,2025-06-13 18:02:00,93878.59
VTLZUD,2025-07-14 01:59:00,77385.09
BJLTJX,2025-08-09 15:13:00,7975.13
HHXEXT,2025-01-12 21:27:00,27826.03
QZLGVT,2025-11-22 05:05:00,16039.89
UIKUBY,2025-05-21 12:05:00,30446.99
OFPULT,2025-12-31 14:55:00,41614.41
JSNYWO,2025-04-20 21:57:00,26869.14
QLLYTU,2025-01-28 02:57:00,85951.04
SSILUA,2025-06-25 09:10:00,21271.69
SKZXKC,2025-08-03 15:30:00,52266.58
LMUZNO,2025-03-24 22:27:00,35631.7
OKGFJV,2025-12-21 18:24:00,78717.44
VEPWUK,2025-10-15 19:12:00,10158.4
OFTQOU,2025-12-08 18:39:00,16304.79
VCAQNP,2025-12-07 23:47:00,78921.61
SEWQYG,2025-06-12 00:09:00,85478.1
UADYCU,2025-03-17 15:55:00,32109.52
AKAFYW,2025-12-12 13:16:00,50903.64
IYGEYK,2025-01-02 14:53:00,81868.57
PWROKC,2025-11-21 14:40:00,92190.09
EZCSBU,2025-02-19 01:13:00,71605.09
QGEVKY,2025-04-07 13:44:00,53239.93
KUEJFV,2025-03-27 19:24:00,22884.63
MNETBB,2025-04-18 06:43:00,56068.95
PKMBKD,2025-01-08 11:52:00,36469.09
GVNMAS,2025-06-04 09:32:00,78352.74
JUUIQQ,2025-03-05 22:31:00,62699.87
STPGDZ,2025-08-22 13:26:00,35359.07
KJFJDX,2025-10-05 13:33:00,92614.45
ABFSQO,2025-06-21 03:59:00,19174.87
MEMGBN,2025-08-08 11:11:00,53853.33
KOSFEH,2025-03-25 17:27:00,38103.83
TYZEFQ,2025-12-04 22:43:00,43249.42
QFPIYL,2025-05-26 22:39:00,89286.94
XYXLCC,2025-02-20 02:51:00,80025.58
QCDQOR,2025-02-15 20:01:00,59695.95
KDJWSQ,2025-07-30 03:31:00,71994.82
GFQWZI,2025-11-16 17:06:00,61284.31
AWLOJD,2025-09-15 18:51:00,6002.47
YHAIRE,2025-05-29 13:13:00,23504.9
KPETFZ,2025-08-21 17:24:00,13534.1
TCGKHZ,2025-08-29 03:22:00,92020.68
KRNJHW,2025-08-26 13:58:00,78478.45
CLKNZM,2025-12-27 23:25:00,3699.67
ICBFRB,2025-07-11 07:32:00,29091.61
MOJMQU,2025-12-04 08:19:00,80140.54
UZEFYJ,2025-08-01 21:15:00,3382.5
ZJURHD,2025-08-01 01:00:00,5414.71
AYSNLH,2025-07-11 16:52:00,71194.58
YAHAJJ,2025-06-12 10:10:00,91242.77
KLLWGG,2025-08-09 07:35:00,92561.11
KXGYSI,2025-04-09 19:41:00,39185.23
WAQYPF,2025-01-27 18:27:00,14856.08
KMECLR,2025-11-22 12:46:00,18981.99
ZJNMRS,2025-06-12 16:10:00,43240.95
ZCZVSP,2025-02-20 22:51:00,14622.39
DVERXB,2025-03-02 20:36:00,75153.88
VYTTRF,2025-11-18 08:53:00,53867.31
SRGOIT,2025-06-15 06:05:00,11580.42
VCXURU,2025-08-12 00:40:00,73842.97
AMPFMC,2025-03-20 00:39:00,68096.98
NAVFWH,2025-02-10 18:24:00,5326.67
XDGYKE,2025-03-08 14:40:00,61098.16
TTGZIX,2025-07-03 05:15:00,63032.09
HKBLMM,2025-04-24 09:12:00,52258.38
DPCDDX,2025-05-06 23:49:00,77252.96
TMRXDG,2025-07-13 08:42:00,7760.9
ZOHRBP,2025-02-12 04:40:00,5128.96
XFMCLE,2025-10-24 03:07:00,45239.75
LJWWKQ,2025-11-02 03:06:00,16048.86
VSFSBY,2025-05-15 05:05:00,10119.09
DKKXNO,2025-07-05 06:25:00,12261.8
PORNRP,2025-01-12 13:04:00,47759.59
AGBXXR,2025-11-17 02:13:00,66234.95
AEIPLM,2025-07-12 10:40:00,86563.82
ZAOQMZ,2025-03-24 05:19:00,3932.91
TTTPRB,2025-04-02 21:36:00,61071.63
YWDQND,2025-01-17 03:21:00,94424.04
TRHNZL,2025-09-05 19:38:00,53276.41
GAGQXJ,2025-03-23 16:47:00,26414.09
PMMSTR,2025-03-04 06:38:00,5719.08
GEEVRO,2025-01-12 16:32:00,73008.41
URQPTP,2025-04-21 11:07:00,85668.66
TMJHWP,2025-01-16 10:08:00,23218.02
DZZZMZ,2025-12-21 04:17:00,28177.32
QURIUB,2025-04-13 02:22:00,68143.69
PFSQAZ,2025-11-30 09:29:00,71557.89
YVCLTK,2025-09-11 13:32:00,90063.8
MVUTOR,2025-04-09 08:11:00,21204.63
IOYEQW,2025-05-24 12:06:00,56695.64
GTKQJL,2025-10-28 09:10:00,76057.16
SGEIVQ,2025-09-07 13:56:00,44046.51
UZJWLR,2025-11-02 23:17:00,78062.08
VPFOWO,2025-11-15 03:38:00,38240.22
VTAYVX,2025-04-13 18:22:00,37404.36
QLSDHE,2025-11-20 02:28:00,18386.91
DOLLNE,2025-01-18 16:16:00,56991.97
EMGHRY,2025-05-31 19:52:00,83707.19
HTADJI,2025-09-29 11:25:00,5754.48
MVAKDJ,2025-04-03 10:27:00,75762.47
UTLXFF,2025-07-03 07:04:00,22796.94
VOLUOD,2025-07-10 11:09:00,74715.34
ACRNWX,2025-03-04 00:20:00,66322.9
KKWKFY,2025-06-18 06:29:00,55207.17
WXFINB,2025-06-14 07:35:00,9093.63
OBZBEY,2025-05-26 19:13:00,51508.14
ACIMUX,2025-02-22 17:17:00,68896.44
AUWHMB,2025-12-10 02:36:00,85125.09
RAOUPO,2025-08-04 21:48:00,43038.91
SWTIGY,2025-06-13 06:12:00,7568.7
GLTKEC,2025-09-10 15:02:00,94103.89
TSDUHM,2025-08-04 03:07:00,44656.23
HVBRIV,2025-11-04 10:37:00,38222.89
FWWMKZ,2025-10-23 00:18:00,4640.94
ZBOOUI,2025-10-22 00:58:00,45483.01
NUBLGK,2025-03-09 12:02:00,85416.32
HXTPYC,2025-09-28 01:21:00,62319.36
YOQXIN,2025-02-05 15:06:00,79346.22
DMDQGP,2025-08-01 23:19:00,28269.97
BDSHAC,2025-06-27 12:05:00,54193.42
YHJQES,2025-06-10 15:39:00,7330.69
JNSROA,2025-06-02 22:29:00,48386.97
TAQGQH,2025-11-25 03:53:00,37399.36
RNMSIA,2025-11-13 03:01:00,23609.32
GGUNHS,2025-01-06 04:06:00,94405.71
HYGFMM,2025-12-19 23:27:00,23823.4
MXQHMW,2025-02-15 06:46:00,86009.44
TASKCJ,2025-07-08 17:00:00,88938.15
FNSEVP,2025-01-27 08:56:00,75214.85
AAQFHK,2025-02-26 01:19:00,9903.88
QFJFXG,2025-06-18 22:39:00,75829.76
EUUGQP,2025-07-14 08:44:00,18671.15
ODSQDD,2025-03-12 18:29:00,14030.93
GLCSXZ,2025-06-13 04:48:00,56739.99
RUBVHG,2025-07-31 20:28:00,64477.64
WCAIQP,2025-09-25 16:15:00,56165.39
KVWCNR,2025-12-05 15:17:00,32615.85
UFXVLH,2025-09-05 07:05:00,27270.71
ZZDRYS,2025-06-01 22:05:00,35476.89
EZAPZK,2025-05-05 21:41:00,70644.68
HISUDK,2025-04-16 22:04:00,9913.29
GALEZK,2025-09-11 01:13:00,4207.79
RCLNYX,2025-04-21 14:52:00,38425.54
WNBRUI,2025-09-07 03:21:00,22196.85
EFHACC,2025-10-30 16:32:00,81978.21
EQPUAT,2025-06-09 22:29:00,63286.62
RHXVKU,2025-09-16 03:58:00,14965.57
KOQVHH,2025-07-06 12:28:00,82843.01
SSNGBQ,2025-09-20 06:49:00,39818.85
UPEWQR,2025-02-05 08:27:00,18106.06
PYJJND,2025-06-07 18:41:00,12389.92
APKGEF,2025-08-25 03:47:00,13138.32
KEWFUP,2025-01-09 14:11:00,27541.61
VRDGOJ,2025-09-01 21:33:00,44642.96
PYZPFD,2025-05-16 03:59:00,53627.99
CZKCFF,2025-07-01 13:13:00,16857.04
CUHFVP,2025-09-15 13:32:00,33704.03
BGZACJ,2025-08-14 08:23:00,11998.77
JAFYMN,2025-11-29 12:46:00,88377.84
OTGJNP,2025-04-10 09:12:00,40047.67
QDVXDO,2025-11-01 08:33:00,58885.23
DVJXNM,2025-09-23 13:06:00,65666.77
ETQXTC,2025-11-27 07:07:00,23201.34
HGWQOA,2025-01-28 01:36:00,27488.4
VWOZSJ,2025-02-03 17:06:00,28342.27
HXSGCK,2025-11-14 22:45:00,40219.46
FITVUA,2025-07-21 03:14:00,70521.04
GQNMMH,2025-12-21 08:31:00,21924.89
ZNDYMT,2025-04-15 11:40:00,29495.31
VGWACO,2025-11-02 09:46:00,3285.83
RLHXCD,2025-04-05 16:58:00,67443.35
QLGIFA,2025-09-02 23:19:00,81435.88
HVDJBL,2025-12-19 07:10:00,31990.35
EGXLSL,2025-02-05 05:11:00,33558.29
LUIGYQ,2025-08-22 04:00:00,64274.89
MMUGYA,2025-08-08 10:01:00,19331.38
MSWPRZ,2025-05-16 02:10:00,65486.67
VSCZII,2025-01-05 19:22:00,92197.82
AMSVGT,2025-10-26 00:31:00,83336.11
SJUTVJ,2025-08-30 03:02:00,78341.23
ONMNNT,2025-10-18 21:18:00,79853.03
SRWRIT,2025-09-26 16:10:00,72459.31
PLGISO,2025-02-18 03:19:00,76958.12
UTHWWJ,2025-06-21 14:31:00,70602.98
ELKQTA,2025-10-07 08:42:00,47757.38
RVISBZ,2025-07-06 14:00:00,79152.95
AHGBYJ,2025-06-04 22:21:00,85006.26
DQDMRW,2025-12-06 19:30:00,13374.02
YKSRQJ,2025-12-18 16:46:00,61861.63
DSYSNW,2025-03-17 13:54:00,23263.52
ICWCGN,2025-03-14 11:31:00,5843.23
RVJOVP,2025-10-23 23:44:00,92542.73
JYPGYY,2025-07-04 06:47:00,11213.21
ZSSSQD,2025-07-13 20:06:00,91821.68
YYAYRU,2025-11-17 21:34:00,85728.37
JDAVQM,2025-08-19 16:11:00,27408.46
NXCOOT,2025-12-14 11:56:00,33470.0
TPXWLI,2025-10-29 13:17:00,31457.74
VMMXUM,2025-01-22 18:33:00,67568.88
SCLREL,2025-11-10 03:27:00,76170.63
LVGHYC,2025-10-18 11:18:00,13137.53
BRJQIK,2025-01-05 15:59:00,66068.46
LQAVDT,2025-08-27 21:09:00,51133.13
JCJUMD,2025-05-29 19:35:00,64117.47
XONQTF,2025-06-05 15:18:00,8944.72
YKJWEY,2025-05-31 00:29:00,6767.68
TUHOLH,2025-05-25 18:07:00,7893.78
EYGKAI,2025-06-06 00:27:00,35407.51
IZFWON,2025-01-01 01:16:00,15670.13
QVVXSN,2025-05-26 16:42:00,91184.23
WNHEJW,2025-10-15 04:05:00,68614.13
PAHQWC,2025-03-15 23:12:00,42748.67
PPNNPC,2025-02-11 09:14:00,5956.58
RUYYHY,2025-07-01 07:51:00,65422.03
QIUSBH,2025-07-17 13:25:00,91955.43
XXGZGC,2025-02-20 08:58:00,30786.08
FCSPMU,2025-06-09 05:36:00,43095.1
GFGKXI,2025-06-15 18:08:00,65865.55
IAOENQ,2025-04-13 08:08:00,41300.73
OXNRBG,2025-04-13 09:19:00,10875.01
NISVXB,2025-10-18 20:29:00,53216.42
PEVRJB,2025-07-12 13:06:00,15752.11
DTVCFE,2025-08-15 22:20:00,49351.0
DLYQJE,2025-12-17 22:22:00,46090.86
KOQAYC,2025-08-07 14:26:00,91453.12
OZBUBY,2025-08-25 00:58:00,54419.64
RHIAPU,2025-08-04 02:48:00,15933.87
NEWVLC,2025-06-04 07:37:00,50123.03
SEWGGS,2025-03-07 19:34:00,85791.94
YRTMFS,2025-05-31 01:48:00,80749.88
WCYZQB,2025-03-06 12:42:00,3547.66
EKIOIV,2025-09-23 14:53:00,7999.85
ZYZISO,2025-01-29 08:53:00,93727.96
JTRYUP,2025-02-24 10:38:00,11960.71
XAJJJH,2025-05-29 18:30:00,66534.55
CAKMZI,2025-02-01 03:47:00,56784.81
JFTNVV,2025-09-19 23:45:00,7877.86
UWNAPG,2025-04-15 16:09:00,54708.53
JKLONQ,2025-09-11 04:14:00,85344.82
MHLQZK,2025-11-24 04:19:00,60798.03
DWJDPJ,2025-01-04 15:39:00,66275.27
ESQEQG,2025-02-28 02:00:00,17078.03
MULFVW,2025-03-03 16:06:00,25742.96
IQPPGS,2025-02-23 15:01:00,79610.83
NEMUFC,2025-08-16 12:03:00,88196.09
VNQTSL,2025-06-03 12:30:00,93408.06
JKKXZU,2025-05-01 17:16:00,78595.15
BKAUPY,2025-12-15 14:54:00,63550.66
OTVPBR,2025-03-05 13:09:00,61530.14
XIRUVE,2025-04-05 04:52:00,71503.06
DCWXTF,2025-05-04 05:32:00,71233.15
JGLPMF,2025-10-07 06:30:00,47202.91
RIIMQU,2025-05-29 21:06:00,91236.41
OEUEBG,2025-09-10 11:42:00,28316.68
OBLLZX,2025-07-17 22:51:00,12874.9
LNCJQI,2025-08-02 13:09:00,5573.3
IEPXJX,2025-08-23 03:36:00,38827.5
ZOXLUS,2025-10-25 09:02:00,62350.03
IDGGFZ,2025-12-03 19:28:00,6922.13
XGAQPZ,2025-07-01 04:29:00,84183.03
NRKWGI,2025-08-23 08:00:00,93321.34
CKLKKQ,2025-07-03 16:54:00,82214.04
JVUEWC,2025-04-18 11:57:00,67972.66
OWFOEQ,2025-07-19 16:04:00,19053.71
XOCQNH,2025-03-19 11:41:00,69167.24
YXYEDC,2025-06-23 14:45:00,81997.08
CPUGTH,2025-03-13 08:50:00,73159.9
ORVQLI,2025-06-05 12:04:00,87286.72
KLYPYX,2025-11-27 15:24:00,91555.06
LPEHQY,2025-11-07 21:11:00,55995.58
OHZWWF,2025-09-17 21:33:00,26848.79
YEMAGI,2025-12-24 10:37:00,90877.9
CKOEGP,2025-06-28 18:39:00,79349.54
RNJLKX,2025-02-04 01:01:00,81386.87
MTHQOA,2025-03-23 07:06:00,64204.01
ZVUHER,2025-09-13 21:30:00,32776.66
EENLKP,2025-04-29 23:50:00,24768.78
ABPCIK,2025-03-31 23:57:00,38335.68
LKIOGC,2025-08-04 02:03:00,59295.13
KJDKQL,2025-02-28 01:54:00,71994.01
HZMKOB,2025-08-15 11:38:00,61079.05
UUQSFN,2025-01-16 05:20:00,12904.81
CMEEKO,2025-08-19 12:08:00,93976.12
AMJYLX,2025-10-21 17:12:00,21006.05
LNQGQK,2025-09-09 14:43:00,29320.22
URVDML,2025-04-14 23:10:00,42933.8
EOYYIG,2025-09-28 06:05:00,56553.93
BMHGRA,2025-11-19 21:06:00,21725.64
JMGLEN,2025-03-13 00:23:00,74243.48
MCYIGW,2025-10-18 17:55:00,9620.79
HFEQIM,2025-04-05 21:46:00,91112.41
IAXRPB,2025-11-25 16:31:00,20492.59
HAXCSH,2025-04-17 18:52:00,46583.42
BOZEYX,2025-06-30 11:39:00,85777.53
YWLZVW,2025-03-12 02:28:00,42331.08
SKGBIQ,2025-07-12 02:36:00,10189.23
EXOFSM,2025-09-22 09:06:00,13849.33
IAQMAT,2025-04-29 01:38:00,52729.5
VYAKHH,2025-01-12 07:52:00,89536.81
HAYPNS,2025-05-09 12:45:00,35927.28
ZUAXGJ,2025-03-22 09:04:00,52166.99
BPLQQI,2025-05-04 16:59:00,59234.76
BKXNRR,2025-06-09 12:39:00,8211.63
ZWNAJY,2025-12-24 03:37:00,46330.04
JELXJJ,2025-05-15 20:01:00,5969.27
EQTKWX,2025-08-04 08:12:00,33777.79
TZVIQH,2025-01-31 04:13:00,53332.04
VOCYSK,2025-06-18 21:58:00,83800.86
GNGZYV,2025-05-01 15:04:00,77120.91
ZJNSRT,2025-10-16 19:44:00,79820.32
DKYOAZ,2025-01-19 11:04:00,90391.52
FJEMBF,2025-11-03 23:39:00,88501.45
EQOXFM,2025-10-10 15:08:00,27886.77
CUYZNP,2025-01-22 03:02:00,48686.9
HSTMDX,2025-04-26 20:22:00,42699.43
LOFCAM,2025-06-05 07:01:00,88674.68
QZHSMC,2025-01-14 06:34:00,58948.78
YMGHSO,2025-07-14 21:43:00,70888.97
NKRCXP,2025-10-10 15:03:00,38615.48
PAKFRX,2025-07-13 22:08:00,42534.12
ZWQZZL,2025-08-07 17:08:00,13633.65
MHAVTE,2025-03-02 19:57:00,36829.2
FJSUJL,2025-04-10 10:27:00,87462.31
WWROMM,2025-05-02 07:05:00,57152.81
DZKAQL,2025-04-27 13:47:00,72236.35
AGGJEG,2025-10-02 18:02:00,94166.36
SVHZGQ,2025-01-08 23:15:00,77761.21
IYKQSC,2025-02-09 01:08:00,43347.14
YKEXPW,2025-05-25 01:20:00,35169.41
VXDRDL,2025-12-02 07:18:00,14933.89
BEHQEY,2025-07-23 15:42:00,14258.62
OYORSO,2025-02-09 02:16:00,89330.05
ZUAWHI,2025-04-16 15:45:00,70640.11
ASQPSF,2025-07-02 07:28:00,68608.32
ZRVVEJ,2025-07-07 17:18:00,82945.33
LEUWNK,2025-05-06 16:57:00,27613.24
RLVRMF,2025-12-24 17:32:00,12602.79
VMPVPQ,2025-06-27 13:45:00,90451.84
NOMPNW,2025-09-06 08:05:00,21727.05
JXGHFR,2025-03-12 16:14:00,31054.41
QFNAWI,2025-10-11 06:07:00,37259.88
CEXNUF,2025-03-14 01:15:00,67247.46
KRFLWG,2025-11-29 14:07:00,4958.65
RZOWKI,2025-01-18 08:17:00,57118.09
DHZBEI,2025-06-03 02:03:00,28676.51
CGWZRX,2025-11-09 12:31:00,4734.06
LDHSHD,2025-07-15 12:28:00,7086.23
USAARN,2025-04-16 12:11:00,63713.16
YLGUXN,2025-09-30 01:42:00,31073.62
QLJQPR,2025-10-05 11:59:00,5391.27
ENVXLF,2025-11-08 10:59:00,79190.5
BNASWX,2025-05-15 18:13:00,72667.2
XZRCLK,2025-06-24 23:53:00,60180.81
IKROGU,2025-08-07 23:59:00,70658.13
RZPJBY,2025-01-30 03:35:00,38706.17
MJZVJE,2025-12-14 09:54:00,94161.99
ZALAFI,2025-10-01 14:27:00,55679.43
OHIUUY,2025-10-18 16:16:00,17954.5
FTQJKD,2025-07-15 14:47:00,94320.4
ZGSKDN,2025-05-02 04:58:00,4396.87
QEOGCV,2025-12-16 08:05:00,94890.16
VQXXJJ,2025-10-05 09:21:00,55539.6
ZQWBAH,2025-01-20 19:17:00,36275.93
WRMMKK,2025-12-04 08:50:00,63078.86
PPILXS,2025-11-08 00:07:00,31234.35
WURGFX,2025-12-05 10:53:00,27335.61
VCFYNS,2025-04-02 14:29:00,4588.54
DOJKOZ,2025-01-05 14:02:00,91861.47
VAONKZ,2025-09-03 20:54:00,54207.97
EFKVOU,2025-07-29 01:37:00,89372.75
UPSTRM,2025-05-22 19:35:00,31890.44
PZRCXX,2025-02-02 14:11:00,26736.64
VLHCAK,2025-05-22 08:55:00,48533.46
LBIUPQ,2025-04-27 20:11:00,16514.96
QVSVFN,2025-11-13 20:03:00,24405.87
KZGGEE,2025-12-02 01:11:00,65968.61
JDBXZH,2025-08-14 18:20:00,6859.91
WFGQNJ,2025-04-27 01:45:00,94261.34
FPYTOP,2025-05-12 00:43:00,80733.64
VSCOII,2025-06-30 17:45:00,7115.44
HKBCQW,2025-05-01 11:06:00,10128.08
UEDIRJ,2025-08-16 03:32:00,10125.42
CISILL,2025-04-15 10:36:00,37165.06
MDOVOK,2025-12-15 13:04:00,62053.61
BHOOIT,2025-05-25 04:01:00,33041.73
WEIOZF,2025-07-04 10:26:00,85560.08
CTXAQJ,2025-07-11 15:18:00,60216.31
TAAHWI,2025-03-24 11:02:00,29760.28
WSEIAS,2025-03-18 18:01:00,12773.35
FWETAX,2025-04-19 10:32:00,68850.65
BZSMOY,2025-09-18 18:45:00,34652.85
AJXMAJ,2025-04-21 12:53:00,56607.13
BZPKTV,2025-12-03 23:09:00,38060.25
PYYOQF,2025-11-29 02:04:00,91193.52
BOPHWZ,2025-04-25 18:32:00,94798.79
NZSRRS,2025-11-19 17:46:00,41463.37
PVIZRA,2025-03-04 16:51:00,7731.7
MELISH,2025-08-30 21:33:00,50870.91
ODNCRS,2025-06-12 08:12:00,79912.82
NFMUBJ,2025-05-31 07:21:00,25362.75
DIBLGS,2025-07-05 07:29:00,31963.11
RITCUA,2025-03-01 22:15:00,43940.69
OFJAFN,2025-07-29 11:05:00,35382.58
VATYZF,2025-09-16 02:58:00,36331.32
XDSYCV,2025-09-05 19:14:00,44305.06
FWJDRX,2025-08-03 07:36:00,79159.54
ZEIELM,2025-03-06 17:15:00,74433.24
QYAHXT,2025-07-28 21:37:00,64263.04
PYXCPV,2025-11-07 08:50:00,29393.44
CMDVXG,2025-06-10 03:05:00,40582.26
HQNEYR,2025-09-16 04:36:00,48466.42
TUKOUC,2025-04-12 05:56:00,44774.36
VJHHQE,2025-03-27 03:26:00,27230.6
OTMXDQ,2025-10-11 22:59:00,46227.14
NHPOBU,2025-02-21 04:55:00,6134.96
AKYRLH,2025-08-09 00:44:00,18358.08
ZYPACL,2025-02-07 04:32:00,82752.96
YSESMJ,2025-07-18 13:22:00,14725.67
XXFPKF,2025-12-23 17:15:00,68502.48
FRNVWO,2025-03-02 10:57:00,78873.83
DDWPJS,2025-06-22 18:38:00,59729.92
IYGIFO,2025-01-24 02:47:00,87706.58
UJYPWW,2025-08-18 13:40:00,44377.34
ZCUMBS,2025-08-12 09:48:00,46893.76
YWUIQC,2025-03-10 23:11:00,69581.09
FTCJSI,2025-10-29 16:05:00,17007.59
SFMKLI,2025-01-04 18:37:00,37028.4
WUUDRM,2025-11-29 14:24:00,32480.19
JKEHJC,2025-04-01 16:46:00,57103.44
SQIXDA,2025-02-19 07:19:00,48383.0
XOGYUL,2025-01-25 18:33:00,85551.75
BNXXNP,2025-10-24 16:54:00,88380.01
UUEQIY,2025-05-27 10:24:00,32309.2
MHRFXJ,2025-04-02 04:02:00,77886.82
JNSUAP,2025-04-18 13:33:00,28599.57
UHGHQE,2025-11-12 10:06:00,34955.8
CILCMG,2025-03-26 03:18:00,28194.06
FMGCKP,2025-08-13 07:56:00,18577.51
YQFHNS,2025-05-13 19:48:00,12762.99
LQDXOM,2025-04-29 21:17:00,15972.29
TEANPF,2025-04-16 17:53:00,49800.23
FDZODX,2025-03-28 00:38:00,86033.8
JVAXYT,2025-10-04 17:51:00,20952.21
DNRHCU,2025-09-08 00:23:00,21688.97
ETENHG,2025-10-20 13:46:00,43923.87
GUOIYM,2025-03-06 14:18:00,87455.56
MHQPKO,2025-12-28 03:28:00,84776.94
LJVJAV,2025-09-10 08:05:00,82534.25
GXOKWR,2025-05-23 23:42:00,13714.56
DSQBGK,2025-07-01 02:47:00,75985.46
YLJZGV,2025-02-08 10:10:00,49649.54
QKIMCW,2025-05-22 14:40:00,70668.0
UJUXAW,2025-12-11 02:45:00,66290.26
OBUUMP,2025-01-20 13:06:00,88777.86
KINYXJ,2025-09-24 10:12:00,80411.66
VQXCCZ,2025-12-05 20:02:00,90324.79
AUCSMB,2025-11-18 00:15:00,15592.47
HITATO,2025-07-12 07:43:00,21002.4
NUBXSR,2025-08-29 04:31:00,77875.93
JGJKKJ,2025-09-12 09:08:00,21268.71
GCDWJI,2025-02-15 16:54:00,69542.09
QXLPOQ,2025-04-20 00:27:00,9188.04
ZTFKZK,2025-10-13 19:13:00,68319.13
NUEUUY,2025-01-20 13:44:00,27202.79
ELFSSK,2025-07-14 20:37:00,24593.85
GMPTCU,2025-06-28 15:33:00,63438.57
ZKYFXD,2025-04-03 09:53:00,24334.19
XVWBAH,2025-05-30 21:31:00,48100.42
XOVPMA,2025-11-19 12:38:00,35855.76
OXOYDT,2025-09-04 09:06:00,23141.61
HCUIKJ,2025-05-28 13:28:00,32936.53
UGSOJD,2025-12-06 13:07:00,19209.89
RUZCWM,2025-06-13 21:07:00,34977.23
KGFOBS,2025-07-23 22:08:00,74178.72
YZJIVF,2025-09-05 15:38:00,40904.27
EKVDJZ,2025-05-01 00:18:00,27649.0
QFZGBX,2025-04-21 13:03:00,54727.67
SIWIEJ,2025-06-15 08:43:00,32220.89
MFZPKM,2025-07-20 14:27:00,39678.52
JNVHPP,2025-01-28 08:31:00,69993.19
ERXBUR,2025-06-23 20:52:00,7197.83
KFHQAB,2025-08-18 13:14:00,55670.52
XWMUWM,2025-03-27 17:13:00,74718.78
PBXTKW,2025-02-26 19:39:00,33330.94
NZCNJC,2025-11-06 17:01:00,90425.63
COMRXJ,2025-01-11 12:05:00,74799.88
WUFHVD,2025-06-20 11:49:00,73473.19
PNJSAV,2025-02-02 20:03:00,50715.71
SZHTCE,2025-07-05 17:12:00,93639.99
BVNVIN,2025-10-02 12:55:00,69039.49
NIHWQJ,2025-05-29 05:58:00,37396.96
ENUJSS,2025-07-31 06:35:00,70466.76
QBYLQH,2025-01-07 01:54:00,4842.61
CQKDSM,2025-09-27 03:32:00,39610.24
YSNRDD,2025-09-06 01:10:00,29044.25
PAEYQR,2025-01-13 07:40:00,74061.87
QQXGBS,2025-05-07 01:17:00,71992.22
PYOYGT,2025-07-13 20:25:00,15069.77
GUFMIF,2025-05-19 02:04:00,9797.9
LMGDJT,2025-12-27 23:26:00,4854.18
BCPHTV,2025-10-05 19:58:00,16969.98
FZVKBW,2025-10-29 12:12:00,79495.4
RWWOTP,2025-06-09 10:27:00,50136.72
GRZDOQ,2025-01-12 09:17:00,45219.32
YBJROJ,2025-02-21 08:41:00,56010.51
VZQIFU,2025-07-12 09:27:00,11561.74
YHRNOR,2025-07-28 17:17:00,47468.16
OAPKJB,2025-12-26 17:32:00,25504.49
TMVCII,2025-01-09 15:46:00,39215.36
NPILIR,2025-07-10 17:45:00,12964.0
ZMITST,2025-04-25 18:01:00,39556.07
HIBXJP,2025-04-29 14:23:00,46866.18
KKUEJI,2025-02-25 20:19:00,33584.06
UHLUJU,2025-11-19 02:06:00,54601.46
BWUAAT,2025-04-17 15:37:00,25997.15
CVOVRJ,2025-03-14 12:39:00,80102.48
XMGILB,2025-09-25 23:53:00,55130.81
WNNRMK,2025-04-30 01:49:00,48394.43
NOMOOR,2025-07-30 09:47:00,34083.9
BWFSXE,2025-03-19 01:20:00,66387.78
IGMETP,2025-11-03 13:55:00,3512.6
XLYFEI,2025-12-20 06:48:00,54741.67
KMOCAW,2025-09-08 17:31:00,31797.49
ARAOVQ,2025-11-30 07:20:00,45446.23
MWNELC,2025-09-05 16:35:00,81996.07
NFSUDP,2025-02-11 03:27:00,67331.51
BZXCMV,2025-07-12 04:48:00,4253.46
YUUZNV,2025-09-24 23:07:00,18290.12
KMIHPT,2025-08-13 03:02:00,84466.26
YCHGCD,2025-09-11 05:40:00,76890.13
CPHIZV,2025-09-07 04:47:00,83427.78
CJYHWO,2025-08-03 12:00:00,30301.09
DMSCZT,2025-08-11 09:46:00,87821.26
XSDKBS,2025-12-13 08:33:00,32659.53
NDSHJD,2025-07-10 18:41:00,18267.0
PCFUGH,2025-05-29 16:43:00,21810.49
LXLSII,2025-11-11 22:23:00,50782.94
ZAUCBL,2025-05-09 15:29:00,22376.78
DLTMDF,2025-06-19 23:46:00,94649.16
QUSPTY,2025-03-11 05:33:00,68787.49
KTUHFH,2025-08-31 00:20:00,41299.87
TCOXFH,2025-03-18 15:04:00,94384.55
TYUYGN,2025-01-03 09:44:00,20266.05
KYJYCX,2025-12-22 03:34:00,45190.61
KVKQJK,2025-02-18 01:39:00,46119.86
JLXTDA,2025-03-22 02:22:00,61543.6
TTUXCS,2025-04-26 11:40:00,4299.91
OLHIMA,2025-04-09 08:18:00,78509.41
NWQADF,2025-08-07 18:46:00,31129.03
FIZAMF,2025-11-16 12:59:00,26436.94
PNLQED,2025-10-05 20:42:00,21638.11
ACFMMA,2025-10-31 04:06:00,70220.54
PJRNOJ,2025-05-24 05:16:00,54856.7
NDLJDP,2025-03-06 16:37:00,62324.37
WCJCQK,2025-07-16 10:36:00,74022.04
MTVFDG,2025-10-31 19:17:00,91932.62
ALKRSN,2025-11-12 21:58:00,46553.43
QSSMKY,2025-03-28 00:50:00,24328.46
JLDVLX,2025-04-21 02:59:00,76908.55
CFXTUX,2025-03-17 04:10:00,46742.69
YEWBJE,2025-01-01 10:04:00,85427.71
SEIHSR,2025-01-27 04:32:00,77265.56
VHAHNS,2025-08-06 21:30:00,33092.22
NNDGKU,2025-09-14 03:15:00,54533.35
OHFEUS,2025-07-13 12:45:00,46651.98
MYTSBM,2025-06-09 16:20:00,51823.07
UQHKNW,2025-11-06 06:10:00,89985.07
INKFHU,2025-05-23 22:09:00,80268.6
OFFZLN,2025-10-14 14:31:00,66949.18
OTSMAH,2025-05-09 21:07:00,54327.27
BDOYHV,2025-08-11 20:22:00,19377.14
NZNAAC,2025-07-07 14:49:00,64643.6
VWJZON,2025-08-06 06:39:00,54501.05
AOMSSQ,2025-04-08 12:23:00,19468.52
YETTGJ,2025-01-06 06:28:00,36211.21
UXAHRV,2025-04-10 00:37:00,31555.94
VZUKNB,2025-02-18 11:58:00,26345.95
LMVVRE,2025-01-07 19:17:00,6084.59
EZCPIE,2025-05-21 20:30:00,39643.05
JODIVD,2025-12-23 22:16:00,28223.99
YAVDHT,2025-01-30 18:52:00,5799.24
KURUJI,2025-08-30 19:40:00,44812.23
BNKRVZ,2025-03-30 15:47:00,83494.19
YWEJRB,2025-10-07 03:02:00,36997.12
VYOIKK,2025-11-10 22:09:00,67918.84
MYLMHY,2025-04-01 04:05:00,41600.68
WTTUTC,2025-03-03 01:28:00,61647.99
RAFFPX,2025-02-01 10:06:00,81925.91
CTNHTL,2025-05-23 06:41:00,59488.35
HXYCXM,2025-01-09 10:53:00,64823.16
FCGBZE,2025-06-12 22:10:00,86326.68
GJMVEU,2025-10-28 23:23:00,50503.32
HTXUJX,2025-12-07 12:26:00,80069.93
GHRINU,2025-12-09 01:04:00,20750.47
CDYTHH,2025-09-14 04:46:00,27530.51
ATCRMF,2025-03-30 14:02:00,28348.34
VDCGHX,2025-04-12 22:32:00,40651.14
QVTBKW,2025-11-22 23:53:00,80083.09
TONUMM,2025-01-02 09:17:00,54571.46
SRIUXC,2025-03-02 10:29:00,55271.94
QHRJKR,2025-12-23 02:36:00,88585.1
HANJGG,2025-02-15 03:58:00,11331.68
NIWJUR,2025-02-14 05:20:00,57385.66
JTZSKP,2025-01-11 05:50:00,3960.36
KETNVI,2025-11-23 11:29:00,10477.29
CDIBER,2025-05-07 09:53:00,65641.93
DGYDFB,2025-04-08 23:48:00,70906.16
ZLTMLO,2025-06-08 01:24:00,67944.08
SSCNWT,2025-04-02 08:08:00,54983.68
VMTWQZ,2025-07-31 07:53:00,20318.57
IFWWDK,2025-04-13 05:18:00,26860.58
IFZSDG,2025-08-14 08:05:00,48069.48
DTRPTX,2025-10-24 11:22:00,74058.09
DEOOJN,2025-09-25 14:53:00,61054.43
QXZLSQ,2025-03-29 01:53:00,56840.51
VYUDFB,2025-03-21 17:36:00,22380.98
EEHWED,2025-12-26 13:22:00,62432.73
KSXWMK,2025-12-16 09:13:00,34480.67
IGGZTY,2025-09-15 17:53:00,71368.12
GUJPEY,2025-05-18 02:32:00,74153.63
TIDZLA,2025-05-13 06:29:00,26997.82
PNPJKE,2025-03-01 16:42:00,61062.46
YEVNSL,2025-09-01 04:29:00,56987.51
BYBKYV,2025-07-10 18:24:00,63564.04
ISPLQQ,2025-01-18 10:44:00,12624.39
EVTKFH,2025-07-03 00:10:00,41769.51
LMDUJG,2025-06-21 10:41:00,86074.15
CLTZEM,2025-04-06 11:19:00,17972.6
GRMXYU,2025-10-07 05:48:00,5001.0
FPQDFN,2025-11-12 14:37:00,55988.8
ILWOZA,2025-08-11 23:25:00,46568.63
WJQJCI,2025-05-05 08:46:00,37335.76
SYNKCM,2025-06-22 15:43:00,39906.09
NRUTKY,2025-01-21 07:48:00,88997.41
RTBTWF,2025-09-17 03:26:00,42182.27
LANGZI,2025-05-18 18:25:00,57563.0
SDXJDA,2025-03-25 16:10:00,87856.53
TJWHSB,2025-11-02 22:33:00,21258.52
PBSLZO,2025-10-18 04:08:00,64033.39
UTYZYB,2025-01-28 02:19:00,75943.44
INQLEI,2025-03-14 11:29:00,39431.44
MJYXAJ,2025-08-24 00:42:00,16569.17
SQIIAE,2025-03-30 09:19:00,10394.52
PBJUFQ,2025-05-01 06:27:00,11295.35
BIFIPZ,2025-05-06 04:43:00,54092.04
ADYSMB,2025-07-11 00:30:00,17658.34
NLDGBJ,2025-02-21 15:35:00,66184.35
CYWOLB,2025-12-24 06:58:00,46452.15
MAKFUP,2025-07-12 14:45:00,25332.26
TGRAIK,2025-02-19 12:08:00,32288.82
XCCKET,2025-03-10 12:49:00,33094.29
XHLESF,2025-05-25 21:46:00,83286.91
JUUHWX,2025-11-02 12:34:00,9592.43
RDHFHN,2025-09-08 21:47:00,92260.76
FPEOVQ,2025-01-14 07:56:00,58984.05
QEROIZ,2025-05-01 11:23:00,34266.29
LTNDVI,2025-01-01 19:38:00,72154.97
XAEDGE,2025-02-09 20:14:00,15703.35
KUVAWZ,2025-04-07 01:13:00,30778.29
SSKCSM,2025-02-17 10:24:00,63172.13
VTUYKQ,2025-08-06 04:18:00,31620.47
DOELKK,2025-12-12 15:02:00,27013.79
DQSZVN,2025-08-04 05:10:00,39635.88
BSFFIG,2025-09-22 03:29:00,77173.06
EYRQIN,2025-06-27 21:46:00,12329.27
RRQAVH,2025-07-27 00:10:00,32350.37
MLLVJQ,2025-10-22 16:24:00,66139.48
CXZLQY,2025-01-06 15:41:00,91312.74
SPFLZH,2025-07-25 13:49:00,8015.04
CVFJMJ,2025-08-06 08:47:00,61338.78
FWAXYP,2025-11-06 14:32:00,37299.93
QCUOKN,2025-08-31 22:21:00,80663.49
KUWDPQ,2025-07-06 03:50:00,19453.24
WHDKDZ,2025-08-06 17:48:00,38279.41
ETEVWI,2025-12-12 02:09:00,3640.02
OYRTYE,2025-12-29 18:16:00,21180.4
QJHBAS,2025-11-11 23:55:00,44859.02
ZCYRUH,2025-01-25 14:18:00,6665.69
RCGIOW,2025-09-08 14:23:00,7606.76
BNPRVR,2025-11-03 21:23:00,26214.07
RZGQPL,2025-06-22 21:18:00,73548.71
ZDXRVP,2025-01-13 17:17:00,19442.99
URLXMH,2025-07-02 13:01:00,44102.85
VRSLUJ,2025-06-02 20:02:00,57811.66
ARAEAA,2025-07-02 23:02:00,51876.71
GHGRCW,2025-07-22 07:11:00,10732.31
OUSQMC,2025-02-18 04:46:00,16307.28
BNFDMQ,2025-09-10 13:57:00,28272.05
NMOHTH,2025-08-23 22:39:00,25457.26
FMIYQW,2025-09-26 18:29:00,6738.97
PKZLHS,2025-06-17 11:02:00,16501.04
LQSDQE,2025-11-23 03:24:00,50162.17
ODRXBS,2025-02-10 10:59:00,61580.18
QXXUQK,2025-06-04 13:25:00,5059.28
XERXDY,2025-05-12 23:41:00,71327.01
YVDQQL,2025-02-10 13:07:00,76015.32
CEFMNZ,2025-10-20 08:19:00,59633.5
LPFGJI,2025-10-04 07:44:00,76503.78
XBNNPG,2025-07-11 18:30:00,22799.25
CTQGCE,2025-08-12 08:47:00,66375.42
EKUQXC,2025-04-06 08:32:00,64772.45
BFJPOA,2025-11-06 12:58:00,19675.96
CQYRJS,2025-05-26 08:00:00,40460.82
VZKAGT,2025-01-10 13:42:00,14938.56
XFEBZU,2025-05-17 14:38:00,75703.76
XZYEIO,2025-11-22 10:06:00,23361.78
AYSXEH,2025-01-10 22:20:00,23337.31
KIWVRT,2025-11-10 09:46:00,68507.09
ZDOPFX,2025-08-24 18:26:00,61399.08
IVFDWX,2025-06-18 17:24:00,46755.47
SPMLJC,2025-10-13 00:21:00,34334.83
YQMTSY,2025-06-27 14:09:00,45499.17
GOSWFF,2025-09-13 06:34:00,67190.73
OCVMIC,2025-12-11 12:16:00,40070.32
MBULPF,2025-12-05 18:05:00,61087.33
YEYIPT,2025-10-15 11:05:00,22094.71
FIZCBC,2025-09-29 11:19:00,29847.72
VDVYUC,2025-06-11 14:43:00,45998.97
ZHNZPQ,2025-03-21 19:37:00,18339.56
HDRIJV,2025-06-30 18:27:00,41216.16
LOECVJ,2025-01-12 09:35:00,71452.79
FPBENC,2025-05-01 12:58:00,52458.53
PSPIAL,2025-07-13 19:54:00,14361.45
ODTYGD,2025-07-22 06:13:00,94276.04
NKLEGH,2025-10-20 09:11:00,82570.18
FMZNOE,2025-07-25 17:26:00,35386.27
ZMBVZV,2025-04-22 13:57:00,58130.87
RZUHRK,2025-06-13 11:40:00,12718.77
IIUYNW,2025-12-18 20:48:00,61531.55
CLLVEH,2025-09-15 17:34:00,39079.95
RJWAKS,2025-07-26 15:48:00,45680.08
XJKCPL,2025-08-19 05:59:00,83347.45
CIGYON,2025-07-24 09:00:00,52005.24
YXKBFF,2025-06-21 14:41:00,18848.9
AALFTP,2025-02-20 12:37:00,63085.59
LSASZY,2025-08-03 13:12:00,61550.35
XESINJ,2025-11-13 07:08:00,59092.96
ORHCAP,2025-09-15 02:38:00,55493.79
LNSCML,2025-07-29 00:20:00,59102.75
TFNFOY,2025-03-27 18:40:00,46416.05
TWAAJP,2025-02-16 11:01:00,71352.81
MHHGNX,2025-12-01 12:35:00,50042.86
WIGODX,2025-04-09 05:29:00,36953.92
OQNRDM,2025-05-03 05:30:00,89216.96
HYJREF,2025-04-13 10:08:00,29954.34
LKQCDP,2025-01-16 06:36:00,45428.52
XSNBQV,2025-05-06 21:38:00,43816.09
NZWDCG,2025-05-04 05:29:00,49019.77
VDILKY,2025-02-26 19:53:00,33475.85
BFGHEP,2025-03-23 07:29:00,69428.26
UCLLUA,2025-02-05 00:47:00,5973.68
MVRUOX,2025-12-13 13:55:00,50818.61
HUOGPV,2025-08-29 12:04:00,75039.93
AMYOEE,2025-05-14 22:34:00,14130.34
LFDBJN,2025-11-07 20:34:00,68758.31
NDLYXI,2025-08-13 15:52:00,69794.92
DUMOWR,2025-05-30 12:53:00,78653.05
MVICSK,2025-01-21 11:25:00,68929.47
DRIHDD,2025-09-19 20:41:00,43484.21
AKWVOS,2025-03-05 03:09:00,80930.48
MKYYON,2025-10-24 03:46:00,18543.72
KKJOFA,2025-07-31 21:21:00,16059.41
HFNLED,2025-05-05 15:13:00,27334.71
RAUBVP,2025-06-18 20:44:00,9814.4
PUBLOL,2025-12-30 15:48:00,25515.02
JKAACC,2025-05-14 10:18:00,66405.86
EUXGCB,2025-06-19 14:44:00,26728.8
HZEZZS,2025-05-21 19:02:00,73041.69
GCFPFJ,2025-03-17 16:18:00,5386.52
WASUAN,2025-07-09 18:23:00,68669.89
IWSPPF,2025-06-07 22:10:00,55222.87
BEQTKT,2025-06-06 15:45:00,43467.34
DKVLBD,2025-05-31 04:47:00,77078.28
DXITZL,2025-03-07 04:38:00,29894.62
YXODTO,2025-07-16 08:40:00,23968.46
AOEYSV,2025-04-19 18:19:00,16649.43
HCSBWR,2025-01-07 08:23:00,69344.82
SNIKYN,2025-09-22 12:30:00,59898.32
YRFNVV,2025-03-29 11:41:00,17340.67
DGRXDH,2025-09-14 10:33:00,37441.36
YXDNCX,2025-09-06 20:10:00,83111.97
XLPJTE,2025-09-04 05:30:00,85536.29
JTXNIV,2025-01-08 21:04:00,34497.76
PIHPEV,2025-06-08 06:14:00,16808.14
WLSNWV,2025-11-08 23:50:00,14002.41
WOUWRG,2025-04-11 11:31:00,45257.6
RBRDEX,2025-11-23 00:53:00,71655.61
WCFGHH,2025-09-26 07:47:00,21632.76
ETIRIS,2025-12-07 01:25:00,60628.99
CNXZRS,2025-06-18 16:04:00,27975.57
ZEMDFF,2025-10-01 23:34:00,83280.64
ZLSEGK,2025-01-29 14:36:00,51111.29
RHSJFJ,2025-05-06 08:51:00,71028.09
NHOBSA,2025-12-20 20:54:00,25548.01
RIIEWA,2025-12-20 22:29:00,19323.62
CVPBSM,2025-11-08 08:35:00,28527.84
EBZOHP,2025-04-08 23:53:00,87406.95
VALVPP,2025-03-09 16:19:00,8599.59
YUFLQS,2025-04-27 07:37:00,73074.61
HJCDTK,2025-09-02 14:06:00,52397.9
IYTKYQ,2025-01-27 10:50:00,61319.32
OEXSXD,2025-04-11 15:07:00,43654.62
JWSDKN,2025-09-01 06:06:00,52897.93
KTISLL,2025-04-21 19:31:00,30596.41
TSQYJK,2025-01-05 18:27:00,82224.8
PHCUKI,2025-02-27 23:56:00,43723.05
CQXLNJ,2025-11-26 06:37:00,77130.46
TCQUWJ,2025-11-11 14:00:00,26160.8
XCIKIT,2025-07-28 19:17:00,48319.67
HBZFXJ,2025-04-01 10:32:00,47461.73
DUJAVI,2025-05-26 20:19:00,27306.39
GVPTSE,2025-09-30 07:21:00,28326.53
SWKQJZ,2025-10-15 16:19:00,60584.8
KUCVSH,2025-02-27 05:31:00,3599.59
UECIRJ,2025-09-18 15:31:00,18008.04
HTBZNO,2025-02-03 13:43:00,31026.97
CWFUDM,2025-08-15 10:40:00,66200.22
PMLHOY,2025-04-04 06:49:00,13001.48
XRMBFI,2025-04-29 06:19:00,49163.73
CRQFGZ,2025-06-13 16:30:00,12468.37
MFUMMG,2025-06-03 19:13:00,55532.78
DQXZJT,2025-03-21 10:10:00,20655.17
BXYXAS,2025-07-22 05:54:00,17530.77
WWTCJF,2025-12-06 05:20:00,91017.04
NUCVAZ,2025-08-31 20:38:00,75564.87
CSKZUB,2025-05-18 07:59:00,27182.7
UAILMF,2025-06-05 11:09:00,31173.38
JNTEHV,2025-07-01 23:20:00,44373.12
ELWYFA,2025-08-06 18:25:00,73167.96
AORALJ,2025-01-03 12:03:00,92118.56
DTKWIM,2025-07-01 20:51:00,15873.59
LYSJFC,2025-08-22 08:01:00,78305.04
TLTFJV,2025-04-14 06:42:00,68933.89
DOBYAJ,2025-05-31 11:01:00,32609.81
QTOOEH,2025-07-15 10:35:00,54517.45
PQSALF,2025-04-13 06:39:00,49270.79
SPPBHW,2025-05-21 03:04:00,25368.68
RFEMVX,2025-06-16 23:30:00,89617.46
LEKBQO,2025-10-31 15:02:00,74872.97
RESHXG,2025-07-19 22:58:00,67996.96
UKBQKL,2025-05-08 08:38:00,56922.52
DJUDSI,2025-01-31 03:03:00,61845.84
WKDRXA,2025-05-22 17:23:00,43307.44
OWDSSH,2025-05-26 03:30:00,15354.2
OEGMXO,2025-02-07 10:49:00,70385.31
LWGMWK,2025-03-19 04:37:00,30494.72
IUURZT,2025-04-13 17:05:00,43320.03
RRSSXG,2025-06-17 18:34:00,73176.42
ILWJAI,2025-05-14 17:33:00,78192.52
HSXXFA,2025-12-20 00:08:00,74033.27
VKGNJG,2025-02-04 22:45:00,70993.36
OMYJNS,2025-07-04 14:47:00,84381.84
HITJSW,2025-04-05 10:29:00,23946.77
ZHADEH,2025-07-05 10:12:00,65345.53
IBEWTS,2025-12-27 08:16:00,58532.75
XICMHW,2025-01-12 04:07:00,62086.1
VLTTBV,2025-08-07 12:51:00,47744.89
HOISJS,2025-01-25 16:03:00,86994.36
OTINIF,2025-09-20 11:01:00,55045.74
BSWYHE,2025-01-17 16:55:00,76441.6
BXEWBC,2025-10-03 15:18:00,55883.02
MGCYQG,2025-11-21 02:47:00,9950.84
LDEHQC,2025-02-17 17:49:00,13334.81
ETQAWG,2025-03-23 16:54:00,81336.71
YHMNLM,2025-10-21 14:39:00,62816.01
LQWBFJ,2025-04-08 02:49:00,65923.69
VRLWWK,2025-05-22 14:28:00,84820.73
GXUNPG,2025-03-19 20:21:00,9718.37
KEGLWA,2025-11-28 18:21:00,44772.33
HNTMSK,2025-12-21 23:52:00,90262.34
WIAUGN,2025-01-11 12:36:00,30030.87
GTEXSL,2025-11-16 12:01:00,3785.49
LCRGLW,2025-06-15 13:09:00,26814.47
YBNGOA,2025-04-25 18:43:00,73635.65
HWUHDH,2025-09-30 14:41:00,64216.97
HIFWXT,2025-10-22 11:57:00,83988.68
SJUCFU,2025-10-23 04:12:00,74115.26
FHYSDM,2025-04-16 09:11:00,12282.48
VTRCOJ,2025-10-01 19:54:00,6629.64
ASBMEZ,2025-03-07 17:22:00,90828.77
ERXLAR,2025-06-17 10:59:00,24169.55
FRGZCH,2025-04-17 06:19:00,18022.58
QRFHJZ,2025-05-19 07:59:00,87628.8
ZSLGVK,2025-07-01 00:08:00,83742.66
EXMVMM,2025-08-14 03:53:00,90217.26
ZHOBUF,2025-01-14 14:55:00,71442.7
RWTXLL,2025-04-17 12:03:00,44106.74
RWYZPZ,2025-07-24 06:13:00,73930.5
WEQMZF,2025-10-30 03:05:00,92170.43
GRJXDG,2025-09-17 18:46:00,50517.65
HQFFOO,2025-03-25 06:07:00,89544.01
IBGVDE,2025-11-06 11:47:00,94572.9
FRBLYM,2025-08-01 06:13:00,93633.99
RUJTNN,2025-09-17 11:30:00,26486.18
GWEQWH,2025-02-27 14:01:00,3667.51
XFYDMS,2025-08-04 12:54:00,12206.07
QFFGQI,2025-07-04 09:53:00,9008.12
VZIIBW,2025-11-30 09:14:00,94973.0
CBHYCU,2025-02-13 20:41:00,77535.59
YCDCCL,2025-08-30 00:17:00,70125.88
JQXTTK,2025-06-15 01:09:00,80962.16
FBITTY,2025-04-01 18:00:00,14771.24
FWHKRF,2025-03-21 04:44:00,46222.77
QJRIKE,2025-01-20 01:38:00,76818.99
EJKGDZ,2025-12-05 09:23:00,59815.06
QFLYNR,2025-03-22 13:11:00,19066.65
WXSUDB,2025-09-23 04:47:00,77466.42
LCIXWZ,2025-12-09 05:23:00,83875.12
VLBWOV,2025-02-26 05:01:00,48775.1
YGBWWA,2025-06-06 12:40:00,37332.94
WDQPPP,2025-05-16 19:20:00,5619.99
PTLFSE,2025-01-14 10:01:00,84771.48
THVKBI,2025-01-18 23:55:00,16279.35
UCDQBK,2025-07-28 01:34:00,37687.38
GARBSE,2025-11-03 23:33:00,18616.1
LBUYKY,2025-02-21 00:22:00,85541.36
UKGZFG,2025-02-17 13:04:00,13341.77
SRNVFG,2025-09-01 14:26:00,81764.92
ZWQVKN,2025-10-02 14:08:00,81836.24
TXBMFO,2025-11-23 00:19:00,46814.4
YEINSQ,2025-05-12 04:20:00,63386.43
DTKZZO,2025-07-07 19:42:00,68901.01
NVFTLG,2025-09-02 15:47:00,79460.22
LVREKZ,2025-10-20 06:08:00,23176.62
HEBNWY,2025-03-08 04:14:00,63647.31
EPTGZT,2025-02-18 22:25:00,28971.58
BQIUMA,2025-11-11 03:15:00,23812.55
ZQNGDQ,2025-04-05 23:42:00,30701.95
WJLBOT,2025-12-30 14:42:00,57352.19
HLKFNQ,2025-09-22 18:56:00,27538.78
VDROIZ,2025-03-09 10:27:00,37478.9
NXBKUO,2025-03-16 18:47:00,88985.45
DHMXDJ,2025-01-18 23:57:00,76578.97
PJVRWT,2025-11-20 01:50:00,21206.45
BAUEON,2025-04-04 00:09:00,61386.02
ARSPKQ,2025-05-02 05:25:00,32672.98
RMPZPH,2025-10-20 15:30:00,81906.6
JMBPZT,2025-04-07 20:55:00,78163.03
DFJBBP,2025-10-23 12:28:00,94328.29
CMKRIB,2025-08-21 19:16:00,53220.91
QYZRQJ,2025-03-02 23:17:00,63302.37
LPCUFY,2025-09-21 10:21:00,94695.08
BDFUMT,2025-04-06 08:21:00,77242.94
EAXQQF,2025-09-07 17:29:00,64018.82
ZUIPHK,2025-12-09 10:48:00,50754.71
VGHHQL,2025-02-02 11:27:00,62090.93
XHQFFP,2025-10-06 04:06:00,23895.51
MHXZUV,2025-08-23 03:07:00,53642.76
LVYZVV,2025-06-01 04:55:00,34981.43
PBNJGL,2025-08-20 13:35:00,93556.68
NRCAQL,2025-02-12 16:11:00,39575.35
DFIXSH,2025-09-19 06:09:00,80281.18
UIBERP,2025-04-24 00:12:00,70473.93
RYJXET,2025-07-01 16:38:00,74754.27
XTBPMC,2025-10-16 16:33:00,7323.56
VQZDSY,2025-09-30 11:34:00,24198.97
QPQJYT,2025-09-29 05:23:00,17604.98
OSXZRH,2025-12-15 05:40:00,61356.76
IPCYAZ,2025-11-13 07:53:00,88619.7
QTFWPT,2025-03-19 17:39:00,42009.45
NKCOUZ,2025-04-14 08:03:00,91233.22
XPAYCR,2025-07-25 09:24:00,85888.01
FXFEVA,2025-08-04 15:29:00,32616.76
VTBGKS,2025-06-03 00:04:00,26122.29
QGEWAM,2025-10-12 21:19:00,22205.44
UJVUDS,2025-11-10 19:04:00,8448.44
BWDPPL,2025-07-30 04:09:00,47245.76
OCYPIA,2025-03-24 07:25:00,75340.78
ZMOTUK,2025-11-27 13:25:00,57410.31
FHKPHT,2025-05-08 11:04:00,23820.07
XPWIMR,2025-05-22 04:57:00,39932.53
AYUCEV,2025-10-27 21:09:00,21936.46
IQLRLU,2025-03-14 21:17:00,72973.78
ZSMFAX,2025-01-06 20:07:00,50897.07
LZYKOB,2025-09-26 03:49:00,60826.21
BJPNOO,2025-08-30 07:42:00,43321.02
FDMQSK,2025-03-05 17:47:00,59123.28
DZNBMQ,2025-03-20 02:56:00,93067.35
JFXKKH,2025-06-24 08:02:00,38098.16
ATHBXD,2025-05-11 03:40:00,45920.36
RFHOTN,2025-10-27 05:56:00,68297.98
MYRSVF,2025-09-07 09:14:00,51101.22
YIBNMN,2025-02-15 23:38:00,91295.57
SURMAL,2025-07-05 07:55:00,81196.82
AYJBSQ,2025-09-11 22:27:00,41794.02
PNCPXL,2025-11-23 03:55:00,73834.99
RPDFAE,2025-05-22 08:40:00,49719.77
IUSZRN,2025-08-03 21:53:00,26114.91
TYTBVM,2025-07-02 02:00:00,12304.05
QEGJDD,2025-09-06 07:37:00,48537.8
VPEWMQ,2025-10-30 13:42:00,27449.38
ZMTVZC,2025-12-29 15:35:00,58810.94
AQGNYT,2025-10-17 12:38:00,50744.94
ZQXIJC,2025-12-08 12:02:00,58352.93
LLQKGF,2025-10-30 20:06:00,55957.55
VDIFUT,2025-03-02 07:23:00,56371.23
HBJQHU,2025-12-30 19:26:00,78006.09
CIFRVX,2025-01-21 11:41:00,75508.54
BSQNWQ,2025-08-24 18:55:00,51094.42
HUBKUV,2025-07-24 20:47:00,74542.03
FWJJQO,2025-12-09 00:13:00,55157.56
ZCDMJD,2025-01-13 20:21:00,12089.99
OLCEQK,2025-07-31 00:46:00,45009.33
TDBHFC,2025-05-10 11:52:00,65837.08
CWTJFD,2025-06-30 07:17:00,44032.64
FHUJHW,2025-01-25 10:29:00,67317.61
FNSLKV,2025-11-22 08:49:00,76014.97
GRKQLN,2025-04-18 17:49:00,82440.43
LAHXKL,2025-11-28 10:47:00,39921.52
AEPXFR,2025-06-28 05:54:00,48984.95
GVBSRR,2025-02-15 10:22:00,59709.05
HZXLGU,2025-04-27 10:53:00,31136.84
JBFDTQ,2025-02-16 20:25:00,31789.04
EDORMQ,2025-09-12 20:11:00,72603.93
AVCPNC,2025-04-14 08:54:00,68080.44
UUUZKI,2025-06-29 10:51:00,43274.76
NDZPSU,2025-07-05 05:10:00,32693.9
ZDVEJM,2025-02-27 06:37:00,31568.54
YFZQLP,2025-09-17 22:41:00,54564.65
XZFBNK,2025-10-14 17:11:00,39613.35
YXZSPW,2025-12-23 02:12:00,11589.46
PJHTFZ,2025-12-31 19:58:00,83677.84
BVZTRM,2025-07-27 08:09:00,68861.71
IWQGXG,2025-09-30 11:25:00,15238.97
MFCYER,2025-07-17 03:54:00,90958.9
KMBFWB,2025-05-31 19:36:00,92308.57
ZXNLBO,2025-06-15 07:28:00,79004.33
BFCGVD,2025-05-06 17:09:00,64411.96
ROPRTJ,2025-05-21 00:31:00,23651.11
FHOPHF,2025-12-22 07:15:00,83512.51
SDBFZE,2025-08-14 20:51:00,22869.06
TJIRTP,2025-01-07 09:15:00,91742.32
HBSKDJ,2025-11-10 15:53:00,43383.39
ECGGGB,2025-10-12 17:36:00,20686.0
AGDQUK,2025-04-06 16:37:00,39764.75
QWQLFX,2025-10-22 12:47:00,27057.29
GBHVQD,2025-07-06 08:27:00,37061.02
LYLZCF,2025-05-01 10:34:00,35850.82
ATTULU,2025-12-21 04:20:00,82114.91
DWQCNZ,2025-12-26 07:50:00,52521.34
QVZLNL,2025-03-07 03:58:00,75148.11
FVMQRG,2025-09-17 22:30:00,52253.11
BIBAZH,2025-02-23 19:14:00,69249.77
AKPEDS,2025-12-26 20:35:00,78539.13
ZQVMUF,2025-04-25 14:17:00,55831.84
TNNXSR,2025-01-28 14:39:00,43284.13
SRZZTF,2025-10-30 13:04:00,90691.09
IIAMHB,2025-03-29 00:35:00,44259.08
SMBNEP,2025-11-29 01:57:00,34979.49
JPPBOY,2025-12-28 04:04:00,65744.64
IMFTXD,2025-02-03 23:17:00,55417.33
JEBBHK,2025-01-15 22:38:00,48154.5
JVSCFE,2025-12-27 04:25:00,22798.78
BCLPMS,2025-08-20 09:34:00,67142.95
KZDVAG,2025-06-05 10:14:00,55426.88
OTBAFV,2025-09-18 13:09:00,73499.62
LMUJSC,2025-12-15 18:20:00,82371.53
FZFGLU,2025-11-09 01:45:00,72410.9
NRFOTD,2025-10-28 03:49:00,92916.55
HBBKUJ,2025-11-11 02:33:00,41061.45
ERPAEH,2025-03-24 23:12:00,25889.56
FNPWCS,2025-11-04 05:53:00,19673.9
BBKSUM,2025-11-29 15:46:00,13994.01
EWCOGO,2025-02-15 03:25:00,55808.27
LRVMTQ,2025-12-17 12:51:00,40496.83
DISUTY,2025-12-23 15:08:00,80948.43
ARPVXY,2025-04-04 03:19:00,35674.44
EZKNNS,2025-12-29 13:56:00,26185.3
SVFQEI,2025-02-16 05:16:00,39931.35
LMKMFG,2025-04-27 11:41:00,61236.67
YAFTPN,2025-06-23 14:48:00,11650.57
JDBWQW,2025-05-12 00:56:00,58766.67
RKLGCZ,2025-10-13 01:43:00,37329.52
EVBHNO,2025-03-28 00:33:00,4157.22
HJOFQV,2025-06-17 12:19:00,5544.13
YWXCXJ,2025-10-18 18:23:00,82060.99
RJSGMQ,2025-03-30 06:40:00,60120.26
GTDCZD,2025-04-04 17:13:00,92771.24
WHGYNN,2025-02-19 21:58:00,17229.75
YGJCGG,2025-07-11 18:11:00,85012.18
KOHNXK,2025-12-28 05:32:00,16694.18
USTCWG,2025-08-16 00:39:00,6567.23
FUGJPX,2025-10-03 03:51:00,88950.81
VIHMCA,2025-05-30 03:22:00,65838.95
XXAPZE,2025-10-30 16:10:00,85821.22
VSGKFR,2025-09-12 06:38:00,17283.24
XTWAXO,2025-11-10 10:29:00,88431.8
QPJWWH,2025-10-08 12:50:00,44210.07
AYOIZB,2025-03-01 21:35:00,9022.65
AADHYR,2025-05-07 11:09:00,25029.52
XBCJXA,2025-09-09 06:50:00,40194.19
TZHEFV,2025-07-03 01:58:00,93375.8
UZXKBD,2025-09-03 21:45:00,72424.26
ZWCQPJ,2025-10-30 03:54:00,50825.63
KDOTZQ,2025-12-06 20:20:00,86891.77
HSAZRS,2025-10-16 18:44:00,51937.16
JTUVUW,2025-07-21 17:41:00,21485.75
ARHNJS,2025-06-14 04:28:00,73244.08
ZCPNIN,2025-05-30 20:27:00,40189.9
YNPCSW,2025-07-13 02:31:00,5192.74
ZYPZXM,2025-02-23 10:35:00,47537.61
TFCIVY,2025-07-19 09:31:00,94290.44
UUVIHI,2025-05-28 21:44:00,8070.63
SNFGJT,2025-01-22 06:05:00,31255.02
HVWOKB,2025-10-28 23:57:00,55557.29
BYILQP,2025-03-30 20:20:00,71011.65
XTUBGH,2025-10-01 00:03:00,91942.67
UDXQOG,2025-07-17 06:22:00,91705.21
WHDWPH,2025-01-27 21:55:00,42909.97
CTKVAD,2025-09-18 16:54:00,19402.69
VPZVLK,2025-07-09 21:44:00,7114.31
TOQIMO,2025-04-20 03:29:00,90396.72
WTSQYT,2025-04-24 22:20:00,9712.64
KRITYH,2025-04-15 15:13:00,55545.37
VPGUHL,2025-11-10 00:02:00,87831.94
MXXDGJ,2025-04-16 22:07:00,88036.73
TBAFFD,2025-01-03 07:42:00,77854.67
BIENCE,2025-06-19 05:24:00,79044.64
XRHZLJ,2025-07-10 12:02:00,17345.47
HXZQLF,2025-11-03 07:39:00,64505.02
OBCSFU,2025-08-05 21:36:00,68335.86
AKJGIF,2025-11-17 09:13:00,89505.1
TDITGH,2025-12-01 23:58:00,28080.57
HSNDEC,2025-12-20 00:26:00,78767.05
VKJXHM,2025-07-13 08:53:00,85898.97
AHHXKS,2025-09-07 08:38:00,3959.53
CHJHXT,2025-12-21 12:02:00,67032.16
XTSFBY,2025-08-18 04:42:00,66433.94
JJYLAD,2025-02-06 20:07:00,13605.61
TSNLVF,2025-09-08 02:11:00,52398.45
AHJWEC,2025-03-27 23:16:00,90889.18
AEKTKC,2025-12-22 12:18:00,52335.93
VYYEUM,2025-05-26 18:16:00,12981.27
IWIGOD,2025-03-03 12:52:00,84475.17
WCQCJU,2025-04-14 02:35:00,80873.8
UFZNQN,2025-04-13 04:33:00,94591.38
AYOZVI,2025-08-29 15:06:00,13249.41
CQCVRP,2025-01-20 12:11:00,10691.94
FKTBKO,2025-12-22 02:15:00,43107.27
YXTTJP,2025-07-09 14:47:00,16133.8
HPJFMN,2025-11-02 01:42:00,88892.63
IKWDKH,2025-04-07 06:46:00,32248.76
MWEGBH,2025-10-19 00:09:00,34403.97
QILBRY,2025-05-09 05:22:00,45507.26
NPTLCF,2025-11-26 01:25:00,37963.16
ZIMUZL,2025-05-30 16:04:00,23721.67
CFBVBL,2025-11-18 06:21:00,63537.12
ABHUYQ,2025-08-13 00:55:00,43528.81
FHGIKS,2025-05-06 19:33:00,29478.2
JLQXFJ,2025-03-24 04:35:00,91704.24
TARKDN,2025-01-30 03:43:00,8992.08
ULBTDT,2025-09-23 17:01:00,59909.93
YGUJAU,2025-03-28 23:59:00,32592.38
QYHDMP,2025-01-20 04:57:00,12548.92
WMLPFG,2025-04-30 00:24:00,3314.73
WGYHRD,2025-01-30 12:49:00,55159.84
UDJAEE,2025-04-25 20:02:00,54854.77
BAOOBR,2025-02-07 00:41:00,78807.85
JLRGPW,2025-09-01 18:41:00,38517.04
JPYITK,2025-12-18 19:24:00,44369.75
ACFOGN,2025-05-02 21:31:00,59359.98
YJXIKY,2025-06-26 20:29:00,47079.88
PIBJCC,2025-03-20 14:34:00,83908.88
ADNSPK,2025-04-25 04:18:00,61612.58
ADERMQ,2025-03-31 12:16:00,84138.25
RYWONL,2025-07-08 23:01:00,42719.77
GSCKVI,2025-06-03 04:02:00,45313.75
KETFZS,2025-12-30 17:54:00,23882.68
HIUJRB,2025-07-25 04:53:00,60637.99
NNGZUR,2025-04-17 12:26:00,84293.2
VOQWTC,2025-08-24 23:28:00,43838.15
RPQUVN,2025-07-18 14:23:00,34077.72
DMVBSI,2025-12-07 12:08:00,69544.31
PAMEAA,2025-04-16 07:13:00,68558.27
RLAJST,2025-10-19 06:55:00,70096.23
FWZIFY,2025-11-13 11:57:00,45630.59
PPEIBQ,2025-07-29 11:41:00,31234.71
CRHWYM,2025-07-21 04:30:00,12995.82
WYLXZS,2025-11-30 14:19:00,86230.2
AHDXMC,2025-11-16 13:03:00,21345.7
AOVBWR,2025-06-22 17:56:00,17418.18
RTWMFN,2025-07-16 16:27:00,19589.0
OTZTOO,2025-08-15 00:44:00,21993.7
FXCRFT,2025-10-18 21:11:00,28145.44
TMNAMO,2025-12-15 18:49:00,17338.72
ZHRKGF,2025-07-25 18:50:00,76676.99
KJMQVK,2025-03-19 13:20:00,46109.34
RRMKLE,2025-03-08 15:20:00,59152.94
LIVEIQ,2025-11-10 16:47:00,60783.88
KOHUYR,2025-01-19 21:06:00,75400.53
MRBSRI,2025-02-13 00:00:00,87655.8
NQRJDA,2025-01-28 10:54:00,11275.12
BPRPDU,2025-07-02 06:47:00,16855.47
BARHRH,2025-04-20 09:53:00,9074.12
DFXHWC,2025-11-16 10:37:00,86215.39
UODRAI,2025-08-17 15:21:00,67731.5
CUAZMV,2025-05-29 09:06:00,76814.91
FKZBVO,2025-03-23 04:10:00,41197.1
SBEPMK,2025-09-30 19:26:00,17561.8
VTEOOG,2025-10-10 20:30:00,67387.36
BEBZBL,2025-05-24 22:54:00,86135.95
ZOVQPG,2025-02-28 21:09:00,86645.0
EPVDVH,2025-02-19 01:08:00,83981.33
YPEXMN,2025-08-31 12:30:00,18682.13
CWGOCL,2025-01-11 18:44:00,93875.12
HFDCYU,2025-07-05 14:37:00,55615.74
SEYIDZ,2025-08-18 00:31:00,90087.58
CDTNOB,2025-10-18 11:56:00,34259.45
EGRDJD,2025-02-13 11:04:00,19305.66
SYZGNW,2025-11-16 09:43:00,39212.65
AOMYQN,2025-03-18 03:59:00,75769.01
ADYDYB,2025-12-09 06:40:00,32504.27
NNGVPR,2025-12-31 02:22:00,58458.76
YBDHVL,2025-09-11 00:39:00,84976.39
MGGAMT,2025-08-02 05:23:00,81315.26
ELYMKI,2025-04-09 16:17:00,93347.35
OGQWAE,2025-01-13 15:20:00,86335.13
UNCLPI,2025-01-27 20:15:00,67447.37
ZCDITL,2025-05-15 14:27:00,34051.64
BGPWWT,2025-05-20 23:48:00,63415.79
LIXJJE,2025-12-04 02:21:00,53717.22
TMVSXA,2025-03-08 19:00:00,70587.0
HLQRJD,2025-01-10 09:24:00,21367.1
PGJDBW,2025-08-29 12:24:00,6310.45
MMOMYE,2025-12-11 08:44:00,37513.06
VMQESS,2025-07-07 16:54:00,94416.08
DMSVLK,2025-08-06 13:45:00,34475.84
VNTAVK,2025-06-27 23:16:00,53819.2
GDYCFO,2025-09-08 09:17:00,10664.16
AOOSOD,2025-08-19 21:05:00,77103.72
NNPEVX,2025-06-13 16:57:00,13444.32
VZVYNZ,2025-03-07 03:15:00,9846.15
LAXAEW,2025-07-11 02:09:00,55615.61
BJHJSC,2025-05-02 02:55:00,9937.86
MOLWXC,2025-01-07 23:51:00,34384.4
BMMSLO,2025-11-13 02:09:00,56613.45
QULVJP,2025-08-24 20:55:00,33442.86
LMBLQG,2025-12-07 03:39:00,14222.01
BRIYPY,2025-12-27 04:12:00,87456.2
HVNTDP,2025-02-11 05:05:00,69079.4
XZXQKH,2025-02-16 00:27:00,75826.53
ZNBTEH,2025-04-30 06:03:00,68962.08
JIYMMI,2025-07-18 10:40:00,51698.68
YSXUMB,2025-09-01 06:45:00,93889.52
OPCWNL,2025-11-06 22:11:00,46167.36
MISYJU,2025-12-13 18:55:00,82202.7
PDOYRI,2025-08-15 05:32:00,3580.83
GLFNUF,2025-04-01 06:16:00,16238.13
YEYQNE,2025-10-05 18:12:00,67396.97
KGYWPW,2025-12-26 02:12:00,20208.42
GXFHDL,2025-06-14 07:10:00,39309.45
UTXHSE,2025-10-31 09:38:00,40929.94
TFERLZ,2025-11-24 09:13:00,42240.14
OYLPCN,2025-06-26 23:15:00,51810.68
OMCPZN,2025-12-02 21:16:00,28893.32
TBYKKX,2025-03-24 02:03:00,8776.03
QJFIWF,2025-06-26 23:03:00,60025.78
SCHWOL,2025-08-09 02:43:00,73327.91
CDGNVB,2025-08-17 00:47:00,65054.1
CDBAXZ,2025-06-13 18:49:00,87302.67
FURYBL,2025-07-05 22:43:00,58706.63
COQPEW,2025-02-03 18:16:00,69897.7
FSGGIP,2025-06-13 14:22:00,71281.72
FYROGH,2025-09-03 11:31:00,30622.74
EXCIMV,2025-09-08 10:34:00,94916.96
MRVQTV,2025-04-08 07:37:00,18690.87
XRRMTM,2025-12-20 11:26:00,45774.92
IWTVIQ,2025-08-25 10:59:00,76255.15
AXTSWY,2025-07-26 14:55:00,85716.24
ZZLWPA,2025-08-20 04:09:00,70883.05
EPGWJZ,2025-07-17 13:01:00,83349.28
OOUVNE,2025-06-12 12:55:00,61161.76
OHLYJW,2025-07-24 11:00:00,42963.08
DUDVYF,2025-12-05 05:09:00,57550.22
UMBXSA,2025-04-05 06:06:00,4507.82
NCCJBX,2025-08-30 04:17:00,34033.0
IKITVA,2025-01-12 15:25:00,17565.1
FZQWVO,2025-10-09 08:14:00,20475.04
ABRWZW,2025-11-07 23:31:00,42822.77
XSITUL,2025-03-23 15:42:00,8497.96
BKYCIJ,2025-02-24 02:20:00,67954.22
VKOZMM,2025-11-08 09:09:00,24634.02
KZYNZE,2025-09-11 06:26:00,48126.63
IYMEGV,2025-06-07 20:10:00,34149.41
KCOTFK,2025-06-09 21:39:00,42467.76
GRJLCS,2025-03-04 19:08:00,51726.58
MFBLME,2025-06-24 23:23:00,77255.43
YSNOSQ,2025-03-07 11:36:00,92279.62
HEDDXH,2025-02-02 00:28:00,37040.78
AKUAZK,2025-05-07 06:20:00,66321.92
HIIAEV,2025-06-10 20:58:00,85969.28
EYNINT,2025-09-01 08:35:00,34349.68
BTQEKM,2025-06-19 22:12:00,85970.73
KTLMGT,2025-06-14 20:36:00,92344.48
RDRMAJ,2025-04-28 22:37:00,59063.61
CEZMZP,2025-05-08 15:36:00,46217.23
HVKFDD,2025-01-10 10:32:00,84026.99
KCVFSP,2025-07-16 04:39:00,32592.25
DWSTYT,2025-09-28 15:29:00,58439.18
ZNZLAP,2025-05-17 02:28:00,38841.04
LNUBDY,2025-04-09 08:45:00,16163.67
QLSKGZ,2025-01-31 15:15:00,23546.67
SCPKRO,2025-01-02 10:22:00,78884.98
ISQESU,2025-09-05 17:09:00,75098.95
UNFAWJ,2025-06-13 15:20:00,58638.93
HXEWGG,2025-10-02 06:52:00,77587.03
XXUACK,2025-04-07 19:38:00,14073.34
QNGCDB,2025-02-01 23:56:00,20934.76
EOSRVD,2025-09-16 09:15:00,75745.26
YVVZMZ,2025-08-05 22:52:00,81448.49
CAQHTI,2025-06-02 08:13:00,16253.48
UQVDFD,2025-01-13 00:41:00,62246.92
EFJQPT,2025-08-04 02:23:00,45774.43
CIERKK,2025-03-17 14:40:00,38145.79
BMGLSH,2025-03-22 19:28:00,72778.46
IVZKEQ,2025-02-25 08:29:00,28387.35
WARRJC,2025-12-28 19:29:00,29198.18
WLNTCR,2025-10-28 04:20:00,90961.71
INCSDO,2025-03-05 01:55:00,33041.5
ZHPQTQ,2025-09-02 11:09:00,32004.72
GYSTCD,2025-07-12 17:01:00,60857.91
MADXYX,2025-11-27 10:25:00,19375.86
MPXPMF,2025-11-10 01:41:00,29027.62
BABAVM,2025-10-17 18:02:00,84259.88
RQEOGZ,2025-01-29 23:45:00,68657.1
QKUKCA,2025-09-12 02:59:00,9246.31
GGUUJO,2025-03-19 03:33:00,18031.12
MNNIZB,2025-05-01 02:48:00,36149.16
HONGWU,2025-07-02 10:05:00,40963.04
LAZPUA,2025-02-05 15:25:00,53150.25
YNDOEQ,2025-09-26 13:41:00,75655.04
RPNXCE,2025-12-22 04:35:00,78701.83
NATXMF,2025-04-17 14:10:00,13602.92
GTIYKK,2025-05-14 07:15:00,8199.3
QGMUOS,2025-12-16 17:01:00,7828.45
YRXSIV,2025-12-24 07:30:00,6900.32
LOWSUQ,2025-04-23 07:09:00,90806.73
EEVBML,2025-03-12 16:20:00,32711.42
CYGOVO,2025-11-21 21:25:00,4771.53
GLTAOB,2025-05-29 15:01:00,64607.07
NWHTPV,2025-12-23 13:35:00,9252.46
BWPNFD,2025-04-13 18:02:00,22212.97
IXFSMJ,2025-10-26 15:00:00,35143.1
YNPCPU,2025-02-11 18:56:00,36866.88
MCVVIR,2025-03-26 12:13:00,17007.54
UPYWCH,2025-01-04 20:47:00,60296.85
YAPSWB,2025-05-17 17:23:00,50000.93
OUVVPN,2025-03-23 06:48:00,58900.9
IDQPZR,2025-06-21 06:20:00,85609.39
SUOMYH,2025-07-21 03:41:00,29255.12
ULCOAE,2025-01-15 14:38:00,92031.6
FEMDOJ,2025-12-10 16:49:00,40323.56
NIFLLJ,2025-04-05 03:02:00,38645.59
YNPGFB,2025-02-24 23:59:00,83429.56
UDTKUM,2025-04-13 18:47:00,71749.12
PBLMPT,2025-12-20 21:13:00,84572.0
SKCOMR,2025-06-05 11:29:00,8001.82
YEFXZY,2025-11-17 07:36:00,84899.0
KECBGN,2025-05-10 06:32:00,5190.75
VBWJYE,2025-01-07 06:53:00,19644.56
BWYBFW,2025-06-20 06:31:00,90105.15
TMIJJU,2025-07-18 23:20:00,45125.36
LQYDTD,2025-07-20 19:48:00,18203.67
SYJMEE,2025-09-09 15:35:00,57900.11
VITEMJ,2025-12-08 07:04:00,59706.07
MAAGUU,2025-01-01 00:39:00,7602.58
XFZAZV,2025-01-06 08:59:00,3000.87
XYFTPL,2025-08-16 12:46:00,55266.2
EACHYK,2025-03-23 03:03:00,36860.58
KMWBQX,2025-11-27 06:27:00,71249.88
WUWGTF,2025-07-10 02:17:00,41408.81
OSXSDP,2025-01-12 09:49:00,6219.33
YBVPPE,2025-03-03 09:09:00,27170.76
CXOTRB,2025-04-15 03:58:00,61577.3
SQPJQM,2025-12-16 00:56:00,88655.96
DRJQPM,2025-09-01 05:00:00,13357.98
LQKAHX,2025-05-01 14:55:00,84552.48
FPTYZT,2025-12-22 17:17:00,27846.15
LFHMBK,2025-12-26 18:30:00,8822.11
BQSTGI,2025-12-21 04:13:00,8994.51
QYLTUA,2025-12-14 12:01:00,6418.83
WUFGOK,2025-08-10 14:26:00,19102.11
XZWJRV,2025-01-07 18:57:00,7051.1
NVZSTA,2025-02-02 08:45:00,28904.31
KFAGEX,2025-09-03 06:51:00,27590.17
SAHAPS,2025-12-10 08:55:00,20302.42
UBKLXL,2025-12-20 14:51:00,3179.27
TIMFLG,2025-11-29 01:55:00,54815.5
HCKNLM,2025-08-11 17:44:00,47944.54
DVLZWM,2025-04-29 22:54:00,71312.39
QACONG,2025-05-27 11:05:00,58020.52
OKFSFY,2025-08-22 15:34:00,18078.31
HREVBL,2025-12-04 11:46:00,53694.21
PEFRWG,2025-03-16 10:47:00,61816.9
ADRWAQ,2025-07-28 05:37:00,39963.69
LYCGNH,2025-08-28 11:49:00,29905.36
YAYMHW,2025-12-11 15:43:00,52888.71
RFEWVM,2025-07-04 13:05:00,58397.97
BVXRVU,2025-03-12 10:59:00,35997.52
PXQZYN,2025-08-27 14:48:00,52607.49
DWVZGA,2025-12-15 05:56:00,6933.53
DSZUIB,2025-09-17 20:09:00,58088.91
MHHRSW,2025-10-04 20:53:00,71521.04
PXCNRQ,2025-10-21 04:52:00,75889.56
EGAQMA,2025-12-21 12:05:00,78756.79
OUBOXC,2025-02-27 16:34:00,6862.01
ZVURCO,2025-02-23 18:00:00,26433.98
MFZVNY,2025-10-09 21:10:00,71053.44
FWBEQS,2025-12-17 22:50:00,33810.78
GUYSMM,2025-03-01 10:46:00,79955.13
TJHKYT,2025-07-11 17:59:00,39336.37
GCIFYF,2025-12-03 12:14:00,56085.79
TRJDKC,2025-07-28 22:48:00,93891.45
HEQIPP,2025-04-26 20:41:00,44736.18
NKWQSF,2025-12-22 06:45:00,3054.84
GBTBKU,2025-09-16 03:31:00,16280.71
YXROUQ,2025-02-06 22:19:00,25248.67
QEQHQI,2025-07-27 09:52:00,22250.45
IOUFFY,2025-11-23 03:52:00,20572.6
SVOKXM,2025-01-09 00:18:00,14138.95
EPVYTV,2025-04-06 21:04:00,9166.01
VUYPPY,2025-08-20 03:27:00,89928.46
JBZOOQ,2025-12-05 12:00:00,67199.3
HSFHFV,2025-06-03 10:24:00,37492.27
VLMVHK,2025-06-05 13:39:00,57251.55
XIUYKV,2025-09-02 20:39:00,57586.93
ATDLIM,2025-12-14 15:02:00,48999.53
YBUXXZ,2025-06-29 00:16:00,67458.1
RYIHQM,2025-07-16 17:49:00,12016.63
LOGZAI,2025-12-19 18:39:00,84018.49
DUJSOF,2025-12-17 15:01:00,37956.99
RDJMSJ,2025-09-07 02:30:00,26198.39
VQZSCM,2025-02-17 02:15:00,69633.63
UTGSHR,2025-11-20 03:29:00,37946.3
TKEONF,2025-06-22 07:38:00,93528.02
STYDZV,2025-01-18 10:19:00,53841.57
JTNUZO,2025-12-27 14:13:00,59461.99
SVDXLF,2025-02-18 00:43:00,14811.34
UZTQKB,2025-12-12 00:59:00,49579.1
JZVBRE,2025-02-05 16:11:00,45612.56
WWZZEH,2025-12-23 18:24:00,76720.31
USSSMS,2025-10-02 20:46:00,7481.77
JZGIUW,2025-10-27 03:44:00,50539.74
YLZDTT,2025-03-31 14:18:00,81527.07
DPKKIC,2025-01-21 09:38:00,33490.24
SESJNN,2025-02-26 21:09:00,92107.96
ZVMVPA,2025-02-09 06:30:00,47734.77
XUKGRY,2025-01-03 12:49:00,71496.83
JYBRKD,2025-12-01 05:49:00,37658.2
GWELDH,2025-06-04 05:14:00,34286.48
GPVLBJ,2025-12-16 18:54:00,48388.3
OUZPCH,2025-08-16 22:58:00,13680.24
PZFTSM,2025-03-26 04:08:00,71112.79
LPVYXS,2025-11-06 18:01:00,43304.95
YQQFXD,2025-07-07 22:27:00,4889.46
PYROPC,2025-09-26 22:23:00,61404.54
XAHHFH,2025-02-24 13:30:00,6085.39
FPQGOB,2025-08-12 17:44:00,41847.48
LKKERS,2025-02-03 02:16:00,83755.85
VGYLLY,2025-12-07 11:30:00,39922.08
EPSBTK,2025-05-05 04:07:00,5218.05
IGUETY,2025-02-14 18:11:00,64146.97
ILZSBZ,2025-08-17 21:34:00,37345.15
JIYZHF,2025-05-15 15:04:00,92319.61
EHLITY,2025-12-03 05:37:00,41019.53
PHWWNQ,2025-10-14 01:14:00,21625.15
HLMSLA,2025-06-03 04:47:00,67535.6
JCZUHC,2025-01-06 11:03:00,49938.03
IKNPKF,2025-01-07 03:33:00,64263.83
JQWCFH,2025-10-27 16:00:00,30907.66
GTXIKB,2025-03-12 10:58:00,25418.21
QAPTCH,2025-09-03 06:12:00,64091.34
YSQICI,2025-09-02 15:13:00,12112.33
KFSUHW,2025-07-18 17:40:00,60686.74
MIGNSG,2025-02-06 04:42:00,14679.91
QCPCMJ,2025-09-19 04:55:00,72967.66
TNIMJN,2025-09-02 16:04:00,55086.48
LWRIUN,2025-05-07 20:48:00,41042.79
BEJQQY,2025-11-17 11:14:00,79173.76
PKZDFQ,2025-07-28 01:48:00,42732.14
RBSJIN,2025-06-14 12:01:00,20719.72
EOUROS,2025-07-11 12:28:00,58792.16
PMTXKQ,2025-04-26 23:58:00,14714.02
PGMKAJ,2025-11-11 16:56:00,40400.93
UYBYBM,2025-11-22 05:15:00,58106.05
PERHIH,2025-05-28 15:49:00,9905.1
RJAEVO,2025-11-04 00:26:00,9102.73
FXVXRJ,2025-02-13 22:57:00,74488.42
ZORAGY,2025-11-25 01:23:00,28519.83
OYGYHL,2025-05-24 14:41:00,77226.65
HUTLZF,2025-06-24 09:53:00,52246.77
GHWSKS,2025-06-17 09:54:00,90261.63
JRMGDK,2025-09-19 15:24:00,72682.43
UWYLWZ,2025-12-19 18:44:00,54537.27
VRYIJM,2025-12-16 19:38:00,63812.81
ZELIQA,2025-10-21 04:30:00,34010.92
RGTJQI,2025-12-21 15:21:00,52012.0
JYKVRD,2025-11-12 20:04:00,26146.55
UOXTXP,2025-05-18 08:55:00,29583.12
RMATDL,2025-09-20 07:20:00,88267.43
CWZDGS,2025-06-15 07:36:00,20596.53
RBHTOT,2025-06-06 06:52:00,33819.86
OFTAXU,2025-12-13 13:17:00,27279.73
FOFEUP,2025-08-06 21:42:00,20328.46
FKKDFV,2025-11-10 04:51:00,73831.63
SJFZAB,2025-06-01 06:43:00,66110.13
RGUIEF,2025-12-31 17:35:00,32545.11
GRRISH,2025-08-25 18:33:00,18954.24
ZANMVA,2025-05-30 20:15:00,21927.51
TBSIVW,2025-11-21 10:11:00,84629.14
PVQHRM,2025-09-12 11:15:00,39029.98
CMCKRW,2025-05-19 18:29:00,52441.59
HOLEXI,2025-03-16 08:38:00,9628.62
GWDBFY,2025-03-05 12:52:00,53662.87
KXHVRP,2025-07-21 00:04:00,20381.38
IXHSTE,2025-05-11 15:29:00,88997.09
SQNAVO,2025-10-09 18:52:00,28492.43
KZNTPG,2025-10-18 13:12:00,27444.51
CDNFDW,2025-08-07 20:31:00,57765.0
ANDVTW,2025-09-01 13:24:00,31809.06
GAWULZ,2025-03-13 05:07:00,36242.81
WAGBFM,2025-01-28 01:54:00,9465.76
FHGJAH,2025-02-25 17:34:00,27694.11
FAJXQQ,2025-02-19 23:43:00,41940.28
OEZXTX,2025-01-21 21:36:00,8508.95
BLIZRG,2025-02-27 10:39:00,69200.62
CQCKIW,2025-05-26 13:15:00,24204.93
VBAWTM,2025-11-13 19:36:00,72158.84
HMSCIZ,2025-10-10 11:53:00,24745.33
AVVCKQ,2025-01-12 17:37:00,32138.04
MEQRHA,2025-04-23 05:51:00,91908.77
FJFZRT,2025-07-16 06:34:00,59699.29
IUWWXZ,2025-03-24 02:36:00,71121.96
GUVYIH,2025-05-19 15:07:00,11802.9
GYBIJW,2025-07-28 07:15:00,45274.61
GAXRPD,2025-03-26 05:58:00,23271.43
RVBMVA,2025-02-24 00:15:00,64746.87
BESSFF,2025-08-11 18:55:00,58173.9
WBPNJU,2025-07-17 14:13:00,24360.63
GLPRXH,2025-02-11 13:45:00,43860.24
QSPQBM,2025-03-18 23:56:00,38371.75
ETYZGS,2025-11-11 12:01:00,52796.35
UGNLML,2025-05-20 06:56:00,64944.63
OOJOHI,2025-08-12 16:21:00,32631.36
ZCRMJB,2025-09-13 16:39:00,38686.86
BNMFDY,2025-08-15 19:13:00,37312.42
AHTSOO,2025-12-27 02:38:00,79998.46
OVBEDG,2025-12-16 12:10:00,75502.44
BPDTHR,2025-04-17 06:20:00,35500.43
XRWTAP,2025-05-21 07:45:00,29742.45
UDLCAD,2025-04-29 12:38:00,83751.21
QVUNSE,2025-01-13 21:59:00,54824.44
RMGBLQ,2025-11-27 22:04:00,44606.61
FXVTHG,2025-01-12 12:36:00,34756.94
QARJXI,2025-07-15 00:31:00,43138.85
VXVZXV,2025-08-17 13:05:00,43237.34
XLHMXP,2025-06-28 07:17:00,36726.72
PRNLYF,2025-05-14 15:10:00,18505.83
GIOVMH,2025-10-27 20:33:00,58117.68
CLPMMT,2025-04-11 01:24:00,36540.61
CGEINV,2025-04-28 02:45:00,87258.19
TUEWMI,2025-02-17 19:44:00,53859.81
UJCIMA,2025-05-09 02:33:00,88744.93
JTQWJW,2025-08-20 04:18:00,16030.33
XCOTHB,2025-08-12 08:55:00,87268.58
EEAHGY,2025-04-28 13:19:00,18329.85
BKMRSI,2025-02-04 07:55:00,11488.93
SCKDYS,2025-01-27 18:41:00,75045.27
MVZFRI,2025-04-01 09:35:00,46262.85
GEKCWG,2025-08-05 05:15:00,4580.73
YJXYZM,2025-04-11 19:45:00,10088.37
RNLAKK,2025-02-21 08:52:00,75049.21
NLSAYG,2025-10-01 03:49:00,45553.42
DGTUHQ,2025-07-08 23:11:00,17050.11
TOSTRJ,2025-04-06 07:50:00,3804.68
HKOCIP,2025-03-29 08:32:00,77824.13
SCOJRI,2025-09-14 16:57:00,8230.21
RYDPPN,2025-03-11 05:03:00,46154.15
IHAPWO,2025-03-09 07:55:00,59025.16
MXUFTJ,2025-07-08 18:50:00,28693.49
QUIANS,2025-05-06 14:11:00,68339.24
UDOAWO,2025-05-08 05:40:00,58752.99
URLQBI,2025-01-22 02:24:00,15503.19
QXXLGU,2025-05-28 14:33:00,76493.1
VSYPQO,2025-12-13 12:35:00,52815.14
OMJNCO,2025-07-26 16:29:00,91513.65
URNLOZ,2025-09-24 11:50:00,58707.58
WZJCOU,2025-07-27 08:33:00,89192.05
UBXJEF,2025-03-27 16:54:00,48974.86
FLDLLM,2025-01-19 06:04:00,58181.44
KFULPS,2025-07-08 09:07:00,58604.41
BTKLZR,2025-07-31 12:24:00,30555.65
MMEJEB,2025-01-13 10:31:00,21280.66
PDPZGU,2025-01-09 06:27:00,74306.63
HIUWZA,2025-03-17 14:55:00,57319.55
MGYYBH,2025-03-13 20:50:00,30781.44
AWPCIP,2025-05-06 04:01:00,85846.33
XFRJOM,2025-08-13 08:31:00,39730.01
AYAYGI,2025-12-31 14:23:00,84179.28
VVTFMI,2025-08-26 04:26:00,91284.89
EWKCKT,2025-05-06 04:57:00,61882.1
VEJPDI,2025-02-21 09:23:00,7886.98
SROIHB,2025-08-27 12:56:00,63115.75
CGISGG,2025-08-10 02:38:00,30043.5
AJAOBO,2025-09-20 17:30:00,6728.25
BYJWPS,2025-09-03 02:22:00,33493.62
ORYRTH,2025-06-08 16:10:00,4017.17
FKHOGS,2025-02-21 04:47:00,68421.66
WENVHX,2025-05-19 01:01:00,49874.62
FCMJLB,2025-11-19 16:23:00,5220.87
HVMLRB,2025-07-26 10:51:00,59389.2
JQRTNS,2025-06-27 19:20:00,29213.3
WGRFQX,2025-01-27 16:37:00,14343.4
QZTZEY,2025-08-13 15:27:00,73254.85
AJXPJU,2025-01-19 21:49:00,53415.06
JYCUYY,2025-10-17 16:04:00,94875.3
EEHKBU,2025-03-20 12:21:00,63776.7
RJFUIL,2025-08-14 23:46:00,61438.83
XYWUFB,2025-03-15 04:48:00,87179.52
ESAMYO,2025-02-17 19:24:00,28369.9
VIZPPY,2025-04-23 01:02:00,30867.75
AJFIIF,2025-03-10 06:26:00,55375.13
IIOYFL,2025-08-02 04:27:00,53329.15
TAHKXS,2025-05-11 06:00:00,94174.44
ZVOSFP,2025-03-25 01:16:00,69905.89
XANBXJ,2025-02-03 07:29:00,87192.33
EIHDWX,2025-03-26 21:31:00,13509.81
XISDJJ,2025-12-09 14:51:00,85745.29
APNODV,2025-11-12 23:23:00,81254.63
IHSTJY,2025-05-13 18:35:00,53409.13
UBSBXD,2025-06-19 20:42:00,33041.04
SGQLEE,2025-03-21 21:43:00,79853.0
MKBJXJ,2025-10-29 16:43:00,28664.74
FPEAKA,2025-11-01 07:14:00,77973.73
JWLEVI,2025-08-11 15:17:00,33190.13
VHSTEA,2025-09-18 09:31:00,92494.03
UVCYPS,2025-07-27 01:37:00,30631.51
ASHJDP,2025-05-12 03:52:00,16613.42
CMWLGK,2025-04-25 07:56:00,90968.27
AZBRDJ,2025-08-26 04:59:00,12070.95
TQKGTT,2025-10-05 16:23:00,40963.34
OBKRFH,2025-07-24 13:36:00,33471.61
YIVNZN,2025-02-11 07:10:00,60321.35
DOZLVJ,2025-12-06 02:49:00,31884.04
MESDEU,2025-01-30 13:25:00,77985.6
PPZYKD,2025-03-20 13:30:00,93008.99
ZXPBMR,2025-06-20 11:07:00,31336.68
GGEXMX,2025-09-07 15:59:00,91161.23
VBPSKI,2025-10-29 06:25:00,42569.72
GENMAW,2025-05-01 09:15:00,59172.69
TMJMOC,2025-03-26 10:10:00,58014.36
PRFKKC,2025-10-31 12:54:00,10624.81
KYECDU,2025-02-12 02:50:00,70843.58
FTAWWS,2025-03-18 17:27:00,48323.66
ZGMUWZ,2025-02-17 22:41:00,16973.67
UWISRG,2025-01-27 00:30:00,19336.72
VAVGGG,2025-03-10 09:53:00,36742.56
ZXJBLY,2025-12-18 22:22:00,64277.36
YELCSK,2025-02-14 01:10:00,85144.93
JRDFOF,2025-06-19 03:02:00,94661.03
TONZRP,2025-02-12 01:39:00,3019.61
JXTKGH,2025-04-09 05:57:00,38959.5
UMPHXV,2025-09-09 03:17:00,57590.05
CYIVSX,2025-11-12 16:04:00,79525.8
NBCTXR,2025-05-26 04:04:00,45534.96
YPNNME,2025-05-14 05:41:00,74398.92
JKOFGZ,2025-09-21 03:31:00,58796.49
AJXTJZ,2025-12-19 09:02:00,39192.2
YFFGDU,2025-06-23 21:10:00,66931.61
KSKERK,2025-08-20 11:32:00,31188.69
XWFELT,2025-12-01 22:52:00,39900.65
XDQEQW,2025-05-01 09:42:00,33048.09
CPIHKF,2025-05-04 14:09:00,67697.58
CXSZAN,2025-01-19 02:03:00,57066.84
RICXGN,2025-03-02 04:06:00,94836.77
UXFRAG,2025-03-06 04:46:00,9756.68
CQRCNP,2025-06-20 22:20:00,56292.87
DVYPSJ,2025-09-04 13:26:00,14280.9
AJGSYK,2025-11-26 21:42:00,53795.06
KZEOYD,2025-10-28 09:59:00,68238.19
QFWDDP,2025-08-31 20:02:00,36507.26
IDGFLU,2025-07-20 06:22:00,9077.09
GZXBMZ,2025-01-17 08:24:00,20163.75
VEUVMF,2025-09-12 14:42:00,91922.83
NSVEHR,2025-12-30 10:28:00,15227.1
DCIJEJ,2025-06-17 23:45:00,41856.05
ONUKCM,2025-06-11 18:55:00,67386.68
XYDZXY,2025-01-04 05:16:00,41253.7
BENDNB,2025-09-07 10:09:00,6866.34
WRBRQO,2025-03-13 07:32:00,58560.81
LFJERZ,2025-05-23 06:46:00,19607.19
FTTCAH,2025-01-20 00:40:00,36186.93
NQQLDF,2025-06-25 19:23:00,34020.54
BVWTKM,2025-02-23 15:49:00,78837.81
WAEEIS,2025-09-14 06:13:00,16598.14
YKSBWS,2025-12-15 21:54:00,70762.18
KYAJYM,2025-09-16 08:33:00,38943.5
MEUQLN,2025-09-28 18:39:00,88245.2
JUQUVV,2025-04-11 13:49:00,90383.16
UUAJDJ,2025-01-21 14:46:00,57369.71
FUHYRA,2025-05-29 17:48:00,44992.15
QHUACI,2025-05-26 10:01:00,40474.94
OCOLGC,2025-11-18 02:30:00,79318.85
NVMASI,2025-08-02 14:58:00,84361.84
XKMYNW,2025-10-20 07:59:00,31996.52
NMRKAX,2025-10-30 07:28:00,27352.45
XBTTGH,2025-11-30 01:52:00,24111.51
SFPDAA,2025-10-24 08:25:00,27413.66
WWIBHW,2025-09-29 07:02:00,23405.69
VHLDBX,2025-08-19 07:25:00,3207.04
LJMKIB,2025-01-25 02:51:00,76902.11
YSQSRB,2025-10-02 17:26:00,4503.59
OSSNGF,2025-11-24 09:49:00,58222.54
ZGFPBN,2025-01-27 15:37:00,22634.14
AGFVWN,2025-12-05 17:18:00,74730.08
IGOCGL,2025-05-01 12:35:00,69766.35
ZCQSAN,2025-04-01 17:41:00,21423.65
OXDJYH,2025-12-17 13:05:00,33247.28
MEHWYD,2025-05-06 15:01:00,12150.31
APTYVZ,2025-05-13 05:42:00,29893.13
AXYOGS,2025-05-12 13:10:00,86347.82
RQQTYA,2025-04-15 23:10:00,36251.53
RPAACA,2025-05-28 09:34:00,66623.29
BJYXHV,2025-11-24 02:04:00,93418.85
MUVKKB,2025-03-04 00:15:00,9070.37
PJZMNP,2025-05-19 05:07:00,73370.83
ZDZKBI,2025-06-22 03:32:00,73471.98
OYULZU,2025-10-01 14:32:00,14232.97
HKBOGT,2025-12-09 19:17:00,75265.72
ZIGHOK,2025-07-02 02:22:00,19228.67
YZWOQJ,2025-04-07 17:16:00,69729.0
KUNFFB,2025-11-14 02:04:00,17930.88
BAOXLJ,2025-06-25 05:33:00,78000.05
BNTIFK,2025-10-01 06:30:00,94182.45
YBVUID,2025-11-20 11:01:00,34296.63
OOXWLP,2025-07-19 13:06:00,77269.3
POTMIP,2025-07-26 06:10:00,20493.22
UXZYYX,2025-11-23 15:49:00,56944.61
QQDRFJ,2025-12-24 02:47:00,23861.11
OBOLGH,2025-12-03 15:35:00,73917.19
DMHGJS,2025-07-18 10:41:00,36936.11
QLFEFX,2025-01-22 01:28:00,20303.41
NZGFYB,2025-10-20 11:01:00,93864.94
AEFOEN,2025-07-10 20:21:00,41229.1
RAYUOC,2025-01-04 10:55:00,45640.28
ZKLTAL,2025-03-10 03:38:00,50887.3
QKOMCH,2025-03-01 18:08:00,46555.54
VWENMI,2025-10-11 17:46:00,73065.73
AKHVQH,2025-03-03 19:51:00,5988.17
MMBIBH,2025-11-23 10:15:00,31709.35
GWJNXH,2025-08-06 09:02:00,81996.44
NBUIOF,2025-01-29 09:42:00,91695.18
USIRRE,2025-03-12 22:16:00,78043.79
MFWTJP,2025-03-20 08:21:00,81175.8
SDVZFB,2025-02-08 16:23:00,9910.27
GZMQLM,2025-06-07 23:19:00,40432.12
RTRZGL,2025-01-14 09:20:00,19999.41
YXLTKY,2025-02-17 04:59:00,51295.8
NUFBCB,2025-11-03 03:23:00,13430.42
MVRUNG,2025-05-16 10:20:00,84733.57
MYBMKW,2025-04-04 18:13:00,56564.99
XOECKC,2025-02-10 07:03:00,28439.37
GQLASM,2025-10-09 17:58:00,82051.24
PHWZBH,2025-12-31 17:59:00,56117.29
LZUBYL,2025-12-20 17:19:00,86381.39
WPENQX,2025-12-03 09:06:00,85369.97
XJXUHA,2025-01-21 09:58:00,83772.71
USATVN,2025-02-17 21:21:00,27752.43
DKYUOJ,2025-01-27 04:04:00,11676.98
EYSMNH,2025-10-29 00:06:00,85009.02
NGJRTM,2025-01-22 15:51:00,36223.79
ZQEKPA,2025-10-05 03:16:00,17610.24
RWBUUM,2025-10-15 07:05:00,33733.78
MDZFFC,2025-04-05 20:58:00,55349.4
RAHHCK,2025-02-23 20:51:00,4549.79
MULYPK,2025-04-22 23:45:00,14652.85
BSBPYK,2025-12-16 16:15:00,94047.51
ADSIZC,2025-01-03 21:33:00,83506.69
IHCVPB,2025-10-23 23:49:00,80449.3
EEGZAU,2025-09-10 17:15:00,8462.19
TRUWWZ,2025-04-19 19:42:00,38736.58
FJXUFN,2025-09-28 09:22:00,15531.37
DZTSDF,2025-10-30 13:58:00,56206.52
PHXNGB,2025-05-18 07:39:00,81764.88
ODAIGU,2025-03-05 22:26:00,26459.93
SUBOKF,2025-11-06 15:00:00,92959.06
MUZXIA,2025-07-27 18:12:00,71704.28
SDQYCH,2025-12-20 04:36:00,19960.93
DTEQVS,2025-11-25 18:07:00,91980.04
NYZYRS,2025-05-08 04:45:00,6698.97
KILDHI,2025-05-08 23:02:00,70275.23
UJWLAO,2025-12-17 12:08:00,91800.23
CQHHHP,2025-05-22 03:36:00,3259.23
KEQFRU,2025-04-18 22:07:00,79357.31
XUEOFQ,2025-01-08 13:06:00,34404.84
XSTFWJ,2025-08-17 04:09:00,69636.91
PQPVNS,2025-03-05 11:20:00,92907.0
EEFDNA,2025-07-13 21:33:00,65588.94
QNDYMF,2025-08-16 21:12:00,81913.57
GVNLWH,2025-03-16 06:24:00,35492.39
GUWTTD,2025-12-07 21:15:00,48072.03
PJGGIO,2025-05-21 13:03:00,26194.24
XYCNGM,2025-08-10 14:10:00,8649.22
XZMERB,2025-01-31 23:29:00,51233.94
KRTKPG,2025-04-15 13:07:00,84080.21
JDGVHP,2025-03-14 09:17:00,19289.53
BDLRBE,2025-01-08 15:50:00,73162.27
QHCWQH,2025-02-03 18:29:00,35001.55
JFWBNJ,2025-11-26 07:28:00,21485.01
ZGBGVD,2025-05-22 15:24:00,27806.83
CRXGDP,2025-09-03 07:28:00,86242.2
YUBMSM,2025-01-09 07:41:00,47703.04
ZLMRHM,2025-04-23 17:32:00,62053.74
FHBGRD,2025-03-16 03:17:00,69354.33
PPHOHD,2025-09-25 08:44:00,12092.78
CKRPEI,2025-12-04 16:51:00,31539.98
GRONST,2025-07-26 00:04:00,55178.34
ZZZGOU,2025-02-24 07:57:00,29018.83
SRFNKY,2025-05-06 21:59:00,54148.16
NWOSTM,2025-11-11 18:51:00,88047.62
SUAGLG,2025-04-04 20:31:00,92925.56
SNEVTS,2025-01-02 04:01:00,33118.65
PKUREK,2025-12-20 17:26:00,55251.5
LVDJAQ,2025-01-01 15:12:00,20238.21
EBVBLQ,2025-06-06 23:48:00,42086.08
EKRWAM,2025-12-23 08:37:00,21350.94
WELAFP,2025-07-25 21:53:00,91380.17
EHCBKR,2025-10-17 18:22:00,11840.27
SOHGKW,2025-08-30 19:12:00,84903.65
JXGGTZ,2025-06-16 01:54:00,33925.61
VVCFVW,2025-08-30 07:34:00,33675.48
IQQFQX,2025-04-27 13:35:00,4511.69
DAWTTV,2025-02-09 03:36:00,85425.13
HXQMEH,2025-04-29 13:55:00,7036.66
RRHUOB,2025-08-28 13:34:00,94627.96
JAOQJW,2025-02-07 03:43:00,94059.26
FBPKVS,2025-10-08 14:45:00,15486.35
BXNVFM,2025-04-20 06:23:00,11910.77
YOGROR,2025-05-12 00:58:00,57049.97
ICHLQR,2025-03-03 08:41:00,57153.61
WVZLAR,2025-08-19 06:05:00,34354.91
TMCLHS,2025-05-02 19:07:00,11602.93
VNHBYD,2025-05-09 19:34:00,71670.43
KYYWSH,2025-05-04 01:30:00,66387.7
AFRJDR,2025-10-05 05:42:00,72674.03
JHSNJQ,2025-01-04 15:52:00,94287.64
KTFSEZ,2025-07-30 10:06:00,11161.34
SADCNS,2025-10-26 07:59:00,55962.08
LHDFTA,2025-01-01 13:44:00,35104.21
BWQADQ,2025-07-02 14:35:00,67026.39
IWSYGQ,2025-01-14 23:06:00,93224.85
XJJFTR,2025-10-20 00:42:00,28323.73
JUMBLF,2025-03-30 05:14:00,70847.7
SOCEWP,2025-04-02 06:52:00,22234.52
ZROYBZ,2025-03-09 09:29:00,8637.31
GQTMTL,2025-08-19 07:39:00,15375.38
KBRUZL,2025-03-02 23:58:00,69613.69
IRXMQI,2025-07-07 20:48:00,83975.31
AJMTTF,2025-06-03 21:27:00,17161.51
TKODIL,2025-02-02 05:30:00,37783.93
YYBGIH,2025-03-29 11:02:00,52038.73
CSUGRT,2025-12-17 13:06:00,10804.11
WDWBDA,2025-03-22 06:04:00,17144.05
ADBJBX,2025-02-25 13:14:00,67371.25
AFWINT,2025-03-27 08:45:00,50864.09
YPLGXI,2025-10-12 21:33:00,90396.95
NIKSDW,2025-10-30 18:21:00,84547.71
ZIZQAD,2025-03-22 19:34:00,63767.53
ZWHDDF,2025-04-21 14:27:00,18836.42
DRPGVM,2025-08-16 08:20:00,26941.04
GSKESV,2025-04-20 23:51:00,74006.48
DHVLRG,2025-01-11 06:25:00,30189.15
VTDSNH,2025-10-02 14:59:00,11374.28
JJVFIO,2025-10-25 03:50:00,66895.62
ROJTOT,2025-01-28 07:47:00,67424.8
UAZFNS,2025-02-27 17:30:00,39303.85
MHEAJM,2025-11-29 18:45:00,70860.33
HHGPNG,2025-03-11 01:33:00,19540.92
EBGCZD,2025-04-29 04:15:00,86536.12
HTZELP,2025-09-18 19:34:00,84366.73
IQNRCQ,2025-05-04 17:35:00,10688.25
NHBJOB,2025-09-26 17:05:00,26888.56
LJVQPK,2025-06-20 17:08:00,79186.13
GVSIME,2025-01-23 13:31:00,81222.54
ESSQGL,2025-04-16 04:51:00,75682.59
FXQRZY,2025-12-24 20:05:00,50651.87
SZGDAB,2025-11-16 14:04:00,41835.26
JBSDHK,2025-11-21 17:05:00,70872.18
YALTCP,2025-06-14 14:10:00,65683.18
PQNCCW,2025-06-22 00:02:00,73424.11
IDUDRA,2025-01-14 21:44:00,5227.06
KWGGNW,2025-01-16 02:20:00,18173.0
THYGEL,2025-11-23 18:05:00,10602.2
PJWPUK,2025-04-08 15:51:00,12039.98
VDTYIR,2025-10-03 20:23:00,8266.78
YWQTZE,2025-11-19 23:38:00,5377.4
PEYEMQ,2025-03-18 11:20:00,37872.15
LKTGXQ,2025-02-28 16:41:00,29667.29
HQISUL,2025-05-30 08:10:00,10823.72
LWLNZE,2025-03-17 19:42:00,56027.42
CBUKOG,2025-09-02 09:31:00,51044.44
QGFREU,2025-02-09 04:11:00,78840.85
WOXZUY,2025-05-28 16:39:00,75524.51
PGLUYW,2025-06-10 12:30:00,6715.25
AEDNQH,2025-08-11 14:01:00,7061.47
CVECWX,2025-01-26 00:42:00,27038.25
MOBLUG,2025-05-06 12:22:00,61573.45
SCYIOK,2025-02-15 11:46:00,50461.94
JMMQFC,2025-09-29 04:25:00,37750.35
RSOMVK,2025-03-04 07:26:00,16733.12
BHZYMF,2025-05-18 16:14:00,94141.41
LBOQGN,2025-07-09 21:03:00,36691.38
CZIAXX,2025-03-29 18:24:00,70123.17
AKIEVL,2025-10-10 22:02:00,60501.56
RUUPHF,2025-01-28 13:13:00,25115.87
MNKEGW,2025-11-05 19:35:00,45322.18
WNJIZE,2025-07-01 00:49:00,60444.63
CBOYEK,2025-11-22 16:11:00,14570.53
FIYHTG,2025-02-01 08:51:00,7322.77
HFODMI,2025-03-04 12:16:00,79810.64
VBOSQY,2025-03-05 17:58:00,51694.65
TWEKSE,2025-01-03 08:40:00,70462.22
IKPHNG,2025-11-26 05:35:00,90256.96
TZNDIS,2025-09-13 07:33:00,20834.77
HLEQPB,2025-04-07 16:41:00,8903.26
CVAQMV,2025-05-18 07:09:00,64915.98
WDINJU,2025-03-14 22:25:00,59954.87
VWQDPF,2025-06-01 23:10:00,50998.56
EZKNSW,2025-11-27 21:42:00,70210.76
ZCWEAM,2025-07-28 09:10:00,4905.26
VNFJEI,2025-08-03 22:08:00,36879.6
RUCGCF,2025-09-28 13:13:00,12576.55
GOPWBE,2025-05-09 02:29:00,83356.87
TYOBDB,2025-07-19 09:40:00,38869.04
XYZMIM,2025-07-01 11:48:00,29736.29
YRRVBJ,2025-01-22 05:25:00,75556.63
EDYXYS,2025-12-12 11:21:00,52999.17
IBSBJI,2025-04-06 09:12:00,91248.1
HCHNXW,2025-01-12 21:05:00,46224.55
MVBDPO,2025-06-07 13:50:00,28740.46
FLAOAV,2025-05-29 16:36:00,91317.4
WZYIKC,2025-09-29 16:58:00,87460.73
ZAUPDE,2025-04-26 23:06:00,36890.21
DICLSC,2025-10-12 22:32:00,50724.72
UWMPPS,2025-05-22 10:46:00,92467.8
IMZEQH,2025-08-27 19:53:00,67141.53
QEEQIN,2025-12-11 22:21:00,6453.77
FTVWOC,2025-12-18 20:03:00,94367.59
TTXXJS,2025-05-30 07:13:00,87316.7
PPHRUS,2025-04-17 11:12:00,79224.35
IGGDWA,2025-05-12 18:20:00,84280.18
TNFRFN,2025-03-04 12:46:00,23412.85
IHOTVJ,2025-03-14 03:05:00,11700.89
NHXUYJ,2025-11-04 14:33:00,45913.4
CPSCPW,2025-03-05 17:03:00,58794.0
DHBFCR,2025-04-12 07:37:00,11410.52
RLYTFD,2025-12-14 06:31:00,22943.97
RNYFBY,2025-07-27 20:20:00,94948.81
YCCONY,2025-01-21 13:54:00,6197.69
LQBIDQ,2025-02-09 02:58:00,72003.9
TCIWWB,2025-09-16 15:48:00,91476.49
MWVQZW,2025-07-19 03:29:00,91388.07
LNWBVU,2025-07-28 17:46:00,82489.46
NBBYUV,2025-01-05 00:58:00,20004.25
WDZGJY,2025-01-14 00:37:00,12820.61
URSIDB,2025-08-01 03:35:00,14767.45
KUKXHQ,2025-11-02 16:59:00,4207.06
KYDVPI,2025-12-19 12:21:00,46449.12
ARZRRF,2025-12-26 15:16:00,70092.03
PXISVK,2025-11-02 03:46:00,86530.19
ZCNRXR,2025-01-02 19:43:00,22660.56
QQYPZX,2025-07-08 19:50:00,34812.92
MAHTKQ,2025-01-30 02:19:00,58539.61
UQLCDB,2025-03-05 16:40:00,74011.8
CADCWE,2025-05-27 03:34:00,29886.4
OJNADL,2025-04-29 12:33:00,46915.91
FRNJUE,2025-01-14 18:08:00,72599.95
CLQXYR,2025-07-28 06:10:00,77975.07
QFIOOL,2025-03-22 06:38:00,58380.74
JNPDOH,2025-03-17 02:15:00,44518.86
PCLRGC,2025-06-21 10:26:00,10060.51
LUCJTO,2025-05-11 01:44:00,71633.44
DTQQBR,2025-05-31 04:33:00,52321.66
WITCMP,2025-01-22 11:40:00,4955.39
WGEGCH,2025-06-22 07:31:00,89074.49
GEPNUK,2025-08-08 13:50:00,71425.66
XRAEPB,2025-09-23 22:06:00,13719.16
SJBUMY,2025-03-07 13:49:00,80881.4
XVAPXE,2025-01-22 06:55:00,94103.76
SNBKXC,2025-09-24 06:23:00,38934.26
SJLBGM,2025-11-08 02:52:00,83153.64
NZUGTX,2025-01-14 12:09:00,66011.54
VGYLTW,2025-02-07 10:47:00,22582.52
NYLCQU,2025-03-31 06:16:00,85569.41
JYWPFE,2025-07-02 01:52:00,42541.0
OKGKOJ,2025-10-09 05:27:00,55627.82
UAIUHH,2025-09-06 20:54:00,47644.85
ZDMEQH,2025-10-15 20:57:00,16118.81
HCURMK,2025-04-18 16:53:00,27268.04
SPVPZX,2025-01-21 03:15:00,30968.57
XODUVH,2025-10-11 00:50:00,51558.51
SPCUAX,2025-08-18 06:21:00,30456.5
FWJGEX,2025-09-02 21:58:00,53626.52
PEMOCY,2025-09-28 04:26:00,7243.09
AOKIIP,2025-04-30 20:23:00,59534.79
XARLQI,2025-03-05 01:06:00,64366.37
MQYSVU,2025-08-20 22:44:00,4660.98
HFAAGJ,2025-01-25 16:23:00,94373.53
KFOXML,2025-10-25 22:04:00,76902.36
DAKHAQ,2025-05-27 18:11:00,89016.47
WJTEVG,2025-08-20 08:37:00,77273.89
ICBBSK,2025-07-26 19:45:00,55696.44
EIGHYB,2025-11-17 13:49:00,60452.52
WIZSJP,2025-07-12 21:18:00,79385.96
TSHVVL,2025-11-25 19:48:00,58228.58
MNGUCE,2025-12-13 21:48:00,93273.69
VWCAOC,2025-08-22 02:56:00,51043.54
VBSWES,2025-03-16 17:50:00,36688.61
IULUXL,2025-07-16 20:36:00,25834.47
GFJALL,2025-06-19 18:06:00,30085.49
XRPDYU,2025-09-14 09:36:00,59928.09
CLGULR,2025-04-10 05:56:00,20514.57
XGOTFV,2025-04-05 07:18:00,74808.59
DKHHLG,2025-08-09 12:36:00,54506.09
BSUYUW,2025-01-29 13:39:00,67370.34
LJCVUN,2025-10-13 15:09:00,39615.43
BHRKNU,2025-03-02 14:48:00,41428.74
GWSKHS,2025-01-16 20:28:00,19000.15
RFCOKS,2025-04-21 09:35:00,89758.9
QMWGOQ,2025-04-27 16:38:00,23276.56
RJGNJG,2025-12-10 21:38:00,86523.12
WKBMCI,2025-11-29 07:57:00,90406.01
IZMAFB,2025-03-12 21:57:00,54626.1
XNSKBU,2025-01-09 09:52:00,3282.65
CHIDSH,2025-06-26 13:56:00,64049.63
TTHCBF,2025-03-14 22:36:00,59120.65
QFIRUQ,2025-06-24 00:35:00,77021.84
HWZFVY,2025-03-17 12:37:00,73205.68
OUEUKG,2025-10-06 21:09:00,42941.39
VRDOVG,2025-05-17 02:50:00,53656.48
RXETSU,2025-10-21 12:22:00,40437.09
CBGTYH,2025-02-07 06:00:00,54685.05
UMJQOC,2025-08-07 03:43:00,79416.5
OOAPIL,2025-03-16 06:51:00,51622.43
YORMQE,2025-10-20 10:59:00,72038.8
JFLUFS,2025-05-09 06:49:00,27568.33
IMOFHU,2025-10-05 04:15:00,57060.23
VNABEF,2025-06-09 16:17:00,60595.8
JNNTLC,2025-01-21 00:53:00,91248.47
ASQNYO,2025-09-02 07:00:00,3599.23
LPOWEH,2025-09-21 13:38:00,38941.91
QLTOSQ,2025-07-19 02:03:00,13744.12
FFYOZM,2025-07-18 16:12:00,9905.22
WIESGO,2025-12-09 06:52:00,59293.87
HWWSAC,2025-01-14 01:04:00,37517.61
UPQBHL,2025-01-29 19:41:00,28690.73
DUQHWS,2025-05-31 20:38:00,9730.98
ZTIXEZ,2025-06-14 01:29:00,40516.78
FMARPB,2025-04-01 20:33:00,21022.76
SRGNYA,2025-10-26 14:41:00,40824.42
DJXUQR,2025-03-15 01:46:00,36889.22
UAZZCB,2025-11-23 08:17:00,4547.25
ZQDRFU,2025-09-11 14:28:00,58092.89
OVOCTC,2025-07-20 05:03:00,68717.01
AOKKIN,2025-08-18 04:46:00,40096.17
XOHNNV,2025-07-30 21:08:00,57860.7
IMIBUB,2025-06-26 00:35:00,76477.36
ZYFXTV,2025-09-09 23:40:00,78992.55
WXXJEP,2025-07-16 01:10:00,55018.77
DHNXIM,2025-11-05 02:49:00,74552.07
KIZTOS,2025-01-12 12:59:00,51206.29
ZKXVAN,2025-10-01 08:04:00,92267.32
JUPACB,2025-04-12 06:29:00,24354.41
WHGGZY,2025-03-09 10:22:00,68772.54
FCKSTB,2025-03-29 06:22:00,87255.38
OOXSPC,2025-07-25 03:29:00,53111.06
RVHYYP,2025-02-10 14:00:00,21852.37
ZIVRFE,2025-03-26 21:06:00,10230.7
EGUTWU,2025-03-25 00:24:00,13361.04
ABAVIM,2025-08-05 07:52:00,50223.09
JGVLYZ,2025-12-09 10:08:00,46030.95
MMTYUB,2025-10-07 18:22:00,37590.26
GVBTRD,2025-04-08 06:28:00,9838.92
MGQPKE,2025-12-08 17:18:00,31253.04
YSBFOA,2025-10-31 01:46:00,91433.88
JRESSI,2025-10-24 10:03:00,15958.3
GPYBFU,2025-07-22 09:32:00,6956.12
ZXWITG,2025-02-18 13:17:00,29197.98
COKBZX,2025-01-28 07:28:00,21849.91
OCXEKG,2025-05-09 03:25:00,46276.62
PTVJZO,2025-02-25 04:57:00,45614.87
FGJKNF,2025-09-13 21:32:00,18669.27
LPFJZN,2025-04-06 02:00:00,79724.12
EHUKWO,2025-11-24 02:56:00,48224.93
DXFQAT,2025-10-29 17:52:00,19780.06
VVJCUS,2025-11-18 06:16:00,50787.05
KMAARS,2025-08-03 05:36:00,53243.51
NWJYFI,2025-09-09 23:43:00,58797.46
FUPPUD,2025-04-30 13:55:00,79022.7
TEGJVU,2025-10-04 07:56:00,13578.66
FGBSEY,2025-09-21 05:34:00,65700.92
IWAKHV,2025-06-13 13:01:00,34139.36
HKMCHC,2025-10-21 14:47:00,5108.52
BFKOZH,2025-12-26 18:34:00,69164.83
FIVJAZ,2025-08-08 12:43:00,88293.7
ASHBSU,2025-03-02 14:30:00,67410.26
RRHUNX,2025-07-26 15:15:00,85828.75
KPKJSH,2025-09-23 04:55:00,75901.17
RNZNTX,2025-07-06 00:24:00,52737.1
HMQEDN,2025-02-13 21:53:00,18726.5
VVUIKH,2025-04-25 20:22:00,33165.94
TEAUAL,2025-03-23 02:25:00,65444.74
JEEATS,2025-12-04 11:00:00,74510.37
MMSGID,2025-10-04 14:59:00,12650.88
VGDNDM,2025-05-16 12:36:00,16831.33
KEWOJO,2025-02-07 16:41:00,73848.3
WOAMRS,2025-03-31 02:36:00,15764.46
BLUTXN,2025-10-18 12:29:00,72456.6
XZQJIP,2025-01-21 17:37:00,52151.87
QMELJG,2025-12-16 08:15:00,42556.42
UNRLQK,2025-11-08 17:18:00,75068.14
GIZHLP,2025-01-09 05:08:00,85080.24
XYVKXL,2025-01-20 10:51:00,6119.82
MRZVNQ,2025-11-06 22:46:00,24141.51
ENKAYO,2025-10-05 13:46:00,58036.51
NFZNJJ,2025-12-21 08:32:00,92154.04
KEAUED,2025-11-28 04:19:00,84189.19
IGZCBQ,2025-06-22 23:39:00,50122.92
EUTGWH,2025-11-19 02:41:00,10729.3
PJZYXY,2025-06-27 14:40:00,53203.7
TEWTHU,2025-08-23 01:44:00,63244.62
HFMNKO,2025-02-16 11:59:00,19471.89
RTJBJC,2025-10-06 12:28:00,38925.65
FSYQRH,2025-04-11 17:49:00,92434.08
JBPWLB,2025-04-06 00:59:00,59633.62
XDXQWU,2025-05-21 12:49:00,10175.25
BNNJMY,2025-11-11 02:46:00,60759.35
XLVAMC,2025-08-25 15:39:00,51962.15
XHMALT,2025-07-16 17:09:00,81846.19
VGXQGA,2025-10-22 13:32:00,48744.8
MRCPRP,2025-03-20 04:20:00,50482.75
EZCSTQ,2025-04-11 15:47:00,6512.55
RODKBT,2025-11-26 17:20:00,65703.77
EMODFL,2025-01-01 12:41:00,20133.82
EVPWIZ,2025-11-17 07:23:00,7772.23
GCXBNT,2025-05-18 00:42:00,85313.94
JTVLIF,2025-07-04 12:24:00,69947.35
AHDCOT,2025-06-19 21:29:00,55365.8
DUGIRM,2025-01-16 21:07:00,18448.61
PNVBVR,2025-10-05 05:49:00,71675.5
UTKLUX,2025-07-11 08:16:00,19795.16
HAQZAQ,2025-09-26 12:29:00,57610.73
QDEMWG,2025-04-11 04:22:00,79035.09
JURFLC,2025-11-10 09:11:00,61723.71
CRMMSG,2025-11-21 04:43:00,52008.69
ALOVAT,2025-10-22 08:50:00,39007.45
RJWHVD,2025-04-24 06:34:00,91363.67
KSFKDF,2025-10-21 03:21:00,40250.9
HFLUFL,2025-05-14 02:43:00,65608.71
ULOBXK,2025-06-17 05:34:00,73057.84
YANOXD,2025-09-05 05:58:00,89942.24
FUPTRP,2025-07-19 05:36:00,18810.86
MVWVIT,2025-10-29 07:55:00,66902.99
DYTSLR,2025-06-25 16:38:00,74914.8
IKUAOM,2025-07-09 03:14:00,82161.42
RMLSQS,2025-09-16 03:35:00,68376.61
CQFFWL,2025-07-09 11:01:00,90549.81
XWXPHC,2025-09-08 16:16:00,90975.83
ORKCLY,2025-10-14 10:01:00,59109.31
JIKNSB,2025-09-07 21:18:00,78887.3
WPZRYS,2025-04-25 00:12:00,31208.98
NVSGJV,2025-11-16 03:56:00,65139.26
YRFGXN,2025-09-20 18:04:00,88221.31
QNDQCH,2025-02-27 15:38:00,47550.92
HQOLEI,2025-01-25 06:33:00,79638.26
DLUXKY,2025-06-20 18:15:00,27760.31
QLCUSG,2025-01-20 02:53:00,36508.58
OWAKAE,2025-07-21 09:05:00,32922.63
VVPGLW,2025-08-21 03:20:00,79139.14
TKDILW,2025-04-14 03:13:00,70061.79
BCZNDL,2025-07-07 19:56:00,22731.02
KSBUZE,2025-08-03 15:46:00,80820.54
PQUXMV,2025-09-26 03:15:00,76489.94
ERZTCO,2025-08-18 10:02:00,4477.22
WGGABX,2025-11-14 08:54:00,16771.16
RKZLBK,2025-11-26 03:18:00,90435.58
GKTMSH,2025-02-14 01:49:00,35555.07
MKWIIQ,2025-08-22 12:39:00,51687.51
VYDFTY,2025-03-04 22:37:00,51182.33
XJZWDZ,2025-10-15 01:38:00,70390.16
KDAQJM,2025-03-09 15:00:00,27994.75
LTTFLP,2025-03-08 07:54:00,50311.53
NBFUPJ,2025-10-13 11:25:00,17976.64
RJXXAE,2025-03-12 10:35:00,77437.01
KWGEJR,2025-08-08 13:03:00,90910.24
ZSNEQY,2025-10-26 16:26:00,75891.19
DTPWGY,2025-08-19 17:28:00,28717.5
IUWIZX,2025-03-27 04:31:00,67961.35
USRUBM,2025-09-19 10:47:00,85171.73
ZIEWFQ,2025-05-24 17:40:00,34237.33
VLBOML,2025-10-29 13:23:00,76287.43
