ticket_no,book_ref,passenger_id,passenger_name,outbound
1000000000000,OHBVRP,CN 099613273,Jackie Morgan,False
1000000000001,OIVGRV,AL 262446704,Brandon Cruz,True
1000000000002,IFLBCB,KG 715160252,Michael Flowers,True
1000000000003,FNOGMB,GX 660464197,Jesse Tucker,False
1000000000004,FNOGMB,VT 512686120,Michelle Richard,False
1000000000005,FNOGMB,XD 760740177,Christina Hess,True
1000000000006,JMTPSI,BC 540842456,Melissa King,True
1000000000007,AOCLRZ,IU 508632181,Mark Larson,True
1000000000008,AOCLRZ,UX 579389701,Johnny Orozco,True
1000000000009,AOCLRZ,LV 168154660,Lee Cummings,False
1000000000010,AWZKSB,YP 613944988,Matthew Andrade,True
1000000000011,VRJNWV,LR 364248096,Amber Berry,True
1000000000012,VRJNWV,OB 624479513,Aaron Clark,True
1000000000013,GFYGWW,JA 979695867,Connie Carr,True
1000000000014,GFYGWW,CQ 277382646,Francisco Carson,True
1000000000015,GFYGWW,CR 851385445,Tracy Welch,False
1000000000016,MQZCUD,PY 959660487,Christopher Richards,True
1000000000017,MQZCUD,KX 116331942,Bonnie Lawson,True
1000000000018,MQZCUD,QR 653694551,Morgan Morales,True
1000000000019,IHYFJS,KL 886367747,Pamela Stewart,False
1000000000020,ONXKMT,OB 721696663,Aaron Gallegos,True
1000000000021,ECQOXS,KO 199605932,Brenda Harvey,False
1000000000022,ECQOXS,LE 968832753,Brandon Wood,True
1000000000023,FOGYRD,CP 410397739,Tammy Morris,False
1000000000024,FOGYRD,RR 195237100,Valerie Porter,False
1000000000025,OXKXWN,CE 616481980,Joseph Harrison,False
1000000000026,QRSRPE,QW 056876112,Amy Cain,False
1000000000027,MOKIUP,GV 256523734,Nicole Rodriguez,True
1000000000028,KDYROS,KR 734547574,Angela Nolan,False
1000000000029,JORUXX,KO 403595442,Pam Hernandez,False
1000000000030,JORUXX,NL 222946430,Micheal Nunez,False
1000000000031,DOCZUZ,GU 886792529,Kevin Green,True
1000000000032,RENKTU,OT 287276015,Jamie Howe,True
1000000000033,NPFZPD,VM 135779083,Chris Franklin,False
1000000000034,NPFZPD,CK 581488810,Andrew Sims,True
1000000000035,NPFZPD,RF 233720948,Dana Robles,True
1000000000036,JQIPVJ,ED 284033399,Morgan Lowery,True
1000000000037,IQVLBL,IL 137171731,Stephen Williams,True
1000000000038,IQVLBL,QW 961739970,John Hudson,True
1000000000039,ZXOIGF,VR 587844483,Devin Welch,True
1000000000040,FWDHJO,LE 127058772,Kathryn Garrett,True
1000000000041,KYRBME,GT 758231334,Megan Davis,True
1000000000042,KYRBME,YK 493925236,Joseph Garcia,False
1000000000043,KYRBME,XJ 879643474,Lisa Moore,True
1000000000044,YYMDHQ,DA 574696606,Nicholas Calderon,True
1000000000045,JARUHR,BY 403344505,Robert Proctor,True
1000000000046,JARUHR,UU 398741132,Justin Stevenson,False
1000000000047,JARUHR,GD 067349960,Nathan Harrison,False
1000000000048,IWRXPV,LT 417215622,Desiree Wood,True
1000000000049,HSBKDA,XX 598488402,Kristina Gonzales,False
1000000000050,HSBKDA,XV 557325737,Richard Dawson,False
1000000000051,UUQGWL,HD 902166670,Wesley Green,True
1000000000052,GGOTOG,OE 608587495,Kayla Smith,False
1000000000053,GGOTOG,WE 182819793,Krystal Mccann,True
1000000000054,MMJXWK,XS 725129578,Jessica Hill,True
1000000000055,MMJXWK,UB 694096003,Tiffany Preston,True
1000000000056,IXHAMU,XJ 587395923,Scott Silva,False
1000000000057,IXHAMU,QN 902851553,Christopher Johnson,False
1000000000058,IXHAMU,CV 335027160,Christopher Ritter,False
1000000000059,FBHXZT,GL 763369112,Christine Williams,False
1000000000060,PDPKFF,ZG 179556331,Barbara Sherman,False
1000000000061,PDPKFF,TE 700666155,David Rodriguez,False
1000000000062,UFEWIX,LK 167045023,Ryan Turner,True
1000000000063,IIQEJK,KA 700934596,Joseph Taylor,True
1000000000064,IIQEJK,OX 251207346,Timothy Sanford,False
1000000000065,IIQEJK,YW 050702608,Deborah Morris,True
1000000000066,QHMBNI,AI 053161177,Kelly Moore,False
1000000000067,QHMBNI,NQ 047742585,Scott Pacheco,False
1000000000068,WUSMTT,VG 932382231,Karen Goodman,True
1000000000069,WUSMTT,HK 334245798,Diane Gilbert,True
1000000000070,WUSMTT,JO 529060320,Debra Lam MD,False
1000000000071,ZQPXCH,CN 509775396,Robert Martin,True
1000000000072,CHPOEV,DQ 485524578,Dennis Gonzales,True
1000000000073,CHPOEV,DH 415608213,Scott Hines,False
1000000000074,BLJOLO,GM 547681826,Micheal Martinez,False
1000000000075,AETODO,ZI 358929880,Michael Parsons,True
1000000000076,AETODO,IN 825212932,David Valentine,False
1000000000077,ECVEGP,UT 646867752,Dale Williams,True
1000000000078,ECVEGP,EK 439910622,David Peters,True
1000000000079,RQFNII,EO 362669335,Renee Tapia,True
1000000000080,RQFNII,OH 192372450,Desiree Stafford,False
1000000000081,RQFNII,JE 973741897,Kelly Ingram,True
1000000000082,UKKEPY,TS 406417692,Nicole Cortez,True
1000000000083,EZAMGG,AD 811995376,Katherine Carter,True
1000000000084,EZAMGG,GT 448564510,Sharon Ramirez,True
1000000000085,QBWBAD,MH 964178996,Dana Simpson,False
1000000000086,QBWBAD,RT 191911359,Mary Williams,True
1000000000087,UDRPPG,QB 057798066,Jennifer Long,True
1000000000088,UDRPPG,WP 514607455,Christopher Mccoy,True
1000000000089,DZUVZG,FF 423885652,Richard Nguyen,True
1000000000090,PMMICI,OL 354116597,Luis Singh,False
1000000000091,BLRDPE,HM 755752250,Christina Chase,True
1000000000092,BLRDPE,FF 848826913,Susan Graves,True
1000000000093,CZJGDP,VZ 425856261,Suzanne Alvarado,False
1000000000094,IAFWPK,OS 370382407,Kelly Miller,True
1000000000095,AFENZD,AJ 320430977,Mrs. Courtney Wong,False
1000000000096,KYAYQY,XX 896964546,Laura Gutierrez,False
1000000000097,KYAYQY,YG 512538921,Taylor Flores,True
1000000000098,YDSBSU,DN 935837490,Kimberly Garcia,False
1000000000099,YJQTFJ,ER 208780572,Kevin Brown,True
1000000000100,MSNDLV,TI 409762637,Troy Hill,False
1000000000101,MSNDLV,TW 862895090,Elizabeth Hall,False
1000000000102,IDVUDD,LB 918623392,Bryan Madden,False
1000000000103,IDVUDD,VL 116966672,Kathleen Wilson,True
1000000000104,LEGHKD,PO 471246335,Henry Mann,False
1000000000105,GFLEME,AH 409080512,Jesse Davis,False
1000000000106,GFLEME,IN 995123972,Gabriel Torres,True
1000000000107,RPZHKP,CB 295927282,Anne Vega,True
1000000000108,LMCNFA,GF 144152982,Taylor Beasley,True
1000000000109,QLKHUQ,PX 578671815,Christopher Austin,True
1000000000110,NQTUPQ,QP 605079181,Tyler Henry,False
1000000000111,NQTUPQ,WM 886834527,Joseph Andrews,False
1000000000112,ZIQPTD,NY 617071587,Mark Powell,True
1000000000113,ZIQPTD,LP 080314998,Willie Townsend,False
1000000000114,UWEADN,LG 463580688,Anthony Johnson,False
1000000000115,UWEADN,KO 172351373,Michael Lozano,True
1000000000116,KGEING,ZC 140352635,Amber James,True
1000000000117,KGEING,AY 469434606,Kyle Howell,True
1000000000118,QIWEPX,EO 749060723,Steven Montoya,True
1000000000119,SKCITT,SS 128524648,Christopher Moody,False
1000000000120,NZPHAQ,EE 631873280,Deborah Juarez,True
1000000000121,JTQGIQ,CM 211369572,Darryl Whitaker,True
1000000000122,HGVJJR,LW 335090254,Mary Gordon,True
1000000000123,SMNTVN,QU 624813235,Steven Brown,False
1000000000124,ROQGFQ,DH 398482285,Seth Jones,False
1000000000125,ROQGFQ,YA 925502130,Jennifer Ferguson,False
1000000000126,DFOBRC,PY 130981079,Robin Mack,True
1000000000127,AVXIOQ,IX 379457727,Luis Cole,False
1000000000128,AVXIOQ,DA 642506420,Dustin Simon,False
1000000000129,KVCJTB,CY 625366677,Kimberly Perez,False
1000000000130,JAHESJ,XD 283333939,George Ortega,True
1000000000131,JAHESJ,XN 436271874,Pamela Russell,True
1000000000132,JAHESJ,KQ 268627036,Curtis Morgan,True
1000000000133,ICXLJJ,VI 269326573,William Becker,False
1000000000134,BICTXY,VF 980111000,Katelyn Bishop,False
1000000000135,CWNRPQ,EV 234159597,Steven Harris,False
1000000000136,CWNRPQ,KJ 822261896,Donna Garcia,True
1000000000137,GWXJAN,YE 312710267,Julie Lucero,False
1000000000138,VJPKZZ,WV 579927079,Alejandro Watts,True
1000000000139,VJPKZZ,MZ 462135415,Stacey Jones MD,True
1000000000140,LABLVV,KD 543848075,Marco Garza DVM,True
1000000000141,LABLVV,IN 650471580,Melody Baker,True
1000000000142,LABLVV,ZG 376604655,Kenneth Turner,True
1000000000143,YAZQVZ,FC 525483744,Rachel Russell,True
1000000000144,YAZQVZ,XE 581021312,Angela Wade,False
1000000000145,PRKYSG,OV 100591297,Robert Maxwell,True
1000000000146,PRKYSG,ND 231211063,Ashley Martinez,False
1000000000147,YCEOMD,DC 373792749,Jasmine Garrett,False
1000000000148,WTYOOB,LU 342893113,Aaron Thompson,True
1000000000149,WTYOOB,WV 949684364,Crystal Foster,True
1000000000150,QMZVRE,NW 442101750,Adam Zamora,True
1000000000151,QMZVRE,QU 701595919,Angela Duran,True
1000000000152,XRWPGZ,LK 757475833,Joanne Harmon,False
1000000000153,XRWPGZ,AB 756777226,Harry Marshall,True
1000000000154,RIVBHQ,NG 265062292,Rachel James,False
1000000000155,LLQCGM,MF 307624843,John Nelson,True
1000000000156,BWUYUB,SJ 270511579,Kathryn Graham,True
1000000000157,MGHYKM,NH 670425496,Tony Lara,True
1000000000158,MGHYKM,AP 525971075,Kendra Peterson,True
1000000000159,QCTBAH,UY 574859532,Gabriel Hall,True
1000000000160,ZIRUVV,GG 993379705,Tricia Perez,False
1000000000161,ZIRUVV,YX 877941763,Charles Morris,False
1000000000162,ZIRUVV,JJ 073305597,Charles Abbott,False
1000000000163,QMXBEQ,UD 598339914,Tina Washington,True
1000000000164,QMXBEQ,SB 436604432,Chloe Lindsey,True
1000000000165,VNUQHU,WU 572768297,Mathew Fisher,True
1000000000166,TGTQAU,DU 974292501,Donald Hill,False
1000000000167,ZSSJIM,WC 680656259,Jackie Stewart,True
1000000000168,AQYRVL,GH 080271122,Erica Avila,True
1000000000169,AQYRVL,ID 555165176,Miguel Davis,True
1000000000170,AQYRVL,PD 281372143,Maria Foster,True
1000000000171,NKTZJA,UU 370033228,Kristin Williams,False
1000000000172,TSNBYL,LC 847068103,Mark Foster,False
1000000000173,TSNBYL,AO 195826328,Kevin Smith,True
1000000000174,MPUDCC,QZ 862394535,Diana Hawkins,True
1000000000175,RNGEYY,VN 986321061,Dustin Johnson,True
1000000000176,VKQFSG,NG 394570394,Kelly Burgess,False
1000000000177,QONVFW,FE 537657692,Adam Gallegos,True
1000000000178,PRTOZM,RA 319100900,Dominique Hatfield,False
1000000000179,PRTOZM,RA 210533651,James Carroll,False
1000000000180,JBCPEN,LA 142473107,Elizabeth Johnson,True
1000000000181,JBCPEN,NE 984409712,Nathaniel Gibson,True
1000000000182,XEDAOK,TS 676209014,James Johnson,False
1000000000183,XEDAOK,SF 433700968,Christina Adams,True
1000000000184,MTSYFZ,XQ 451957782,Michelle Newton,False
1000000000185,PJPSAW,XS 556296575,Molly Fernandez,False
1000000000186,XGXBOL,WP 865619425,Michael Preston,True
1000000000187,XGXBOL,ZK 205829582,Paul Hensley,False
1000000000188,ZSHDDJ,KA 616188081,Robert Harris,False
1000000000189,ZSHDDJ,QZ 357155868,Joshua Dunlap,True
1000000000190,ZSHDDJ,JE 137230817,Gregory Russell,True
1000000000191,PHDIZD,HN 438130004,Elizabeth Campos,False
1000000000192,PHDIZD,VY 471656094,Ricardo Jones,True
1000000000193,QHJMUW,BQ 799070755,Eric Harvey,True
1000000000194,CNUGBJ,CF 816995706,Shannon Reyes,False
1000000000195,CNUGBJ,EC 113176539,Angie King,False
1000000000196,CKVECQ,GC 739610290,Juan Padilla,True
1000000000197,CKVECQ,LC 968049187,Christopher Hill,True
1000000000198,WPORXX,AY 561213773,Christopher Roberts,True
1000000000199,WPORXX,TC 604235973,Renee Whitehead,False
1000000000200,HFOPRC,YS 222990775,Tiffany Wilson,False
1000000000201,ETSPRV,SB 581670468,Michael Hurst,True
1000000000202,ETSPRV,FK 576832102,Brandon Rich,True
1000000000203,UIFIJO,HJ 858471296,Craig Keller,True
1000000000204,UIFIJO,LH 605080184,Dale Evans,True
1000000000205,UIFIJO,LY 373377731,Spencer Taylor,False
1000000000206,YSJTNE,KK 122821781,Lori Trevino,False
1000000000207,AAVIDA,BM 534606056,Paul Franco,False
1000000000208,DNAYXL,MH 932798623,Tara Myers,True
1000000000209,SBWKYE,ZR 061812054,Raymond Reynolds,True
1000000000210,AWTWYA,WS 489547876,Robert Stark,True
1000000000211,IVVIZM,HN 992751758,Kristin Fleming,True
1000000000212,IVVIZM,MW 449835539,Darlene Adams,True
1000000000213,IVVIZM,MR 644963924,Cheryl Rogers,True
1000000000214,OFORBF,MY 379821433,Michelle Tran,True
1000000000215,OFORBF,VJ 753674978,Gail Clay,False
1000000000216,OFORBF,JL 686013477,Benjamin Martinez,True
1000000000217,BYVQRZ,UH 406791766,Kayla Fisher,True
1000000000218,ZUKDIN,YG 001418842,Bryce Wolf,False
1000000000219,IBZLKQ,PO 900159446,Melissa Harris,True
1000000000220,BFPBID,KZ 853208953,Larry Walton,True
1000000000221,BFPBID,PA 021994711,Janet Weaver,False
1000000000222,LDQYUN,MY 234103469,Joe Martin,True
1000000000223,LDQYUN,WR 677269608,David Boone,False
1000000000224,DUVWYR,MN 855078967,Michael Kim,True
1000000000225,WAQFEB,PT 626335564,Michael Burke,True
1000000000226,VIDWOP,WX 709317069,David Burke,False
1000000000227,EXPCWB,EK 616453454,John Ramsey,True
1000000000228,PMBNJP,TK 983065031,Scott Newman,False
1000000000229,IEQHKN,LO 184724264,Michael Williams,True
1000000000230,IEQHKN,KP 190924876,Christopher Jones,True
1000000000231,IEQHKN,WX 111428178,Tyrone Morrison,True
1000000000232,DSQXXK,DZ 305248088,Brittany Frederick,False
1000000000233,DSQXXK,LT 239594737,Anthony Moore,True
1000000000234,MMVTHX,RW 016204787,David Bowman,True
1000000000235,KTGLBT,AK 878599648,Joshua Powell,False
1000000000236,KRYZTM,YT 319541966,Kathryn Ballard,False
1000000000237,KRYZTM,PJ 036279246,Ernest Gonzalez,False
1000000000238,KRYZTM,DP 767753726,Darren Gonzales,False
1000000000239,ELSOPG,SW 450576619,Stephanie Livingston,False
1000000000240,SXTRMZ,GJ 715534820,Kristen Williams,False
1000000000241,SXTRMZ,DW 838507659,Kristina Brown,False
1000000000242,HYKYCW,UV 891776808,Dominique Williams,False
1000000000243,HYKYCW,YR 657422319,Andrea Donaldson,False
1000000000244,IBQXEG,KQ 236936268,Andrew Turner,True
1000000000245,PVAAFG,FQ 047137271,Christine Ritter MD,False
1000000000246,PVAAFG,JQ 574988558,Steven Jensen,False
1000000000247,PVAAFG,GT 493306745,Michelle Meyer,True
1000000000248,BXODTJ,GS 412833372,Dr. Jared Crane MD,False
1000000000249,BLUHPR,QE 695413297,Heidi Newton,True
1000000000250,NZIXED,TP 662670551,Tammy Brown,True
1000000000251,BULRUP,KM 366343925,Dr. Timothy Sanders,True
1000000000252,BULRUP,DA 110286712,James Miller,True
1000000000253,FRCPWD,CL 559102451,Andrew Carter,False
1000000000254,KNQYVB,HE 326714949,Andrew Smith,True
1000000000255,KNQYVB,CZ 942817934,Diane Brown,False
1000000000256,FULFNW,QU 758446634,Mary Neal,True
1000000000257,ZQVRMS,JU 010912172,Joel Warner,False
1000000000258,RJAHMF,TN 937661894,Randy Watts,True
1000000000259,PUAFJW,FD 635100462,Mary Diaz,False
1000000000260,PSEPTF,YK 572565920,Jennifer Fletcher,True
1000000000261,CYBFSO,MU 520238974,Jennifer Tucker,True
1000000000262,CYBFSO,MN 559550178,Andrew Smith,False
1000000000263,ZSPTQL,BX 848689993,Michael Hodge,False
1000000000264,ZSPTQL,AL 984870450,Rebecca Gibson,True
1000000000265,XEJHWB,QT 679935937,Rebecca Wells,True
1000000000266,VJVWSD,CP 946408303,Sarah Montoya,True
1000000000267,RTQOHU,FL 488608490,Jeffrey Benjamin,False
1000000000268,MUHVIW,RB 136852830,Matthew Roberts,False
1000000000269,MUHVIW,BN 012424462,Matthew Potts,True
1000000000270,SLMNVE,PE 448811210,Heather Hubbard,False
1000000000271,SLMNVE,HE 217518878,Rebecca Blackburn,False
1000000000272,SLMNVE,ZY 152638409,Diana Miller,False
1000000000273,RULWHM,YY 528837505,Wendy Martin,True
1000000000274,SGMSOX,QX 632397913,Ashley Hunt,True
1000000000275,SGMSOX,QX 300730950,Randy Hughes DDS,True
1000000000276,LTATII,LI 571219881,Jennifer Monroe,True
1000000000277,LTATII,SC 519053486,Juan Arnold,True
1000000000278,RCDJSS,XE 246245618,Amy Evans,True
1000000000279,RCDJSS,GQ 212899151,Dr. Jason Johnson IV,False
1000000000280,IOWFGA,WI 939130448,Emily Martinez,False
1000000000281,KSEECV,AF 984841604,Angela Marquez,False
1000000000282,LDQEHE,ZI 119017075,Debra Williams,False
1000000000283,LDQEHE,NU 315229107,Christopher Ayers,True
1000000000284,ZFEKOR,JP 836084937,Caroline Bernard,True
1000000000285,DJJZKT,SR 384526969,Daniel Estrada,True
1000000000286,FPHJWA,VQ 649701693,Scott Martinez,True
1000000000287,FPHJWA,RZ 913203301,Laura Olsen,False
1000000000288,MMYNOX,CJ 903106153,Daniel Chung,False
1000000000289,MMYNOX,NY 556684732,Matthew Martinez,False
1000000000290,MMYNOX,DK 377460406,Sergio Hodge,False
1000000000291,HYCCTL,RL 784361424,Stephen Brown,True
1000000000292,HYCCTL,SR 819754373,Adam Floyd,False
1000000000293,BTKNDN,JG 737203763,Tracey Nelson,True
1000000000294,BTKNDN,EK 584148460,Brianna Adams,True
1000000000295,VGWNON,AJ 438998278,Ashley Roach,False
1000000000296,VGWNON,UT 869507321,Erin Norris,True
1000000000297,QQFKPL,YE 493699951,Jessica Horton,False
1000000000298,JEKAAC,JB 557385736,Stefanie Nguyen,False
1000000000299,SMESCO,RJ 360376811,Ashley Huang,False
1000000000300,STSSDE,RP 351040961,Chad Rojas,True
1000000000301,STSSDE,CE 539114983,Joanna Clark,True
1000000000302,ROQYYO,OK 073651189,Kimberly Sandoval,True
1000000000303,ROQYYO,ML 578201904,Jeffery Bailey,False
1000000000304,LQZMBH,ON 233324707,Cynthia Williams,False
1000000000305,LQZMBH,AK 354621276,Bruce Barr,True
1000000000306,IOPJRJ,BO 611231261,Joseph Cohen,True
1000000000307,IOPJRJ,QK 889957298,Carol Reeves,True
1000000000308,IOPJRJ,SY 745493036,Jerry Jackson,False
1000000000309,EDKYTM,ZP 912038187,Julie Davis,True
1000000000310,EDKYTM,IE 828323089,Nancy Taylor,False
1000000000311,VKSCHD,BF 814458220,Juan Morgan,False
1000000000312,VKSCHD,FV 318297168,Christine Pratt,True
1000000000313,STSZRG,KW 500000015,Julia Maldonado,True
1000000000314,STSZRG,UJ 371785090,Mandy Miller,False
1000000000315,IFCFMC,QK 844421829,Emily Chambers PhD,True
1000000000316,IFCFMC,EC 122489056,Donna Boyd,False
1000000000317,BVUMQB,UH 004365515,Julie Williams,True
1000000000318,BVUMQB,QD 136248355,Chris Gray,False
1000000000319,FORKLB,AM 608070633,Roberto Glover,False
1000000000320,FORKLB,HZ 098221040,Kristin Montgomery,False
1000000000321,WRRKCW,HM 804428773,Joseph Zamora,False
1000000000322,WRRKCW,RS 164321269,Phillip Rice,True
1000000000323,WLEHPC,UU 464203625,Kelly Brewer,True
1000000000324,WLEHPC,WX 417064625,Jessica Garcia,False
1000000000325,RLLBOF,QF 635582430,Sharon Williams,True
1000000000326,RLLBOF,PJ 489880315,Eric Conner,False
1000000000327,FEWAVU,RO 452790504,Kelly Greer,False
1000000000328,QGKVAS,ZU 335384951,Samuel Allen,False
1000000000329,FSQZWJ,MP 197871809,Charles Garcia,True
1000000000330,FSQZWJ,FW 326530601,Lynn Gonzalez,True
1000000000331,FSQZWJ,AL 561786880,Kathy Chang,False
1000000000332,CDFUQU,AP 915618298,Alexander Cochran,True
1000000000333,HXZGAQ,ZX 744916093,Felicia Walsh,False
1000000000334,IDADMH,IS 149118941,Haley Blackwell,True
1000000000335,XNWFOC,MG 092632239,James Woods,False
1000000000336,XNWFOC,IA 561140428,David Hill,True
1000000000337,WDNRJI,SG 053766608,Amanda Richardson,False
1000000000338,SCSFHB,MF 003083566,Carl Deleon,True
1000000000339,SCSFHB,WD 715312345,Pamela Hughes,False
1000000000340,OMZPTK,HQ 917768293,Katrina White,True
1000000000341,OMZPTK,EQ 480873543,Victor Wilson,False
1000000000342,TJAJAF,QX 603359101,Nancy Rice,False
1000000000343,OHDHPJ,LB 085991449,Michael Obrien,True
1000000000344,OHDHPJ,XQ 269996996,Jody Scott,True
1000000000345,FTSGTR,YO 971842859,Juan Jacobs,True
1000000000346,AEEPDJ,MG 140849932,Danielle Rivera,True
1000000000347,JYMMGV,SB 426698069,Richard Weiss,False
1000000000348,IERXYA,MO 607234838,Kara Sanders MD,True
1000000000349,VYGRAS,QH 382804056,Matthew Velez,True
1000000000350,VYGRAS,QR 082695826,Dr. Kylie Hamilton,False
1000000000351,UTLLQF,RR 561308761,Juan Berry,True
1000000000352,JCIEWV,JP 595143468,Pamela Aguirre,False
1000000000353,JWIYDU,BM 400273008,Patricia Atkinson,True
1000000000354,JWIYDU,VB 016831139,Stephen Brown,True
1000000000355,JWIYDU,AX 941491507,Austin Rose,False
1000000000356,MSPKYO,BF 976205344,Mark Gonzalez,False
1000000000357,MSPKYO,BJ 072662925,Kyle Myers,True
1000000000358,MSPKYO,ZH 760299140,Nichole Vasquez,True
1000000000359,XACUVE,MW 337312552,Deborah Waller,False
1000000000360,XACUVE,AY 170321192,Jennifer Mcdonald,False
1000000000361,XACUVE,HM 852778956,Paul Young,False
1000000000362,TZYYQY,JZ 444902950,Benjamin Contreras,True
1000000000363,PJFCIG,ZE 644037341,Andrew Roth,False
1000000000364,PJFCIG,LI 782210217,Tanya Stein,False
1000000000365,LVGCGH,OW 862985797,Ashley Lee,True
1000000000366,DAUJAP,VO 831828560,Ronald Baxter,False
1000000000367,DAUJAP,ZF 798661770,Joanna Rodgers,False
1000000000368,JEEYQV,LO 205068212,Jared Chan,True
1000000000369,NSZPFV,KJ 650587146,Erin Moore,True
1000000000370,RIYUOT,CJ 219259679,Kelly Carrillo,False
1000000000371,RIYUOT,CV 699848022,Patricia Adams,True
1000000000372,WFICNE,MV 386948424,Tiffany Holt,False
1000000000373,PORSOV,SP 114578870,Lisa Spencer,True
1000000000374,FBGWOT,NC 867673820,Howard White,True
1000000000375,FBGWOT,NK 177987682,Richard Stuart,True
1000000000376,GCKSTB,UR 225893708,Katie Higgins,True
1000000000377,CUYDSW,VR 350405669,Jennifer Lopez,False
1000000000378,XBJPHA,HZ 248255442,Andrew Nunez,True
1000000000379,KRYLKL,OM 942328946,James Taylor,False
1000000000380,KRYLKL,WV 156241528,Stephanie Armstrong,False
1000000000381,KRYLKL,VH 562926933,Tara Thompson,True
1000000000382,FNYNRP,QY 818655078,Melissa Garcia,False
1000000000383,FNYNRP,HR 574430349,Kristin Smith,True
1000000000384,FLJODO,LP 179720385,Samantha Jones,False
1000000000385,QDQQAZ,UM 364154715,Andrew Roberson,False
1000000000386,QDQQAZ,CB 367813675,Nicholas Diaz,True
1000000000387,DSRIKE,HH 141052769,Deborah Bradford,False
1000000000388,CWLTOB,HJ 927045238,Kelly Hoffman,True
1000000000389,SQDTMY,AY 258660598,Hannah Martin,True
1000000000390,EGPYKW,UL 227585485,Kimberly Ramirez,False
1000000000391,EGPYKW,ZS 942824911,Jack Delacruz,True
1000000000392,KSSSBQ,EP 000245393,Gary Taylor,True
1000000000393,ZRAKRX,CH 155130557,Shawn Ware,True
1000000000394,VDMVFS,YL 214448896,Mark Peters,False
1000000000395,XZOMZW,XG 367746202,Michelle Thomas,True
1000000000396,XZOMZW,IM 183281231,Dr. Tamara Roberts,False
1000000000397,OOMNQR,AQ 491060183,Sherry Brewer,False
1000000000398,OOMNQR,WE 827681722,Damon Tran MD,True
1000000000399,WUXQRI,JN 847262905,David Mcpherson,False
1000000000400,WUXQRI,TC 768316082,Robert Bond,False
1000000000401,OGOPCT,UL 733739920,Maria Thompson,True
1000000000402,YCCLXU,OT 936216591,Kenneth Bradley,False
1000000000403,YCCLXU,TR 255398358,Juan Young,False
1000000000404,YCCLXU,QQ 732643095,John Newman,False
1000000000405,IFSUVA,LC 127997029,Tiffany Jimenez,True
1000000000406,LMIYIX,LJ 978713752,Anthony Wright,False
1000000000407,LMIYIX,CC 012560832,Kelly Anderson,True
1000000000408,HGRKQE,QG 788897535,Julian Obrien,False
1000000000409,ZSVVZH,KY 003044361,David Nichols,False
1000000000410,DEJWOR,VW 239102929,Ashley Jones,False
1000000000411,URZZJX,EF 483093096,Anna Gonzalez,True
1000000000412,FYZAQI,HR 126022132,Kevin Davis,False
1000000000413,HDXRVR,GI 201911166,Toni Ortiz,True
1000000000414,HDXRVR,VU 072587339,Amanda Williamson,False
1000000000415,QLYOXG,GJ 653802748,Edward Lee,True
1000000000416,ROEBNJ,QU 408682509,Diane Garcia,True
1000000000417,UNOPEO,MW 935561039,Mrs. Donna Anderson,False
1000000000418,DSTPAH,WJ 013712436,Michael Crawford,True
1000000000419,ICCTFH,DB 230412027,Jacob Parker,False
1000000000420,ICCTFH,UU 874029907,Lucas Mendoza,True
1000000000421,GPIIYD,UQ 063224815,Jessica Atkins,False
1000000000422,GPIIYD,XZ 034030109,Caitlin Johns,False
1000000000423,GPIIYD,RX 756491579,Kristy Tate,True
1000000000424,XQVSIA,JD 712476010,Mrs. Jessica Thompson MD,False
1000000000425,XQVSIA,RW 030683176,Rebecca Palmer,True
1000000000426,XQVSIA,LB 080815712,Katherine Coleman,False
1000000000427,LVUJAP,PD 071380671,Ashley Cooper,True
1000000000428,GFNARC,LH 045847436,Daryl Miller,True
1000000000429,SXNCCP,QF 258857669,Allison Cunningham,True
1000000000430,XGRXIP,BJ 339627466,Bryan Smith,True
1000000000431,XGRXIP,GT 270004666,Kevin Warren,False
1000000000432,WDZRMH,CB 110797714,Lori Johnson,True
1000000000433,WDZRMH,UY 819490531,Deborah Young,True
1000000000434,DFQNPO,OO 094976987,David Lynch,True
1000000000435,DFQNPO,GJ 166984166,Christina Garza,True
1000000000436,MBDYVP,NV 794332562,Dustin Williams,False
1000000000437,IYKNEW,KB 499197014,Kaylee Garza,False
1000000000438,IYKNEW,AD 370878211,Tina Taylor,True
1000000000439,IYKNEW,MG 418135998,Mary Hopkins,True
1000000000440,JNLNOV,QG 211708894,Penny West,False
1000000000441,XJYMAR,WH 864482217,Robert Jones,True
1000000000442,JIIQZL,QI 785708200,Tammy Duncan,True
1000000000443,HQBIAW,FW 123691496,John Kennedy,False
1000000000444,HQBIAW,DU 794296882,Angela Moore,False
1000000000445,HQBIAW,YF 704095314,Lauren Duarte,False
1000000000446,YYPLUB,OV 078327488,Jessica Gomez,False
1000000000447,LQDIVA,NY 796240964,Heather Maxwell,True
1000000000448,HHVEEC,CA 960478421,David Baker,True
1000000000449,XXGLGC,AG 259364882,George Cruz,False
1000000000450,XXGLGC,IQ 486883906,Toni Osborne,False
1000000000451,XXGLGC,FT 879916091,Christian Archer,True
1000000000452,GONCUY,EU 359236133,Zachary Rodriguez,False
1000000000453,GONCUY,XS 304588165,Aaron Lopez,False
1000000000454,QHTDPB,UP 447241916,Christopher Knox,False
1000000000455,QHTDPB,IS 096617718,Corey Roberts,False
1000000000456,DEZBRG,RF 088067821,Joshua Mullins,True
1000000000457,DEZBRG,BN 135926648,Jason Abbott,True
1000000000458,DEZBRG,TS 969874869,Lisa Herman,False
1000000000459,FTCEFU,DR 450119292,Ann Peterson,True
1000000000460,FTCEFU,OM 605117160,Wendy Sanchez,True
1000000000461,MJEIRN,QU 365362189,Patricia Aguirre,False
1000000000462,MJEIRN,QL 009942489,Anthony Washington,True
1000000000463,MJEIRN,YB 489667605,Thomas Lutz,True
1000000000464,OLJTUY,KC 456577580,Adrian Gibbs,False
1000000000465,MHSDGM,QZ 338906235,Elizabeth Flores,True
1000000000466,BGYSHP,MW 265401659,James Anderson,False
1000000000467,BGYSHP,BE 622122427,Anthony Neal,True
1000000000468,PXJUNB,TG 591601124,Kara Morales,False
1000000000469,PXJUNB,EL 488600801,Thomas Christian,False
1000000000470,PXJUNB,YA 823129957,Jennifer Dawson,False
1000000000471,COAVDZ,NH 642612120,Denise Taylor,True
1000000000472,COAVDZ,JW 536596807,Nicolas Wilkerson,False
1000000000473,AUGUBU,UQ 482421838,Madison Richardson,False
1000000000474,AUGUBU,VJ 006445475,Paul Dodson,False
1000000000475,QQXJRE,UF 232748979,Sarah Jones,False
1000000000476,QQXJRE,IY 334272038,Steven Sanders,False
1000000000477,QQXJRE,QV 508019630,Sally Hurst,True
1000000000478,EFFFBG,OT 358824935,Cheyenne Hughes,False
1000000000479,VVXZIJ,EB 181677848,Scott Boyer,True
1000000000480,VVXZIJ,SE 544608385,Christopher King,True
1000000000481,VVXZIJ,DG 810539128,Manuel Cole,True
1000000000482,DLJJVQ,WS 699969882,Dawn Ryan,True
1000000000483,DLJJVQ,YO 792714724,Elizabeth Galloway,True
1000000000484,HAWQWB,PO 986424238,Brandon Daniel,False
1000000000485,HAWQWB,KN 912187062,Carla Young,False
1000000000486,UDSMTW,LO 983221010,Ms. Kayla Williams,False
1000000000487,GKGNJQ,OM 867661008,Aaron Brown,True
1000000000488,GKGNJQ,YY 761081435,Kristin Pham,False
1000000000489,GKGNJQ,RA 845319807,Antonio Ramsey,True
1000000000490,EOGWJX,AM 235469510,Pamela Pierce,True
1000000000491,HWRKOZ,EV 620545967,Wendy Bryant,True
1000000000492,BJXNNR,FT 664110654,Michael Graham,False
1000000000493,PJBMQS,LR 340785169,Ryan Kaiser,False
1000000000494,RBLRSW,JJ 058366834,Julie Mills,True
1000000000495,TVWALJ,BJ 626970838,Nicholas Cunningham,False
1000000000496,KQZEJV,BL 787915059,Stephanie Knight,True
1000000000497,OBFVHN,SW 609320126,Ryan Hudson,True
1000000000498,YADVKX,XI 826041809,Jordan Richmond DDS,False
1000000000499,TUUXKM,FS 851777412,Rachel Ward,False
1000000000500,TUUXKM,BR 882419962,Cody Jones,False
1000000000501,FDJKWN,IG 589170454,Charles Hahn,False
1000000000502,DRFRCQ,IX 705682092,Hannah Carter,False
1000000000503,DRFRCQ,KN 016356407,Aaron Andrews DVM,False
1000000000504,DRFRCQ,FF 282895400,Diana Lin,False
1000000000505,BFMCAR,YI 224731261,Theresa Montoya,False
1000000000506,NWGHWB,XA 710580119,Rebecca Brooks,False
1000000000507,HSRRLF,YC 115261053,Sarah Blackwell,True
1000000000508,HQTCOZ,QS 071695007,Keith Gonzalez,False
1000000000509,HQTCOZ,DA 948543298,Martha Wiley,False
1000000000510,MDANTN,UF 652944716,Laura Grimes,False
1000000000511,XIWQSU,QV 273481310,Rebecca Robertson,False
1000000000512,HAFVBL,CQ 963217435,Guy Hoffman,True
1000000000513,IYITOG,VB 268064860,Sierra Allen,False
1000000000514,IYITOG,ZO 448838425,Kevin Robinson,False
1000000000515,JQZWEZ,CR 462805507,William Velez,True
1000000000516,JQZWEZ,UA 551562392,Jennifer Cole,True
1000000000517,JQZWEZ,GF 510740913,Kimberly Cook,False
1000000000518,VCBBDE,KO 902547602,Julie Romero MD,False
1000000000519,UKBKZT,CU 354120122,Mitchell Watson,False
1000000000520,OASHZB,NU 002601515,Stephanie Howard,True
1000000000521,OASHZB,FG 947950740,Susan Reed,True
1000000000522,OASHZB,QW 798059503,Michele Richard,False
1000000000523,UKZNDS,RW 493403910,Amber Haas,False
1000000000524,XFBGPB,GO 089411849,Andre Lewis,False
1000000000525,LZHFZT,XY 855359520,Gabrielle Gilbert DVM,False
1000000000526,LZHFZT,EI 990069680,Anthony Stuart,True
1000000000527,VVOVXK,TL 378423394,Jeffrey Baker,True
1000000000528,VVOVXK,AN 006776255,Victoria Atkins,False
1000000000529,VVOVXK,GD 736542624,Gregory Smith,True
1000000000530,EGOHHG,AV 292334511,Catherine Brown,True
1000000000531,EGOHHG,QP 605308868,Laura Day,True
1000000000532,EGOHHG,DV 667329045,Stephen Wilson,True
1000000000533,MXWWUP,XB 875921299,Whitney Hawkins,False
1000000000534,JPGJQM,LE 362027558,James Hall,False
1000000000535,LMJWWP,TW 920711523,William Wu,False
1000000000536,LMJWWP,KF 219215818,Catherine Reynolds,False
1000000000537,ELXOFD,JJ 611863855,Melissa Cunningham,False
1000000000538,WKWLCR,WX 772168800,Kevin Edwards,False
1000000000539,WKWLCR,EL 931869289,David Nichols,True
1000000000540,KPONUO,DL 401822720,Desiree Ali,True
1000000000541,UJCEEC,RP 322041447,Lisa Herrera,True
1000000000542,OTYRLD,RI 811659930,Carlos Curry,False
1000000000543,WGETDC,WI 304232277,Morgan Anderson,False
1000000000544,CDXSEP,QZ 302816506,Ashley Watson,True
1000000000545,CDXSEP,GN 593777569,Michael Summers,True
1000000000546,CDXSEP,MC 029161746,Bonnie Jones,True
1000000000547,FNMGYD,NY 831043841,Caitlin Curry,False
1000000000548,LJYVCC,JX 316708056,Chris Miller,False
1000000000549,ZKPMUM,GZ 670636219,Jennifer Booker,True
1000000000550,ZKPMUM,MX 444076634,Isaiah Turner,True
1000000000551,ZKPMUM,YI 049627322,Danny Butler,True
1000000000552,EGJDCG,RJ 243625854,Roy Davis,False
1000000000553,ZVTFGP,OP 087991962,Jose Palmer,True
1000000000554,LCPTCC,IU 996433853,Susan Dawson,False
1000000000555,LCPTCC,MC 250583334,Virginia Valentine,False
1000000000556,LCPTCC,XU 587605457,Cynthia Miller,True
1000000000557,HHNKXX,PB 757694535,Michael Leonard,False
1000000000558,HHNKXX,IF 669861634,John Vincent,False
1000000000559,HHNKXX,WZ 095948152,Dustin Johnson,True
1000000000560,SYAXVR,DR 966472130,Erica Case,False
1000000000561,SYAXVR,LM 142614048,Jacob Love,True
1000000000562,MDYOPV,OQ 145430796,Steven Everett,True
1000000000563,EVGJRY,HF 008178522,Courtney Woodward,True
1000000000564,EVGJRY,GZ 845235426,Joshua Davis,True
1000000000565,EVGJRY,YV 701732086,Derek Frazier,False
1000000000566,SQUQMJ,MM 777296656,Samantha Walker,False
1000000000567,VFLQJW,PH 052781055,Brian Bartlett,False
1000000000568,TPSQZI,QM 272214257,Amber Johnson,False
1000000000569,MTFTJY,MH 913681720,Alexander Turner,True
1000000000570,MTFTJY,YP 286209297,Marcus Bell,False
1000000000571,MTFTJY,MH 533222739,Nathan Burch,False
1000000000572,PYVIQS,GW 735323661,Carrie Mitchell,True
1000000000573,PYVIQS,YH 087082697,Julie Davis,False
1000000000574,PYVIQS,GW 360107126,Renee Gallegos,False
1000000000575,VRHFPQ,QX 388217648,Tiffany Hooper,True
1000000000576,VRHFPQ,BO 422332228,Curtis Ramos,False
1000000000577,VRHFPQ,DY 258922256,Lawrence King,True
1000000000578,BGXBXT,PH 535063731,Stephen Haney,True
1000000000579,LNVXFM,TX 741307538,Denise Sutton,False
1000000000580,OIJESY,OK 136260846,Justin Hernandez,False
1000000000581,GGXIVH,EZ 154705549,Kara Diaz,False
1000000000582,CQVXNI,RB 164119556,Mark Jones,False
1000000000583,MYJKLS,ZL 693957875,Meagan Johnston,False
1000000000584,XNZKUC,GI 042620197,Robert Shepherd,True
1000000000585,CAXRUP,PD 393696789,Ann Parker,True
1000000000586,CAXRUP,XL 312677319,Keith Mills,True
1000000000587,CAXRUP,AW 075988978,Matthew Leonard,True
1000000000588,CNSWVY,MB 943191654,Mark Clark,True
1000000000589,CNSWVY,EW 523120219,Megan Floyd,False
1000000000590,CNSWVY,AI 644974700,Patricia Tucker,False
1000000000591,COIPTZ,CT 486764979,Justin Foster,False
1000000000592,COIPTZ,PW 656045006,Ann Velasquez,True
1000000000593,YEMXRK,FH 964969277,Daniel Gonzalez,False
1000000000594,CDXSXY,UA 963530597,Krystal Howard,True
1000000000595,CDXSXY,NS 276364315,Gregory Martin,False
1000000000596,GHAKMZ,TV 959654663,Lisa Hansen,True
1000000000597,GHAKMZ,KM 434414916,Shelly Mcmahon,False
1000000000598,MIQDPE,QB 449743946,Nicole Sanchez,True
1000000000599,XJGTHH,IM 822309586,Megan Sandoval,False
1000000000600,XJGTHH,AW 988941321,Misty Robinson,True
1000000000601,XJGTHH,SO 170754853,Betty Vazquez,True
1000000000602,SFWKRC,KB 922030044,Jennifer Rogers,False
1000000000603,SFWKRC,XH 939002512,Jane Brown,True
1000000000604,SFWKRC,OR 658963595,Scott Cook,True
1000000000605,GJBFOC,TM 619931458,Tracey Peters,True
1000000000606,GJBFOC,LM 113885034,Garrett Hughes,False
1000000000607,WBADZG,AN 203347424,Brooke Lambert,True
1000000000608,WBADZG,YP 796868008,Alicia Hall,False
1000000000609,WBADZG,ED 469021774,Michael Thomas,False
1000000000610,XPYFXO,JN 502385022,Wyatt Turner,True
1000000000611,XPYFXO,YO 752332829,Jennifer Morgan,True
1000000000612,BUGTPV,QA 913303033,Alan Rivera,True
1000000000613,YJICSE,NW 675076279,Barry Schwartz,True
1000000000614,SIWTEC,VL 024530123,Emily Roach,True
1000000000615,NAFBQN,DE 303420284,Deanna Freeman,True
1000000000616,JJUMHB,DC 017222405,Rebecca Pacheco,True
1000000000617,JJUMHB,GN 487177546,Miranda Hendricks,True
1000000000618,JJUMHB,YR 406583872,Lindsay Atkins,True
1000000000619,HXSPTH,ZW 122590956,Charles Wagner,False
1000000000620,DPAOYN,GI 237337912,Michelle Melendez,False
1000000000621,DEHFMI,QE 780358690,William Wilson,True
1000000000622,BOGKPT,NQ 403925199,Anthony Holloway,False
1000000000623,BOGKPT,PO 171222764,Cassandra Flores,True
1000000000624,JSBANW,LP 422162654,Catherine Smith,False
1000000000625,PKALQQ,TG 083344470,Tyler Stout,False
1000000000626,PKALQQ,RY 504702059,Kathryn Greene,False
1000000000627,PKALQQ,OQ 537749266,Melinda Jones,False
1000000000628,FHXEHI,YK 563427775,Travis Harper,True
1000000000629,GYGJBY,BP 616581292,Ian Hernandez,False
1000000000630,GYGJBY,LU 941156302,Neil Moore,True
1000000000631,ECOYXQ,QW 363726294,Maurice Perkins,True
1000000000632,VBWYEW,NU 549808513,Amanda Bennett,True
1000000000633,PUQOGX,LJ 004983211,Matthew Wolf,False
1000000000634,LVWVIC,AI 548158268,Ronald Casey,True
1000000000635,WIVPLX,WI 854880644,Mr. Steven Garcia MD,False
1000000000636,RDSEOL,UH 629877873,Megan Williams,False
1000000000637,RDSEOL,SQ 646419623,Norman Hughes,False
1000000000638,RDSEOL,CS 622132041,Leroy Espinoza,False
1000000000639,ZIETXD,CJ 147891179,David Robinson,True
1000000000640,ZIETXD,VJ 949812831,Jennifer Lynch,True
1000000000641,ZIETXD,IV 602000532,Daniel Reynolds,False
1000000000642,CSMCYM,JT 050524383,James Salas,False
1000000000643,CSMCYM,IS 692990076,Henry Norris,False
1000000000644,CSMCYM,NE 332838963,Rodney Avila,True
1000000000645,CUTGZI,JT 186267136,Paul Wagner,True
1000000000646,CUTGZI,RI 328233921,Ashley Dudley,False
1000000000647,EQCWPM,EF 279187506,Monique Walker,True
1000000000648,EQCWPM,XE 592088143,Matthew Henderson,False
1000000000649,SWXDPV,IP 617815969,Julie Wallace,True
1000000000650,RHZXBZ,YW 720266568,Michael Bell,False
1000000000651,RHZXBZ,KK 125734989,Sergio Andrews,False
1000000000652,VCYVLF,RO 607429907,Danny Nelson,True
1000000000653,SFXZHR,JA 941799670,Phillip Jenkins,True
1000000000654,SFXZHR,EG 748599464,Linda Parker,False
1000000000655,SFXZHR,NZ 416734785,Lee Gordon,True
1000000000656,ZFUBFB,YM 649804450,Kimberly Ferguson,True
1000000000657,MLISUG,CZ 052102627,Mark Drake,True
1000000000658,MLISUG,XO 082484581,Juan Winters,True
1000000000659,FUQSTC,MV 305748839,Shawn Berry,False
1000000000660,FUQSTC,AD 185630275,Roy Paul,True
1000000000661,FUQSTC,YS 661995305,Angel Cooper,False
1000000000662,MTBKSC,UB 784679087,Dean Cunningham,True
1000000000663,MTBKSC,RS 001365103,Kiara Martin,True
1000000000664,MTBKSC,XK 906745686,Wayne Anderson,True
1000000000665,WCCUWN,UB 215599672,Andrew Thomas,True
1000000000666,BROYDE,QF 190533470,Cathy Wyatt,True
1000000000667,BROYDE,GO 455939652,Steven Torres,True
1000000000668,QOZXGZ,DA 124553129,Emily Burns,True
1000000000669,VRKBJM,XR 117327726,Jennifer Barrett,True
1000000000670,VRKBJM,QT 585585229,Kimberly Sanchez,True
1000000000671,RYCCIE,FC 516185759,Ryan Taylor,True
1000000000672,PXPXXY,RE 054914774,George Williams,False
1000000000673,KCMJRC,LT 247841715,Jacob Lewis,False
1000000000674,XXCWEK,IB 449305378,Veronica Stevens,True
1000000000675,IHXZUP,GE 113389260,Calvin Robinson,False
1000000000676,RPHBVL,SJ 815278730,Stacy Burnett,True
1000000000677,RPHBVL,EZ 217465353,Eugene Brown,True
1000000000678,FHYJHQ,FF 915673446,Kayla Garcia,False
1000000000679,XQTCNN,IL 296914336,Jessica Gray,False
1000000000680,SSFMHI,SC 645099990,Dawn Bennett,False
1000000000681,SSFMHI,TF 739083521,Joseph Spencer,True
1000000000682,ECLTCF,WQ 424648849,Jennifer Boyd,True
1000000000683,ECLTCF,HV 285759582,Judith Wood,False
1000000000684,ECLTCF,HI 179789124,Kevin White,False
1000000000685,ZRUQWT,ZG 170598445,Lee Heath,True
1000000000686,ZRUQWT,OB 728681123,Rebecca Harris,True
1000000000687,EJISTK,RV 811939781,Jonathan Walton,False
1000000000688,EJISTK,UJ 992177905,Stacy Johnson,False
1000000000689,TTSOLY,VA 335158807,Jessica Henderson,True
1000000000690,TTSOLY,PI 601193910,Maureen Lee,True
1000000000691,XGOHMY,SH 255136090,Kenneth Wells,False
1000000000692,IPYFBX,TD 810450243,Joseph Garcia,False
1000000000693,IPYFBX,SW 873662713,Benjamin Cooper,True
1000000000694,IPYFBX,WB 353900585,Linda Carroll,True
1000000000695,JKXDZJ,LW 315663979,Mark Carter,True
1000000000696,INFETZ,FL 436902837,Shawn Garcia,False
1000000000697,TUEHAX,FY 666053428,Scott Stephens,True
1000000000698,TUEHAX,IO 610197535,Dawn Montoya,False
1000000000699,TUEHAX,NA 510388027,Jennifer Baker,False
1000000000700,AKEIUP,WL 281444718,John Clark,False
1000000000701,AKEIUP,SW 096906764,Evan Lewis,False
1000000000702,AKEIUP,DW 092288498,Mary Lawson,True
1000000000703,ECDRHW,RM 135872717,Francisco Woodward,True
1000000000704,IXJOLL,LG 811640343,Walter Shaffer,False
1000000000705,XIBGDH,ZS 387758333,Stephanie Hunter,True
1000000000706,HJTKKU,GO 130909153,Joanna Calderon,False
1000000000707,TOWHSF,PK 262542041,Tracy Lopez,False
1000000000708,TOWHSF,BD 057720441,Crystal Miller,True
1000000000709,TOWHSF,PE 419324538,Kathleen Vargas,True
1000000000710,QMOJRI,EJ 122487098,John Jensen,True
1000000000711,QMOJRI,YJ 963225174,Victoria Glenn,False
1000000000712,OTNIFG,MT 326118900,Adrian Collier,False
1000000000713,PKLLJK,DJ 307028672,Jeffrey Watts,True
1000000000714,QNUMVK,IL 366219536,Amanda Rogers,False
1000000000715,CBFCPX,AB 500173259,Gerald Alvarez,False
1000000000716,CBFCPX,YK 307221138,Cindy Murray,True
1000000000717,KQPNXK,VA 672210454,Jordan Wilkerson,True
1000000000718,ANOBFO,AD 281707443,Yvonne Rodriguez,True
1000000000719,ISPTEP,LN 225216025,Mrs. Courtney Turner,True
1000000000720,ZZRZTD,BN 094477269,Debra Miller,True
1000000000721,ESDKCA,TU 513276179,Jennifer Garrett,False
1000000000722,EDNVMJ,IG 455985160,Tracy Byrd,False
1000000000723,UTUUWZ,ZI 891268649,Michael Flores,True
1000000000724,UTUUWZ,HR 862376008,Dawn Hawkins,False
1000000000725,IWXGJG,SN 378191907,David Dixon,True
1000000000726,IWXGJG,MY 006983692,Bianca Kim,False
1000000000727,UPDHRC,KH 864708213,David Fernandez,False
1000000000728,PJGDSY,VA 021237205,Donald Lopez,True
1000000000729,PJGDSY,PL 008863467,Pam Smith,False
1000000000730,NAPKUK,LF 991141600,Aaron Black,False
1000000000731,UUMWKF,VT 327379897,Paul Burton,False
1000000000732,GDFTFB,PC 548186746,Jasmine Weaver,False
1000000000733,GDFTFB,CF 984336113,Thomas Cabrera,False
1000000000734,FZGDPN,ZT 198545829,Kelly Miller,True
1000000000735,LWDDSF,BC 015353466,Albert Fields,True
1000000000736,MPRESI,GD 449466720,Tony Lawson,False
1000000000737,AGBIQU,CM 028182238,Debra Schneider,True
1000000000738,XWZXCZ,SU 620858174,Donna Smith,False
1000000000739,DKJMXJ,AS 536423570,Julie Clarke,True
1000000000740,DKJMXJ,OL 828518161,Manuel Riddle,False
1000000000741,DKJMXJ,OD 046100792,Vanessa Reed,True
1000000000742,SEYGCW,UV 283827101,Jason Brown,False
1000000000743,SEYGCW,TX 961512048,Christina Strong,False
1000000000744,SEYGCW,CA 534460422,Nicolas Graham,False
1000000000745,JRNRNH,UV 019153057,Dr. Elizabeth Bryan,True
1000000000746,IGZXYV,FA 472435861,Victoria Maynard,False
1000000000747,JXWJMM,AT 127267086,Carla Stewart,True
1000000000748,GZGCCC,CG 622419768,Taylor Frederick,True
1000000000749,GZGCCC,CA 771290350,Debra Hanson,False
1000000000750,ITVZEH,ZN 897422354,Ashley Dixon,True
1000000000751,DJMGIU,MV 682121564,Eric Barnes,True
1000000000752,DJMGIU,FX 206441119,Carla Scott,True
1000000000753,NUKZNV,YS 730634359,Joshua Schmidt,False
1000000000754,TLVGGI,ZQ 188496806,Sharon Drake,False
1000000000755,TLVGGI,FZ 102125434,Alicia Bradford,False
1000000000756,TLVGGI,JG 604986037,Danielle Johnson,True
1000000000757,FTKTEB,JL 003203197,Maria Wagner,False
1000000000758,XVRHAL,GW 140034713,Susan Williams,True
1000000000759,TYUSOB,WD 786016259,Nicole Lawrence,False
1000000000760,MEQPYX,CV 478550113,Deanna Perkins,False
1000000000761,MEQPYX,IX 072887807,Joseph Mccarthy,False
1000000000762,LKOUDL,XN 716160881,Philip Espinoza,True
1000000000763,LKOUDL,MF 399647718,Ruben Anderson,False
1000000000764,LKOUDL,XY 681024808,Darrell West,False
1000000000765,EKHOUN,KH 024432362,Sean Mason,True
1000000000766,XYJRPC,YZ 968574670,Andrew Holder,True
1000000000767,KSHMBC,VH 913952150,Michael Jones,True
1000000000768,UAJASN,PH 610703350,Stephanie Colon,False
1000000000769,AGXNEV,SG 319839248,Stephanie Moore,True
1000000000770,UDTIHN,GX 169105302,Alexander Turner,True
1000000000771,UDTIHN,TJ 864633953,Jamie Cortez,True
1000000000772,JUQEHY,YB 147642789,Aaron Smith,False
1000000000773,ULDIVI,VZ 855128177,Barbara Kennedy,False
1000000000774,WRXURP,OC 978155426,David Watson,True
1000000000775,ZSQNEM,BX 360244654,Robin Murray,True
1000000000776,PRJTOT,XY 710730871,Charles Howard,False
1000000000777,PRJTOT,HB 370317543,Nicole Castillo,False
1000000000778,XSTNST,KL 148572602,Stacy Phillips,True
1000000000779,XSTNST,CA 862728840,Randy Foster,False
1000000000780,XSTNST,ZE 632713538,Chad Griffin,False
1000000000781,FUEWJY,ZQ 386879060,Charles Munoz,True
1000000000782,URSHKR,WY 932055340,Taylor Chaney,True
1000000000783,IYZWXZ,BQ 273961597,Joseph Flowers,False
1000000000784,JSCSTF,TV 567078977,Emily Maldonado,True
1000000000785,JSCSTF,ZV 903842273,Christopher Jefferson,True
1000000000786,WCPQVE,XP 022271117,Joy Clark,False
1000000000787,NMIRJS,XH 716204298,Jessica Martinez,False
1000000000788,RIGNVL,NL 830521690,Ryan Powell,True
1000000000789,PPDQHO,RF 269801426,Cassidy Johnson,False
1000000000790,OODGAV,XC 177031637,Amy Payne,True
1000000000791,OODGAV,RY 493326724,Melinda Pugh,True
1000000000792,OODGAV,IO 729476380,Sarah Roy,True
1000000000793,TEGRXI,GS 540259985,Amanda Sanders,True
1000000000794,TEGRXI,YO 727281291,Nancy Walker,True
1000000000795,AJKAPE,KD 960266765,Anthony Proctor,True
1000000000796,AJKAPE,UA 397499507,Kristen Torres,True
1000000000797,EPMWSU,AQ 067560208,Kimberly Turner,False
1000000000798,SPDXFP,NC 290221543,Ashley Moyer,True
1000000000799,KOIVUC,AK 932253332,Joshua Sloan,True
1000000000800,KOIVUC,VY 555019354,Austin Moore,False
1000000000801,LALCZY,WX 698884393,Stephanie Perez,True
1000000000802,FLVSCA,WK 362962080,Shaun Phillips,True
1000000000803,TKMGVS,XV 124412907,Kimberly Brewer,False
1000000000804,DPIHFI,ZM 999201237,Jenna Velez,True
1000000000805,DPIHFI,KN 421062941,Joe Chapman,True
1000000000806,GDRMZH,EX 192267131,Gloria Odom,False
1000000000807,GDRMZH,JS 475286461,James Raymond,True
1000000000808,GDRMZH,IR 300992845,Marc Martinez,False
1000000000809,VKUDPQ,UX 535505143,Christopher Rodriguez,False
1000000000810,VKUDPQ,DM 308779724,Kevin Garcia,False
1000000000811,TLAVVY,YH 221883458,Jacqueline Figueroa,True
1000000000812,SKRWML,MN 487706769,Nancy Costa,False
1000000000813,SKRWML,DT 865159025,Nina Chapman,False
1000000000814,NOZBGU,KX 085858838,Donna Hamilton,True
1000000000815,NOZBGU,QL 262084672,Jeffrey Leon,False
1000000000816,FZQGLI,LW 551962822,Heidi Bradshaw,False
1000000000817,EUPAQY,WQ 624728639,Brian White,False
1000000000818,PCWRVT,MA 223414992,Maria Davis,False
1000000000819,PCWRVT,VD 627026604,Lisa Rios,True
1000000000820,LUKAQP,VW 174003910,Heather Lee,True
1000000000821,LUKAQP,FL 389222471,Daniel Wood,False
1000000000822,LUKAQP,RZ 608277056,Samuel Neal,True
1000000000823,XSPDQH,AA 076264385,Michael Butler,True
1000000000824,XSPDQH,MY 461762313,Crystal Thompson,True
1000000000825,DTKZRG,YW 944164231,Adam Giles,True
1000000000826,DTKZRG,AW 372776857,Robert Wilson,True
1000000000827,DTKZRG,EU 494290461,Scott Clark,False
1000000000828,TXTSHO,SL 017999324,Ariel Pierce,True
1000000000829,SXNOOI,WB 744417234,Christopher Castro,False
1000000000830,EJDVMX,XI 694790254,Rebecca Mason,True
1000000000831,ASJEWI,HB 268904723,Darin Wilkinson,False
1000000000832,ZQNWPR,LF 095385574,Deborah Delgado,False
1000000000833,WMYFHC,QR 990093781,Donald Morris,True
1000000000834,HTXEKH,ND 614378844,Eric Mathis,True
1000000000835,DJGMKI,ZJ 756467263,Nicholas Miller,True
1000000000836,JKUHCH,DJ 541858990,Stephanie Casey,False
1000000000837,RNTLFF,BS 108450786,Tim Jackson,False
1000000000838,RNTLFF,LG 605033746,Heidi Mullins,True
1000000000839,RNTLFF,VL 730671822,Alexander Webb,False
1000000000840,GCZDDI,BV 941908788,Stephen Alvarez,True
1000000000841,GADKDJ,SG 067396342,Peter Lowe,False
1000000000842,GADKDJ,IH 760550492,Sheena Gordon,False
1000000000843,GADKDJ,NL 861867066,Amy Wong,True
1000000000844,DRZTUB,NF 290739928,Pamela Morales,True
1000000000845,ZQAVNL,DF 271826533,Lacey Herrera,True
1000000000846,ECBWSE,BN 649426942,Thomas Smith,False
1000000000847,IDEECS,WX 313549014,Leslie Mcdaniel,True
1000000000848,ALXIXP,AX 692195873,Veronica Cole,False
1000000000849,UPAXYC,DU 438843021,Lawrence Martin,False
1000000000850,YYFRQI,WW 066431589,Jennifer Shaw,False
1000000000851,YYFRQI,XC 492815037,Amber Gray,True
1000000000852,IPWHLI,OI 264070308,Anthony George,False
1000000000853,ZHIUOA,JL 172628296,Martin Cline,False
1000000000854,ZHIUOA,VK 850072889,Patricia Whitaker,True
1000000000855,WBTDRU,YH 116806919,Matthew Welch,False
1000000000856,IBIYOP,DD 080820391,John Myers,True
1000000000857,DWJRMU,OP 634443596,Regina Gamble,True
1000000000858,DWJRMU,QX 701204242,David Murillo,True
1000000000859,WHCZQA,KC 237530284,Kyle Richards,False
1000000000860,NXBPNE,UI 396702436,Robert Padilla,False
1000000000861,NXBPNE,YX 553648187,Stephanie Parker,True
1000000000862,NXBPNE,CF 364882159,Diana Smith,True
1000000000863,GMCCMR,ZZ 662323606,Jacob Crosby,False
1000000000864,TDPVCZ,FQ 649125949,Reginald Cordova,True
1000000000865,TDPVCZ,NI 429862269,Brandy Williams,True
1000000000866,COINWX,LM 799623569,Jason Jones,True
1000000000867,DIGSOU,GD 983358768,Brittany Melendez,False
1000000000868,DIGSOU,HZ 604134820,Joanne Lopez,False
1000000000869,DIGSOU,ZA 539839122,Lawrence Wright,True
1000000000870,KUKMXR,SU 076291430,Steven Roberts,True
1000000000871,KUKMXR,IC 038975287,Andrea Turner,True
1000000000872,UPTJQH,DH 642240592,Kimberly Newman,False
1000000000873,OATRDJ,NZ 976691948,George Hall,False
1000000000874,OATRDJ,QX 805682017,Todd Bentley,False
1000000000875,LVLORB,WW 661869572,Timothy West,True
1000000000876,JFDWPQ,UO 404347412,Morgan Stuart,True
1000000000877,YYHUSA,MP 956100777,Mary Olson,False
1000000000878,AJTYLW,NV 036192025,Jon Arellano,False
1000000000879,AJTYLW,UL 387337034,Linda Jones,False
1000000000880,AJTYLW,CV 748904760,Sarah Collins,True
1000000000881,IEPOTT,EY 351076519,Jennifer Anderson,True
1000000000882,IEPOTT,FR 851732895,Andrew Ellison,True
1000000000883,JZDDJA,VF 918580558,Corey Scott,True
1000000000884,JZDDJA,ZD 744965391,Rhonda Morris,False
1000000000885,AJHIYP,IR 409304541,Samantha Smith,False
1000000000886,AJHIYP,ZX 822180396,Dr. Danielle Leblanc,True
1000000000887,AJHIYP,II 385886407,Todd Simon,True
1000000000888,QNVPFC,VU 516469333,James Moore,False
1000000000889,XFIUMD,FC 974408806,Curtis Cantu,True
1000000000890,XFIUMD,US 092019918,Traci Hansen,True
1000000000891,RYRMMC,IR 113266115,Veronica Glenn,False
1000000000892,EMZWLU,DZ 632119604,Kristina Cooper,True
1000000000893,QJNENV,TR 539707745,Victoria Thomas,False
1000000000894,QJNENV,VE 082317146,Nicholas Benjamin,False
1000000000895,QJNENV,PU 946766262,Laura Daniel,False
1000000000896,TANMVH,IX 530261840,Laura Livingston,False
1000000000897,TANMVH,ZZ 686050630,Mr. Jerry Robinson,True
1000000000898,VWEPSM,HA 281640989,Ronald Watson,True
1000000000899,TNZPJU,QV 203025209,Laurie Vargas,False
1000000000900,TNZPJU,ZC 597953192,Curtis Bender,True
1000000000901,TNZPJU,IC 275745449,Mitchell Jordan,False
1000000000902,XSYDIP,OJ 445381180,Paul Estes,True
1000000000903,XSYDIP,KM 583445662,Joshua Price,False
1000000000904,WTQXGF,GZ 970566036,Jacqueline Martinez,True
1000000000905,WTQXGF,IM 070472660,Charles Weaver,False
1000000000906,DGZUEW,RU 501530173,Zachary Diaz,False
1000000000907,DGZUEW,XI 156058790,Ann Crawford,True
1000000000908,UNXUAC,UV 954794064,Eric Clark,True
1000000000909,UNXUAC,OK 790571918,Brent Cain,True
1000000000910,UNXUAC,PM 469365618,Jessica Manning,True
1000000000911,KOVJBQ,PV 876805702,Michelle Simpson,False
1000000000912,KOVJBQ,BM 184301922,Sarah Solis,True
1000000000913,KOVJBQ,QC 297323964,John Robinson,False
1000000000914,JLLUAS,KC 326769924,Justin Anderson,True
1000000000915,JLLUAS,BK 238520232,David Fitzpatrick,True
1000000000916,JMVOYK,NT 693328442,Michael Smith,True
1000000000917,JMVOYK,IY 907551545,Benjamin Garza Jr.,True
1000000000918,PFJPRV,AT 999138310,Timothy Morris,True
1000000000919,QWFUPV,DN 322622777,Rachel Rollins,True
1000000000920,QWFUPV,NJ 806647070,Bernard Tanner,False
1000000000921,QWFUPV,FU 595298424,David Salinas,True
1000000000922,FDKUYW,GK 402740675,Margaret Moody,False
1000000000923,KIUIFL,QW 062003638,Jason Watson,False
1000000000924,IPDHCE,FP 461497459,Rebecca Acevedo,True
1000000000925,IPDHCE,MT 997984914,Ashley Schaefer,True
1000000000926,QDWAAI,SN 550493266,Amanda Singh,False
1000000000927,QDWAAI,ZP 461212898,Patrick Hester,True
1000000000928,QDWAAI,LR 948534001,Sean Garcia,False
1000000000929,OOETJA,OK 223984742,Patrick Huerta,True
1000000000930,NGDXDN,HP 718882237,Mike Francis,False
1000000000931,NGDXDN,SU 841680613,Karen Rivera,True
1000000000932,NGDXDN,BR 799846058,Marvin Morales,True
1000000000933,OQNEQF,ZZ 638309723,Derrick Hampton,True
1000000000934,BAIJAA,UW 261662016,Ryan Brown,False
1000000000935,BHURIS,FW 645786555,Morgan Cohen,True
1000000000936,BHURIS,HY 640006875,Vincent Scott,True
1000000000937,BHURIS,GJ 405166545,Rhonda Foley,False
1000000000938,BGSRBZ,MH 189974023,David Turner,True
1000000000939,BGSRBZ,AM 835701703,Joseph Simmons,True
1000000000940,LGGHJP,UD 423860205,Marcus Patrick,False
1000000000941,MNHQWR,OE 941349096,Nancy Walker,True
1000000000942,YZFXZD,NX 972452841,Karen Washington,True
1000000000943,YZFXZD,AK 507356748,Devin Smith,False
1000000000944,KPSOTR,AK 940598026,Mark Ashley,True
1000000000945,FPPWCF,RN 031589258,Danielle Thomas,True
1000000000946,FPPWCF,SI 420319777,Alicia Lee,True
1000000000947,ZYYJED,AG 141864823,Jack Diaz,False
1000000000948,ZYYJED,PP 586841962,Misty Combs,False
1000000000949,OASKFF,ES 058694276,Carol Snow,False
1000000000950,OASKFF,XF 730662931,Christine Sweeney,True
1000000000951,BPYVKG,KT 788242655,Ms. Stephanie Duran,False
1000000000952,HCONSK,CN 623272371,Joshua Huff,False
1000000000953,ERCERR,ZT 237900654,Lauren Hooper,True
1000000000954,ERCERR,AF 847795417,Marcia Brown,False
1000000000955,IKQCLU,WL 889073781,Dale Warren,True
1000000000956,BNLJWT,NG 945896268,Johnny Brown,False
1000000000957,ZETKKP,LZ 802076123,Jorge Jenkins,True
1000000000958,ZETKKP,PY 905188129,Catherine Walls,False
1000000000959,KYRIVY,CH 182070669,Maria Boone,False
1000000000960,WVIYSU,RT 298268933,Kevin Robinson,True
1000000000961,FGVWDG,UD 497035067,Tara Kim,True
1000000000962,FGVWDG,VG 335570773,Jennifer Stone,False
1000000000963,FGVWDG,WI 315550570,Sara Barrett,True
1000000000964,BOEVMX,IN 384440458,Kelly Williamson,False
1000000000965,NMZXUB,IC 701235036,Billy Brown,True
1000000000966,ORYCFO,ID 891097797,Mark Long,True
1000000000967,ORYCFO,KZ 445684467,Brenda Fowler,True
1000000000968,WJYBLR,UE 664016329,Thomas Fritz,False
1000000000969,WJYBLR,QC 159757292,Jonathan Stanley,False
1000000000970,LQYFXN,PK 302915854,Jordan Nixon,True
1000000000971,LQYFXN,ZY 518548396,Cristina Thompson MD,True
1000000000972,LQYFXN,WI 467462159,John Clark,True
1000000000973,SZPTEF,KK 491617050,Bradley Burton,False
1000000000974,SZPTEF,SD 814134476,Matthew Sullivan,True
1000000000975,RJYTYO,SQ 774029286,Dawn Hart,True
1000000000976,JVYUXG,HJ 026509962,Dana Harris,False
1000000000977,JVYUXG,UV 196666102,Jennifer Chavez,False
1000000000978,FATCXW,CE 022234998,David Thompson,True
1000000000979,RGIFLB,EC 683675901,Christine Kim,True
1000000000980,RGIFLB,PX 461440923,Erin Reid,True
1000000000981,RGIFLB,YP 656426018,Amy Torres,False
1000000000982,CJJGAG,RC 569559227,Carl Robinson MD,True
1000000000983,BFWJFM,VZ 490038502,Stanley Cain,True
1000000000984,BFWJFM,II 344486722,Arthur Bowen,False
1000000000985,MYUYAS,RE 331454615,Aaron Harrison,False
1000000000986,MYUYAS,UN 114978879,Ronald Hernandez,False
1000000000987,MYUYAS,GG 095437766,Shaun Smith,False
1000000000988,AYXFUJ,NL 800187314,Michael Brock,False
1000000000989,AYXFUJ,ZJ 367862107,Brandon Brown,False
1000000000990,PKHKRY,AP 685642570,Jesus Williams,True
1000000000991,PKHKRY,AZ 693315423,Sara Thomas,True
1000000000992,PKHKRY,VG 865505224,Cody Brown,True
1000000000993,KIRTRF,KJ 670151459,Richard Johnson,False
1000000000994,KIRTRF,CU 338222240,William Morales,False
1000000000995,JEKBRA,EH 205620190,William Anderson,True
1000000000996,TEYEXQ,YH 391332528,Dawn Parker,True
1000000000997,PUOFMN,GZ 456452342,Brooke Quinn,True
1000000000998,MDGITA,RL 602498663,Robert Lynch,True
1000000000999,MDGITA,OO 536773498,Monica Aguilar,False
1000000001000,ZVNYZV,KE 561526655,Marco Greer,True
1000000001001,CVBPMI,GR 253809664,Phillip Price,False
1000000001002,TUMSME,UU 695247466,Willie Robinson,True
1000000001003,TUMSME,TW 629853243,Gina Hoffman,True
1000000001004,TUMSME,UR 571276383,Katherine Vargas MD,True
1000000001005,ULZUSV,UI 586390616,Matthew Jenkins,True
1000000001006,ULZUSV,RG 399816153,Keith Lawrence,True
1000000001007,ULZUSV,IY 371030737,James Harrington,False
1000000001008,SOFKYP,JI 014896780,Michael Hampton,True
1000000001009,SOFKYP,LU 214639476,Donald Clark,True
1000000001010,UYRYZX,DI 264563391,Sara Goodman,False
1000000001011,HKMLIL,LP 403694811,Lauren Drake,True
1000000001012,HKMLIL,ON 971967068,Thomas Higgins,True
1000000001013,RXJBUD,KM 612590163,Kyle Johnson,True
1000000001014,RXJBUD,EQ 133344376,Kevin Juarez,True
1000000001015,TNCZSS,BF 140984101,Tina Hill,True
1000000001016,EYYARF,XB 811604991,Amanda Mcknight,False
1000000001017,IOTPQQ,IC 202886616,Eric Nolan,False
1000000001018,IOTPQQ,TJ 034213485,Andrea Oliver,True
1000000001019,JTBYYE,LG 531607917,Christopher Brown,True
1000000001020,CMELZI,LR 571171321,Joshua Brown,True
1000000001021,GSAICY,FH 247028814,Ryan Smith,False
1000000001022,XSZIMO,GX 452719367,Joseph Rosales,True
1000000001023,XSZIMO,HY 381074916,Edward Patterson DDS,False
1000000001024,FGXPQQ,NV 215401315,Donna Wright,False
1000000001025,FGXPQQ,UL 261684552,Kyle Hamilton,False
1000000001026,WKPNCK,IM 102547179,Kathleen Collins,True
1000000001027,PRPZWV,DB 566948993,Desiree Fox,True
1000000001028,YBGAGQ,SJ 567563558,Kevin Fuller,False
1000000001029,YBGAGQ,BQ 172662565,Cathy Little,True
1000000001030,OGVHJL,PA 014413068,Adam Johnson,True
1000000001031,SKOCXZ,DR 871006689,Debbie Cobb,False
1000000001032,DXRLSG,GU 728207623,William Malone,True
1000000001033,DXRLSG,JS 223282228,Gregory Sparks,False
1000000001034,JWBEGS,AR 283599940,Donald Murphy,False
1000000001035,JWBEGS,QB 791351135,Nicholas Spencer,False
1000000001036,JWBEGS,SH 572289206,Theresa Edwards,False
1000000001037,AFHUJW,IB 780978302,Taylor Howard,True
1000000001038,AFHUJW,YW 945341952,Allison Evans,True
1000000001039,AFHUJW,CL 447867428,Susan Spears,True
1000000001040,TVDYNH,RO 930635780,Jordan Peters,False
1000000001041,TVDYNH,KA 213974369,Kevin Wilson,True
1000000001042,EWEGCU,LK 575994084,Gary Morris,True
1000000001043,SCUETC,BA 690452898,April Barnes,False
1000000001044,SCUETC,FZ 673374570,Nicholas Price,True
1000000001045,ZTHBVP,WO 368149802,Jeremy Davis,True
1000000001046,ZTHBVP,DX 699296444,Kayla Lee,True
1000000001047,GRZKVP,TG 084232423,Shannon White,True
1000000001048,GRZKVP,UI 241553691,Andres Miller,True
1000000001049,HLJKVJ,RK 906279602,Jimmy Singleton,False
1000000001050,BDOZZO,OF 332959452,Antonio Barajas,False
1000000001051,LLOQBZ,ZL 863040296,Joshua Cochran,True
1000000001052,LLOQBZ,BT 721742922,Melissa Greene,True
1000000001053,BVNMCL,NE 215392669,John Pennington,False
1000000001054,BYATNN,CT 250313928,Sandra Foster,True
1000000001055,BYATNN,PP 220619019,Teresa Howard,True
1000000001056,RWTZYE,TL 971900002,James Perez,True
1000000001057,RWTZYE,MT 256471855,Jessica Bennett,True
1000000001058,KGZILX,YP 230453231,Jerry Bright,True
1000000001059,UMDHQQ,AY 145647437,Julie Casey,False
1000000001060,UMDHQQ,TB 539117766,Lisa Landry,True
1000000001061,UMDHQQ,EJ 612092815,Gregory Hopkins,True
1000000001062,FHOUMY,OJ 902231167,Matthew Robles,True
1000000001063,FHOUMY,HI 763532237,Jessica Hughes,False
1000000001064,FHOUMY,FS 684856371,Christopher Melton,False
1000000001065,NZLHWW,SJ 003753989,Lisa Lee,True
1000000001066,DNLRTZ,NI 246598669,Michele Jones,True
1000000001067,DNLRTZ,EV 417837659,Nicole Nichols,True
1000000001068,TNLFRI,SL 114065266,Tamara Taylor,True
1000000001069,UHPTHL,ZP 512724553,Sean Mcdowell,True
1000000001070,XSJGYA,LB 697648784,Ruben Chambers MD,False
1000000001071,MIKYBL,AL 451046250,Donald Pham,True
1000000001072,FOISPL,TF 851206276,Keith Murphy,False
1000000001073,JKFSIL,IK 097934421,Tony Singh,True
1000000001074,UCNDWA,SS 502234778,Jeffrey Patton,True
1000000001075,FIMYJG,SP 579725184,Melissa Mitchell,False
1000000001076,FIMYJG,MC 982147823,Alexander Hall,False
1000000001077,FIMYJG,ZM 945167670,Shirley Steele,False
1000000001078,PFARFA,DU 863011220,Daniel Taylor,True
1000000001079,TCFKFK,RK 264833367,Dorothy Hull,True
1000000001080,TCFKFK,OR 896713605,Travis Hicks,True
1000000001081,BYWOSC,HM 920856490,Thomas Macdonald,True
1000000001082,BYWOSC,SZ 193500115,Marc Gallagher,True
1000000001083,ROISKX,QO 080388904,Gregory Lam,True
1000000001084,ROISKX,MH 156685135,Douglas Nelson,False
1000000001085,ROISKX,CN 374755803,Ashley Robertson,True
1000000001086,DKVXXF,CF 564717784,Ashley Powell,False
1000000001087,JGHKHR,BF 716988371,Lisa Moore,True
1000000001088,JGHKHR,WL 861199767,Jose Price,True
1000000001089,JGHKHR,NX 261705058,Kelly Beck,True
1000000001090,XIXIWC,XP 956572853,Herbert Ryan,True
1000000001091,WUCINB,VJ 242662177,Ms. Leslie Juarez,False
1000000001092,GVPWPT,AJ 466879303,Michael Ryan,False
1000000001093,CCQWFC,UE 727669834,Glenda Moore,True
1000000001094,HXZPNZ,AZ 252854613,Roberta Mckinney,True
1000000001095,HXZPNZ,TK 089720738,Sabrina Pugh,True
1000000001096,VLSWTN,YM 118425278,Rebecca Harrison,True
1000000001097,OBKNIY,RS 121024234,Lance Smith,False
1000000001098,NNZDKW,OE 777196199,Stephen Brandt MD,False
1000000001099,IRMIKU,UR 566764099,Jacob Bishop,False
1000000001100,IRMIKU,RY 400952242,Scott Lee,False
1000000001101,IRMIKU,NT 932219143,Holly Deleon,False
1000000001102,TSSKRG,FV 736015791,Alex Steele,True
1000000001103,TSSKRG,WJ 626008026,Michael Williams,False
1000000001104,TSSKRG,GG 759783354,Christine Green,True
1000000001105,RGIWYA,QY 921496791,Heather Kline,True
1000000001106,RGIWYA,SI 664320317,Steven Wagner,True
1000000001107,DRPISI,UF 824685492,Jennifer Diaz,False
1000000001108,DRPISI,YB 020860146,Donna Williams,False
1000000001109,PJTUPW,PS 543271630,Kevin Hansen,False
1000000001110,RZFJKO,UC 636930100,Virginia Flores,False
1000000001111,RZFJKO,CL 318781048,Kelsey Larson,False
1000000001112,ROAYCE,VO 415892909,Vickie Hall,False
1000000001113,ROAYCE,PB 766136628,Dennis Walker,False
1000000001114,OYXFZG,XD 268159474,Rita Taylor,True
1000000001115,VRSXDF,NB 311058330,Shelby Pruitt,True
1000000001116,VRSXDF,OE 218914269,Dale West MD,True
1000000001117,ULAXUF,IQ 676718776,Dr. Heather Johnson PhD,False
1000000001118,ULAXUF,DZ 368850162,Rita Robinson,True
1000000001119,UDOQSW,FZ 678809376,Christopher Coleman,False
1000000001120,EYIZNB,ZU 989074993,Erika Lopez DVM,True
1000000001121,NFRUSV,YS 977726597,Ashley Morris,True
1000000001122,JKIKFY,GX 580501417,Ryan Barr,False
1000000001123,VRWDCG,IC 912956518,John Aguilar,True
1000000001124,VRWDCG,QR 860050092,Brian Rowland,True
1000000001125,VRWDCG,LM 787570302,Margaret Mills,False
1000000001126,OYDBHK,KW 501860742,Brian Wiley,False
1000000001127,OYDBHK,HO 522233693,Jennifer Day,True
1000000001128,OYDBHK,IQ 073024266,Janice Tanner,False
1000000001129,CDABMS,QM 740571446,Laura Cox,False
1000000001130,CDABMS,QX 740687354,Jason Waters,False
1000000001131,IPTKRF,GM 668865834,Gary Jones,True
1000000001132,PXQFXQ,TH 586267366,Kristina Chase,True
1000000001133,PKDZOT,PK 775870894,Christian Valencia,False
1000000001134,USWOBP,IC 983443695,Marie Wise,True
1000000001135,USWOBP,DK 505092846,Phillip Tyler,False
1000000001136,USWOBP,VF 429390773,Alejandra Ellis,True
1000000001137,FTGANE,VJ 450380162,Sarah Garza,False
1000000001138,FTGANE,VO 045028143,Ashley Johnson MD,True
1000000001139,EILOHR,HJ 433795311,Brenda Marshall,False
1000000001140,EILOHR,RY 265274286,Harold Johnson,False
1000000001141,CAASVH,WS 085738385,Renee Cooper,False
1000000001142,BSIEEO,EQ 609193511,Bobby Welch,True
1000000001143,BSIEEO,GA 537062728,Elizabeth Poole,False
1000000001144,YFUZGG,QG 121575626,David Wright,True
1000000001145,YFUZGG,DB 818762099,Jeff Palmer,False
1000000001146,YFUZGG,DT 303995167,Angela Collier,True
1000000001147,UXTIYX,WN 982267312,Michael Griffith,True
1000000001148,WIPRJE,DJ 880485142,Daryl Rowe,False
1000000001149,HKANPK,IE 502823134,Robert Morales,True
1000000001150,HKANPK,VS 299115490,Jacob Gray,True
1000000001151,HKANPK,RP 343695310,Cheyenne Miller,True
1000000001152,CWUNOV,RD 711506291,Mary Richards,False
1000000001153,JANRCN,RN 517328162,Jean Casey,False
1000000001154,JANRCN,KE 392219836,Anthony Gordon,False
1000000001155,FGIWHL,FA 671052987,Jessica Shelton,False
1000000001156,UYWBUY,AZ 915304450,Edgar Jefferson,False
1000000001157,IPRPFP,OW 838789034,Abigail Parsons MD,False
1000000001158,IPRPFP,XU 676030409,Carolyn Stewart,False
1000000001159,JMMUMS,GG 754182368,Denise Cohen,False
1000000001160,XSBQTN,RY 272105133,Stephen Greer,False
1000000001161,HMGMVZ,CX 013882532,Joshua Moore,False
1000000001162,HMGMVZ,KR 681636038,Christina Simon,True
1000000001163,SPDYYP,PF 736907894,Angelica Mays,True
1000000001164,FYHPFO,HB 521410707,Clinton Williams,False
1000000001165,MEHAXU,HX 089512370,Justin Savage,False
1000000001166,MEHAXU,EJ 194454569,Brian Norman,False
1000000001167,MEHAXU,CU 192767137,Hailey Price,False
1000000001168,IYKAXI,GI 886263956,Audrey Fischer,False
1000000001169,IYKAXI,GM 783055737,Pamela James,True
1000000001170,IYKAXI,TY 402234614,Sarah Woods,False
1000000001171,RLWEXE,RT 330411761,James Snyder,False
1000000001172,BLEAQN,AQ 483196863,Michael Brooks,True
1000000001173,CDYZGS,YJ 689698703,Ryan Price,False
1000000001174,OTGXAB,WW 483793631,Tonya Smith,True
1000000001175,SZFOII,RE 912706593,Catherine Crane,False
1000000001176,SZFOII,KR 291187228,Dennis Bennett,True
1000000001177,NJRFTF,HN 817960757,Joseph Smith,True
1000000001178,NJRFTF,DU 497499799,Sara Meyer,False
1000000001179,GNZJIU,VG 114865658,Sean Rodriguez,False
1000000001180,GNZJIU,AM 061735631,Kimberly Garcia,False
1000000001181,ZLOWPR,MA 557261694,Carol Murray,False
1000000001182,ZLOWPR,HK 193899906,Thomas Hunter,False
1000000001183,PETSBU,YO 071675321,Ashley Clark,True
1000000001184,PETSBU,CW 131798549,Melissa Fisher,True
1000000001185,PDPFBH,XV 037295458,Emily Guzman,True
1000000001186,PDPFBH,MO 399812743,Gloria Fisher,True
1000000001187,PDPFBH,EO 517419258,Thomas Waters,False
1000000001188,DNMDTQ,HS 476212360,Vicki Fry,False
1000000001189,DNMDTQ,UY 541384531,Cynthia George,True
1000000001190,DNMDTQ,SQ 796859096,Anthony Allen,True
1000000001191,VQVLHA,DE 724089921,Stephen Riley,True
1000000001192,TISAKF,EM 166811339,Stephanie Murphy,False
1000000001193,WHHYUQ,PK 217340242,Jodi Mendoza,False
1000000001194,KXIVXR,BU 198306323,Nancy Landry,False
1000000001195,UHXBVZ,QQ 144424842,Adrian Snow,True
1000000001196,UHXBVZ,QV 509476511,Michael Sanchez,True
1000000001197,BRHEQT,WM 640994147,Mary Whitney,True
1000000001198,BRHEQT,RO 370542451,Lisa Brown,False
1000000001199,KOEFDG,RL 611035659,Katie Summers,False
1000000001200,KOEFDG,LX 237666969,Linda Thompson,False
1000000001201,XDFKKX,RB 619411839,Gregory Hall,True
1000000001202,XDFKKX,GV 424240662,Rebecca Logan,True
1000000001203,XDFKKX,XG 488933437,Jason Harris,False
1000000001204,KQXGKR,PU 940865424,Nancy James,True
1000000001205,KQXGKR,BK 285507435,Janet Oliver,False
1000000001206,UHOVGA,KB 889594703,Carla Malone,True
1000000001207,CAPCEX,CQ 453591765,Lisa Choi,True
1000000001208,YJLCJZ,DN 009954288,Robert Mills,False
1000000001209,TVPAOU,NL 966866798,Victoria Stevenson,True
1000000001210,TVPAOU,FF 706901497,Alan Haynes,True
1000000001211,TVPAOU,UU 471567566,Peter Lindsey,True
1000000001212,PAUURE,UR 860167449,George Daniels,False
1000000001213,KXHGRD,WB 596985045,Duane Clark,False
1000000001214,LOZHCZ,YJ 937540242,Rachael Ortiz,True
1000000001215,EDSXTU,DR 925714025,John Warner,False
1000000001216,FJDAXM,HP 762648163,Kimberly Savage,True
1000000001217,FJDAXM,UF 806358530,David Goodman,False
1000000001218,SKYTVN,AW 789695193,Bobby Duran,False
1000000001219,SKYTVN,YU 277586703,Thomas Heath,False
1000000001220,SKYTVN,GX 634443946,Anthony Lee,False
1000000001221,PDXLFX,RA 318123357,Nicole Higgins,False
1000000001222,PDXLFX,DB 073174457,Miguel Newton,True
1000000001223,XMUIWY,MF 367850898,Jason Taylor,True
1000000001224,PJAABO,LW 594434852,Deborah Simpson,True
1000000001225,PJAABO,SB 403767687,Jill Stevens,True
1000000001226,IWOSAV,MT 767514975,Chris Mullen,False
1000000001227,IWOSAV,RV 330990009,Evan Ruiz,False
1000000001228,AWQYVU,PQ 823445385,Jason Ross,True
1000000001229,AWQYVU,BK 326600047,David Mckay,True
1000000001230,AWQYVU,KL 495611998,Andrea Fitzgerald,False
1000000001231,TGNHPA,BE 181583746,Sandra Chaney,True
1000000001232,FDJTRF,AZ 186870479,Eric West,False
1000000001233,FDJTRF,ML 829052565,Shannon Bass,False
1000000001234,COHASX,BS 423302927,Joseph Montgomery,True
1000000001235,DVFLGG,WE 398622140,Emily Massey,True
1000000001236,IOZELK,FQ 047473389,Brandon Price,True
1000000001237,DBQIPS,QS 474420359,Patrick Morgan,True
1000000001238,DBQIPS,AT 238735186,Timothy Francis,False
1000000001239,QUZZSV,JW 131351830,Sharon Mendoza,False
1000000001240,QUZZSV,XO 658153988,Christina Lester,True
1000000001241,UUCROE,KJ 559909841,Bryan Pierce,False
1000000001242,MIXXLG,GL 167592383,Erin Aguirre,True
1000000001243,JGKCDU,MQ 180038146,Joseph Blevins,True
1000000001244,AHIWXN,LV 421959730,Lawrence Velasquez,True
1000000001245,CTDQHF,MP 273411461,Carrie Robertson,True
1000000001246,CTDQHF,SA 301530304,Stephen Kelly,False
1000000001247,KZRTTS,UD 109659845,Joseph Powers,False
1000000001248,MCNUJF,JA 454182991,Ryan Reynolds,True
1000000001249,MCNUJF,AG 520641910,Shannon Harper,True
1000000001250,TPWZGD,IZ 691008224,Nicole Hendrix,False
1000000001251,RTQLBZ,NK 822175626,Jennifer Thomas,True
1000000001252,CJVJPG,OI 347910059,Tina Johnson,True
1000000001253,CJVJPG,JB 572287032,Madison Nielsen,False
1000000001254,DGZYIH,DH 485972438,Matthew Ford,True
1000000001255,ADXOIM,ZY 205802860,Gregory Phillips,True
1000000001256,ZXROPF,ZZ 240654747,Juan Thompson,True
1000000001257,ZXROPF,ZS 904189856,Lisa Peterson,True
1000000001258,ZXROPF,GG 556238878,Andrew Lester,True
1000000001259,LLQEBE,IL 993136062,Spencer Bailey,False
1000000001260,MPCZIF,FW 386047947,Brandon Davis,True
1000000001261,ZVHCDD,KT 351489538,Alexis Hicks,False
1000000001262,KKBUZF,IJ 147905347,Elizabeth Lawrence,True
1000000001263,BYRBLW,FA 673095326,Ian Davis,True
1000000001264,BYRBLW,XX 868656292,Dawn Dixon,False
1000000001265,NLRRCJ,PX 282801832,Mary Alvarado,False
1000000001266,NLRRCJ,BN 568467678,Jeffrey Hicks,True
1000000001267,CNNNPP,JF 374495975,Diana Solis,False
1000000001268,CNNNPP,RI 755592897,Mark Miller,True
1000000001269,SFAJED,VP 148626751,Traci Miller,True
1000000001270,SFAJED,XW 453496551,Luis Snyder,True
1000000001271,SFAJED,KN 967896300,Jessica Tanner,True
1000000001272,FRYIAM,LR 163015972,Jonathan White,False
1000000001273,FRYIAM,KO 349276680,Joseph Malone,True
1000000001274,PZHPOZ,JA 018040334,Dawn Pena,True
1000000001275,PZHPOZ,UQ 735866715,Scott Harrell,True
1000000001276,IYBYYT,OS 926096746,Spencer Reed,False
1000000001277,WEIYFW,TH 364991192,Chad Soto,True
1000000001278,WEIYFW,JP 285021553,Hannah Wallace,False
1000000001279,WEIYFW,NM 582126264,Megan Gibson,True
1000000001280,KGUYRL,FQ 460789075,John Hunt,False
1000000001281,BUMOBZ,JK 198177551,Kristine Hudson,False
1000000001282,XRDZEH,IL 492531649,Destiny Davis,False
1000000001283,XRDZEH,XU 597477656,Megan Sanchez,False
1000000001284,XRDZEH,EQ 549434368,Amanda Smith,True
1000000001285,WXLOKG,TH 209490763,George Jenkins MD,False
1000000001286,WXLOKG,OX 100115477,Ian Ford,True
1000000001287,WXLOKG,GV 148722557,Tyler Allen,True
1000000001288,PQPRIY,NQ 741685573,Brian Cooper,False
1000000001289,VDWOKZ,TF 555809579,David Thomas,True
1000000001290,VDWOKZ,PN 602841362,Jonathan Valdez,True
1000000001291,YWLLPL,ZL 470407146,Mary Rivers,True
1000000001292,YWLLPL,KV 797341855,Jill Moran MD,False
1000000001293,UZVSWL,GB 560170396,Kelly Robinson DVM,True
1000000001294,BTSWKK,CF 017067949,Gregory Byrd,True
1000000001295,JKMZFI,ZX 855162159,Mercedes Thompson,False
1000000001296,TLFCFD,PX 967635367,Joshua Moody,True
1000000001297,TLFCFD,IN 960707228,Rebecca Warner,True
1000000001298,OMOBHE,MD 513901430,Bradley Lewis,False
1000000001299,OMOBHE,AC 493663579,Emily Vasquez,False
1000000001300,AVNMZI,XO 480300735,Stacey Sampson,False
1000000001301,AVNMZI,ZL 608252637,Jacob Cervantes,False
1000000001302,AVNMZI,RI 288669112,Michelle Marsh,False
1000000001303,VTLZUD,YP 425261197,Rebecca Martin,False
1000000001304,BJLTJX,XS 594657446,Renee Thomas,False
1000000001305,HHXEXT,NY 441181851,James Fuentes,True
1000000001306,QZLGVT,CU 520388193,Chelsea Burch,True
1000000001307,QZLGVT,QQ 471462201,Eric Garcia,True
1000000001308,QZLGVT,AM 011272836,Christina Morris,True
1000000001309,UIKUBY,GI 477090676,John Strickland,True
1000000001310,UIKUBY,GF 950767162,John Thomas,True
1000000001311,UIKUBY,OC 868041869,Douglas Mills,False
1000000001312,OFPULT,LN 456496741,Ronald Martin,True
1000000001313,JSNYWO,PA 390649097,Andrew Robbins,True
1000000001314,QLLYTU,KG 197018158,Carlos Olsen,True
1000000001315,QLLYTU,EM 670742153,Wyatt Thomas,True
1000000001316,SSILUA,VW 526022169,Steven Chandler,False
1000000001317,SSILUA,OW 480293358,Michael Gibson,False
1000000001318,SKZXKC,ET 910657351,Elizabeth Fleming,True
1000000001319,LMUZNO,IP 510214012,David Berry,False
1000000001320,LMUZNO,GF 979903597,Kenneth Richardson,True
1000000001321,OKGFJV,TE 030568709,Angela Tucker,True
1000000001322,VEPWUK,UN 051648389,Thomas Hale,True
1000000001323,VEPWUK,RO 876776006,James Green,False
1000000001324,VEPWUK,LQ 973173033,Todd Douglas,True
1000000001325,OFTQOU,RI 757451048,Jennifer Poole,True
1000000001326,VCAQNP,SK 731815605,Laurie Haynes,False
1000000001327,SEWQYG,EK 594761110,Mr. Richard Silva,False
1000000001328,UADYCU,JK 456572897,Eric Cole,True
1000000001329,AKAFYW,RY 540390984,Kenneth Phillips,False
1000000001330,IYGEYK,IA 669926138,Hannah Butler,False
1000000001331,PWROKC,KK 777795703,Karen Weber,False
1000000001332,PWROKC,WP 779271107,Jennifer Bennett,True
1000000001333,EZCSBU,MR 206824323,Barbara Spencer MD,True
1000000001334,QGEVKY,TB 399344606,Dana French,False
1000000001335,KUEJFV,CI 430695235,Tiffany Gray,True
1000000001336,MNETBB,YY 412853700,Erica Taylor,False
1000000001337,PKMBKD,LO 854875311,Deborah Schmidt,True
1000000001338,PKMBKD,PC 425542805,Rebecca Logan,False
1000000001339,GVNMAS,IZ 550786887,Willie Arellano,False
1000000001340,GVNMAS,NT 922131701,Christopher Perez,True
1000000001341,JUUIQQ,KH 399287987,Kristin Brandt,False
1000000001342,STPGDZ,QK 249562917,Ronald Lyons III,True
1000000001343,STPGDZ,BU 332888070,Eric Simmons,False
1000000001344,KJFJDX,UF 451202201,Andrew Rose,True
1000000001345,ABFSQO,ZA 648792104,Jacob Nelson,True
1000000001346,ABFSQO,KD 015269744,John Santos,False
1000000001347,MEMGBN,GF 854833095,Nathan Brown,False
1000000001348,KOSFEH,MJ 680601457,David Peters,False
1000000001349,TYZEFQ,CU 858197015,James Jones,False
1000000001350,QFPIYL,CH 720925192,Jeffrey Lynch,True
1000000001351,XYXLCC,KP 523329704,Brittney Cummings,False
1000000001352,XYXLCC,EB 829158551,Nicole Richards,True
1000000001353,QCDQOR,SH 149207574,Rebekah Brewer,False
1000000001354,QCDQOR,FH 739626259,Tracey Melendez MD,False
1000000001355,KDJWSQ,WQ 497736772,Cynthia Jones,True
1000000001356,GFQWZI,XE 549787296,Mark Gonzalez,True
1000000001357,AWLOJD,RI 438029903,Stuart Goodwin,True
1000000001358,AWLOJD,ME 796000940,Margaret Martinez,False
1000000001359,YHAIRE,QM 624266225,Hector Perez,True
1000000001360,KPETFZ,JD 930914015,Andrew Gutierrez,True
1000000001361,KPETFZ,AK 722641475,Tony Wilson,False
1000000001362,TCGKHZ,HV 184293359,Alexandria Smith,True
1000000001363,KRNJHW,ZF 983596677,Robert Martin,True
1000000001364,CLKNZM,CU 262473650,Mrs. Linda Clarke,True
1000000001365,CLKNZM,JC 006476144,Larry Smith,False
1000000001366,CLKNZM,NF 554042316,Danielle Mclaughlin,False
1000000001367,ICBFRB,OR 675493934,Misty Brady,False
1000000001368,MOJMQU,VD 392528783,Laurie Ramirez,False
1000000001369,UZEFYJ,OR 133073453,Ronald Mckenzie,True
1000000001370,ZJURHD,IX 412247409,Christopher Hall,False
1000000001371,AYSNLH,PI 335051602,Robert Moore,True
1000000001372,YAHAJJ,OS 155587094,Robert Freeman,False
1000000001373,KLLWGG,XX 456411992,Christian Woodard,True
1000000001374,KLLWGG,WT 078191350,Bonnie Hall,False
1000000001375,KXGYSI,FH 419715755,Monica Collins,False
1000000001376,KXGYSI,VA 282463061,Jenna Salinas,False
1000000001377,KXGYSI,BE 856352007,Samuel Powers,False
1000000001378,WAQYPF,ET 986856977,Dylan Brown,True
1000000001379,KMECLR,WW 080901014,Daniel Brandt,False
1000000001380,KMECLR,IM 392788881,Brendan Williams,True
1000000001381,KMECLR,ET 616388168,Douglas Dickson,True
1000000001382,ZJNMRS,ZW 569050965,Heather Rose,False
1000000001383,ZJNMRS,UO 280072720,Olivia James,False
1000000001384,ZCZVSP,DH 723735640,Mrs. Mary Hancock,True
1000000001385,DVERXB,OK 830697899,Nathaniel Norman,False
1000000001386,DVERXB,EQ 498367146,Martin Reed,True
1000000001387,DVERXB,FB 867518571,Terri Gray,True
1000000001388,VYTTRF,OP 956343180,Jeffrey Bell,True
1000000001389,SRGOIT,XE 025856533,Kevin Thomas,True
1000000001390,VCXURU,AG 316787192,Karen Allen,True
1000000001391,AMPFMC,UB 012402545,Joshua Nunez,False
1000000001392,AMPFMC,ZO 080998397,Yesenia Phillips,False
1000000001393,NAVFWH,HO 461630343,Joseph Mendoza,False
1000000001394,XDGYKE,BF 143529493,Amy Johnson,False
1000000001395,XDGYKE,NF 996546628,Michelle Rodriguez,False
1000000001396,TTGZIX,AK 622527560,Heather Boyd,True
1000000001397,HKBLMM,FQ 405677125,Andrew Walker,False
1000000001398,DPCDDX,ZB 418280516,Justin Williams,False
1000000001399,DPCDDX,FO 239278844,Joshua Wilson,False
1000000001400,DPCDDX,JZ 361527695,Lauren James,False
1000000001401,TMRXDG,IZ 202248248,Shannon Turner,False
1000000001402,ZOHRBP,IC 371450311,Benjamin Oneill,False
1000000001403,XFMCLE,YF 914193960,Jamie James,False
1000000001404,XFMCLE,YQ 189119925,Jesse Patton,False
1000000001405,LJWWKQ,QF 768834103,Brenda Torres,True
1000000001406,LJWWKQ,KU 118140513,Craig Jones,False
1000000001407,LJWWKQ,KV 044708560,Jill Matthews,True
1000000001408,VSFSBY,BM 671487831,Anthony Kidd,False
1000000001409,DKKXNO,MR 645722757,Robert Gomez,True
1000000001410,PORNRP,CA 337449998,Jordan Adams,False
1000000001411,AGBXXR,AY 369412641,Crystal Franklin,False
1000000001412,AEIPLM,PF 753180576,Christopher Blake,False
1000000001413,ZAOQMZ,OZ 896546125,Amanda Johnson,False
1000000001414,ZAOQMZ,YX 474867948,Timothy Smith,True
1000000001415,TTTPRB,ZG 484817036,Lauren Stone,False
1000000001416,YWDQND,TM 701773759,Anthony Mcclain,False
1000000001417,YWDQND,TW 078111719,Dakota Branch,True
1000000001418,YWDQND,VL 902144415,Anthony Johnson,False
1000000001419,TRHNZL,GE 849655239,Douglas Hall,True
1000000001420,GAGQXJ,LY 353004999,Allison Clark,False
1000000001421,GAGQXJ,KT 619773173,Veronica Lewis,True
1000000001422,GAGQXJ,QP 872385865,Melissa Moore,False
1000000001423,PMMSTR,MY 687141349,Brittany Mendoza,True
1000000001424,GEEVRO,EO 670605581,Phillip Lowery,False
1000000001425,URQPTP,MX 162506989,Julia Martinez,True
1000000001426,URQPTP,FA 989701455,Jennifer Morales,True
1000000001427,TMJHWP,XU 427186692,Crystal Love,True
1000000001428,DZZZMZ,YY 509260001,Roy Wong,True
1000000001429,QURIUB,JQ 156161973,Mary Brady,True
1000000001430,PFSQAZ,IP 812130088,Tracy Burgess,True
1000000001431,YVCLTK,RN 699086723,Kiara Turner,False
1000000001432,YVCLTK,MI 177365561,Dennis Baker,False
1000000001433,YVCLTK,SH 822063186,Benjamin Esparza,False
1000000001434,MVUTOR,PB 302364169,Mr. Mark Proctor,False
1000000001435,MVUTOR,OY 916764032,Emily Garrett,False
1000000001436,IOYEQW,LY 325282671,Andrea Duncan,False
1000000001437,GTKQJL,AW 999522529,Cynthia Aguilar,False
1000000001438,SGEIVQ,YO 368681114,Eric Meyer,False
1000000001439,SGEIVQ,SW 805877155,Jeffery Johnson,True
1000000001440,UZJWLR,KG 627879025,Mary Benson,False
1000000001441,VPFOWO,UB 637216266,Alexis Blair,False
1000000001442,VPFOWO,KF 180295599,Connor Hicks,True
1000000001443,VTAYVX,KP 939579551,Darren Gibson,True
1000000001444,QLSDHE,TH 111736703,Dawn Hayes,True
1000000001445,QLSDHE,NN 761125842,Tyrone Long,False
1000000001446,DOLLNE,IG 630829248,Adrian Williams,False
1000000001447,EMGHRY,OC 210788312,Tyrone Roberson,False
1000000001448,HTADJI,EN 485220720,Jeffery Gomez,False
1000000001449,HTADJI,WN 874162796,Alexander Phillips,True
1000000001450,HTADJI,GH 555100510,Erika Moore,True
1000000001451,MVAKDJ,AC 226230036,Melissa Mack,True
1000000001452,UTLXFF,VZ 830342437,David Johnson,False
1000000001453,UTLXFF,HB 928091663,Brian Graham,True
1000000001454,VOLUOD,RQ 874033045,Rachel Salazar,False
1000000001455,VOLUOD,YV 649700844,Albert Garcia,True
1000000001456,ACRNWX,AL 176429628,Alexander Murphy,False
1000000001457,ACRNWX,HV 509699613,Brendan Howard,True
1000000001458,ACRNWX,DP 322805883,Michelle Watson,True
1000000001459,KKWKFY,XC 404762539,Eric Bailey,True
1000000001460,WXFINB,JI 255862778,Angie Melendez,False
1000000001461,WXFINB,ZI 748903045,Andrew Miller,True
1000000001462,WXFINB,MO 971861422,Katie Mann,True
1000000001463,OBZBEY,CU 459205596,Michael Moyer,True
1000000001464,OBZBEY,WV 113798304,Kyle Haas,False
1000000001465,ACIMUX,HK 451160895,Wesley Ramos,False
1000000001466,ACIMUX,MX 152213368,Travis Yates,False
1000000001467,AUWHMB,NU 476128989,Adam Palmer,False
1000000001468,RAOUPO,MI 461139979,Michael Mccall,False
1000000001469,SWTIGY,JG 603387885,Mark Hickman,False
1000000001470,GLTKEC,DZ 986818439,Marvin Harding,True
1000000001471,GLTKEC,LN 900737949,Amber Blankenship,True
1000000001472,TSDUHM,CZ 445744410,Terri Valdez,True
1000000001473,HVBRIV,GS 265434759,Sandra Manning,False
1000000001474,FWWMKZ,VD 359839859,Timothy Gross,False
1000000001475,FWWMKZ,AQ 658578375,Larry Patton,False
1000000001476,ZBOOUI,DY 340730717,Ms. Jamie Fox,True
1000000001477,ZBOOUI,LK 350078836,Thomas Walsh,True
1000000001478,ZBOOUI,VI 540336999,Craig Dawson,True
1000000001479,NUBLGK,PU 231265327,Felicia Cannon,True
1000000001480,NUBLGK,IP 497249032,Michelle Lamb,False
1000000001481,HXTPYC,SC 950935555,John Carter,True
1000000001482,YOQXIN,YX 617413644,Mrs. Vicki Johnson,False
1000000001483,DMDQGP,ER 121893912,Rebecca Lloyd,False
1000000001484,BDSHAC,PP 507612228,Rachel Cameron,False
1000000001485,BDSHAC,XU 446853045,Mackenzie Diaz,True
1000000001486,BDSHAC,XI 263560777,Gina Cook,False
1000000001487,YHJQES,QR 332763990,Megan Livingston,False
1000000001488,YHJQES,RL 369626902,Amanda Stone,True
1000000001489,JNSROA,BU 506179067,Justin Brooks,False
1000000001490,JNSROA,DB 003934490,Glen Rodriguez,True
1000000001491,TAQGQH,VM 621833391,Stephanie Gaines,True
1000000001492,TAQGQH,KL 921053071,Thomas Logan,True
1000000001493,TAQGQH,DX 822837742,Amanda Brown,False
1000000001494,RNMSIA,MJ 788728206,Dustin Castro,False
1000000001495,RNMSIA,AT 012698044,Matthew Rivas,True
1000000001496,GGUNHS,CJ 476096064,Jonathan Nguyen,False
1000000001497,HYGFMM,EF 525737874,Dawn Velasquez,True
1000000001498,MXQHMW,BF 094657770,Kimberly Smith,True
1000000001499,TASKCJ,IG 728426809,Lucas Porter,False
1000000001500,TASKCJ,FE 164170053,Bridget Morales,True
1000000001501,TASKCJ,TE 668803166,Teresa Johnson,True
1000000001502,FNSEVP,IJ 127983124,Laura Richardson,True
1000000001503,AAQFHK,JR 416019919,Cynthia Watson,False
1000000001504,QFJFXG,CE 170867152,Alejandro Gonzales,True
1000000001505,EUUGQP,XU 740433689,Brian Rush,True
1000000001506,ODSQDD,AD 461051109,James Lyons,False
1000000001507,GLCSXZ,QS 850205025,Amber Rodriguez,False
1000000001508,RUBVHG,XN 392010297,Carla Farmer,True
1000000001509,WCAIQP,WK 539659744,Kara Wong,True
1000000001510,KVWCNR,WX 942041641,James Gregory,False
1000000001511,KVWCNR,YW 513379376,Jessica Williams,False
1000000001512,UFXVLH,VF 976816085,Kenneth Logan,True
1000000001513,UFXVLH,FR 905849688,Rhonda Ellis,True
1000000001514,ZZDRYS,QQ 358624057,Logan Robertson,False
1000000001515,ZZDRYS,VL 632453527,Karl Lane,True
1000000001516,EZAPZK,NJ 085184668,Steven Davis,False
1000000001517,EZAPZK,DQ 213596183,Monica Carlson,False
1000000001518,HISUDK,NF 800226425,Michael Curtis,True
1000000001519,HISUDK,TN 548298781,Brandy Rogers,True
1000000001520,GALEZK,AS 474984746,Austin Blake,True
1000000001521,GALEZK,FD 178472146,David Bryant,False
1000000001522,GALEZK,GH 452926769,George Williams,False
1000000001523,RCLNYX,CW 877544584,Jordan Kaiser,True
1000000001524,RCLNYX,BL 192936059,Benjamin Ramirez,False
1000000001525,RCLNYX,JR 934638901,Faith Ritter,False
1000000001526,WNBRUI,AJ 793656115,Kelsey French,True
1000000001527,EFHACC,BU 307065948,Brandy Anderson,False
1000000001528,EQPUAT,ZP 274330372,Ashley Johnson,True
1000000001529,RHXVKU,ZZ 624475631,Susan Jones,False
1000000001530,KOQVHH,AE 078287806,Mario Clark,True
1000000001531,KOQVHH,TS 858663565,Stephen Reed,True
1000000001532,KOQVHH,YB 882521288,Timothy Martin,False
1000000001533,SSNGBQ,GK 946998428,Susan Stewart,False
1000000001534,UPEWQR,IJ 052031329,Sara Branch MD,False
1000000001535,PYJJND,SI 232036686,Julia Sparks,True
1000000001536,PYJJND,HD 862685272,Tanya Curry,True
1000000001537,APKGEF,FV 208778347,Vicki Bowen,True
1000000001538,KEWFUP,MP 345573562,Christopher Herrera,True
1000000001539,KEWFUP,TL 700453585,Robert Combs,True
1000000001540,VRDGOJ,TK 732285704,Antonio Martinez,True
1000000001541,PYZPFD,LY 255546893,Amanda Acosta,True
1000000001542,CZKCFF,XY 041167881,Thomas Ellis,True
1000000001543,CUHFVP,TR 673865690,Marcia Lin,True
1000000001544,BGZACJ,SI 673322912,Tammy Baker,False
1000000001545,JAFYMN,LL 700623945,Heather Marshall,True
1000000001546,OTGJNP,DF 407608953,Diana Moore,True
1000000001547,OTGJNP,WY 398013871,Nathan Perez,False
1000000001548,QDVXDO,HX 890581080,Danny Kelly,False
1000000001549,QDVXDO,GX 356702772,Christine Ramirez,True
1000000001550,DVJXNM,FV 596957945,Zachary Howe,False
1000000001551,ETQXTC,CH 505536291,Lisa Wood,False
1000000001552,HGWQOA,VQ 418395252,Jacob Wu,False
1000000001553,HGWQOA,NO 788216511,Briana Fitzpatrick,False
1000000001554,VWOZSJ,YZ 574452030,Anna Collier,True
1000000001555,HXSGCK,DM 947308824,Kara Cruz,False
1000000001556,FITVUA,XB 212440293,Heidi Garrison,True
1000000001557,GQNMMH,TQ 094121805,Mathew Bauer,True
1000000001558,GQNMMH,ZP 900479412,John Stewart,True
1000000001559,GQNMMH,QZ 018911343,Christian Turner,False
1000000001560,ZNDYMT,FL 399627686,Holly Jones,True
1000000001561,ZNDYMT,CF 202913813,Dylan Anderson DDS,True
1000000001562,VGWACO,LY 298908881,Scott Castro,False
1000000001563,RLHXCD,EQ 319199082,Elizabeth Ward,True
1000000001564,RLHXCD,TT 317236670,Frank Brandt,True
1000000001565,QLGIFA,YW 103891918,Wanda Pruitt,False
1000000001566,HVDJBL,LX 013320344,Andrew Li,True
1000000001567,EGXLSL,WT 876507752,Tyler Jones,True
1000000001568,LUIGYQ,FP 631603781,Judy Perez,True
1000000001569,LUIGYQ,DB 057039963,Megan Bray,False
1000000001570,LUIGYQ,TI 994696693,Joel Smith,True
1000000001571,MMUGYA,RP 715800971,Mrs. Melissa Brown,True
1000000001572,MMUGYA,SS 343065874,Jason Wright,False
1000000001573,MMUGYA,JH 237590972,Kelly Lee,False
1000000001574,MSWPRZ,NX 258545513,Erika Weaver,False
1000000001575,MSWPRZ,JN 034823678,Kenneth Fisher,False
1000000001576,MSWPRZ,AQ 932380043,Katherine Sanders,True
1000000001577,VSCZII,XF 486741637,Joseph Gutierrez,False
1000000001578,VSCZII,QW 552977601,James Garcia,False
1000000001579,AMSVGT,TN 441572814,Abigail Garcia,False
1000000001580,SJUTVJ,EF 861146036,Stephanie Jones,True
1000000001581,ONMNNT,VZ 055546542,Carol Goodman,True
1000000001582,ONMNNT,ZR 437714034,Danielle Hunter,False
1000000001583,ONMNNT,FF 595660030,Michael Campbell,False
1000000001584,SRWRIT,RI 272386974,Jennifer Krause,True
1000000001585,SRWRIT,UR 736838509,Marissa Acosta,False
1000000001586,PLGISO,IH 340991650,Alison Tyler,False
1000000001587,UTHWWJ,VE 403484843,Jason Steele,False
1000000001588,UTHWWJ,MW 279595142,Amanda Vazquez,True
1000000001589,ELKQTA,EV 954217562,Louis Hughes,False
1000000001590,RVISBZ,SW 617344794,Adam Smith,False
1000000001591,RVISBZ,MF 163832648,Clinton Edwards,False
1000000001592,AHGBYJ,RT 001707812,Melissa Vega,False
1000000001593,DQDMRW,FS 613049484,Makayla Morgan,True
1000000001594,DQDMRW,RI 355283372,Donna Garrett,True
1000000001595,YKSRQJ,YR 798130265,Michelle Villarreal,True
1000000001596,DSYSNW,RH 158821870,Tiffany Kennedy,True
1000000001597,ICWCGN,ZQ 079116114,Diamond Randolph,True
1000000001598,ICWCGN,LU 198309754,Micheal Miller,True
1000000001599,RVJOVP,RU 885237748,Shelley Burns,True
1000000001600,JYPGYY,WP 125325121,Aaron Harrison MD,False
1000000001601,ZSSSQD,QZ 226799096,Kristen Johnson,True
1000000001602,ZSSSQD,TZ 538395716,Alejandro Weaver,True
1000000001603,ZSSSQD,CZ 100370907,Mary Anderson,False
1000000001604,YYAYRU,KG 866932070,Joseph Brown,False
1000000001605,YYAYRU,WD 674876296,Jonathan Wheeler,True
1000000001606,YYAYRU,XR 456572676,Rebecca Nunez,True
1000000001607,JDAVQM,AZ 817947795,Raymond Hicks,True
1000000001608,NXCOOT,NI 202626930,Eric Duran,False
1000000001609,NXCOOT,TW 452573309,Jasmine Crane,False
1000000001610,NXCOOT,JP 406351685,Willie Molina,True
1000000001611,TPXWLI,BD 512583799,John Garner,True
1000000001612,TPXWLI,ON 366933276,Heather Massey,True
1000000001613,VMMXUM,LV 628372372,Beverly Patel MD,False
1000000001614,SCLREL,QC 370089423,Christine Johnson,True
1000000001615,SCLREL,XZ 333188384,Jeremy Adams,False
1000000001616,LVGHYC,HZ 780473719,Tracy Anderson,True
1000000001617,LVGHYC,XT 176968064,Lori Mullins,False
1000000001618,BRJQIK,BS 215783792,Eric Collier,True
1000000001619,LQAVDT,QU 739688593,Daniel Thomas,False
1000000001620,JCJUMD,NR 903979978,Kelsey Hawkins,False
1000000001621,JCJUMD,XF 219859655,Michael Johnson,True
1000000001622,JCJUMD,OT 066686067,Monica Anderson,True
1000000001623,XONQTF,FU 986328959,John Pitts PhD,True
1000000001624,XONQTF,WZ 276221559,Joseph Lopez,True
1000000001625,YKJWEY,SA 963994959,Michael Phillips,False
1000000001626,TUHOLH,GF 465653170,Justin Flores,True
1000000001627,EYGKAI,WV 102736632,Anthony Rodgers,False
1000000001628,IZFWON,ME 223487493,Robert Harris,False
1000000001629,IZFWON,ZU 910904886,James Robles,False
1000000001630,QVVXSN,GW 264478937,Allison Ramos,True
1000000001631,QVVXSN,AS 760909371,Lorraine Ramirez,True
1000000001632,WNHEJW,AB 581045734,Patricia Sandoval,True
1000000001633,WNHEJW,GK 733878052,Sara Scott,True
1000000001634,PAHQWC,LH 183784771,Gary Kim,False
1000000001635,PPNNPC,UN 743450968,Kimberly Young,False
1000000001636,RUYYHY,RZ 502308996,Andrew Moore,True
1000000001637,RUYYHY,LH 343548695,Tiffany Martin,False
1000000001638,RUYYHY,NV 038710880,Brian Kelly,False
1000000001639,QIUSBH,CR 604903764,Jennifer Roberts,False
1000000001640,XXGZGC,UK 161221503,Nicholas Aguilar,False
1000000001641,FCSPMU,HU 586819004,Jennifer Edwards,True
1000000001642,GFGKXI,UV 286601385,Connie Robinson,False
1000000001643,IAOENQ,SZ 573801012,Scott Jackson,False
1000000001644,IAOENQ,KX 158061949,John Mccarty,False
1000000001645,OXNRBG,KA 505519193,Chelsey Morales,False
1000000001646,NISVXB,MN 717080492,Angela Hamilton,False
1000000001647,PEVRJB,LO 850719612,Nicole Gould,True
1000000001648,DTVCFE,QD 495220940,Charles Farmer,True
1000000001649,DLYQJE,TC 177588562,Samantha Woods,False
1000000001650,KOQAYC,XE 126203069,Adam Ross,False
1000000001651,OZBUBY,QU 118601811,John Davis,False
1000000001652,RHIAPU,LV 399330255,Michael Newman,True
1000000001653,NEWVLC,BJ 206231459,Kathleen Le,False
1000000001654,SEWGGS,SW 109619680,Kathy Jacobs,True
1000000001655,SEWGGS,SJ 036081641,Christopher Brown,False
1000000001656,YRTMFS,ZX 608197140,Dawn Burgess,False
1000000001657,WCYZQB,RZ 544950609,Cynthia Coleman,True
1000000001658,EKIOIV,MJ 806274566,Evelyn Kerr,True
1000000001659,ZYZISO,TJ 590742941,Luke Payne,False
1000000001660,JTRYUP,DZ 577625384,Mary Roberts,True
1000000001661,JTRYUP,OZ 530164728,Lisa Humphrey,True
1000000001662,XAJJJH,ZC 685902629,William Chambers,True
1000000001663,XAJJJH,HI 628660349,Angela Blake,True
1000000001664,CAKMZI,FV 967016562,Todd Walter,False
1000000001665,JFTNVV,LM 572312524,Michael Williams Jr.,True
1000000001666,UWNAPG,EC 008589496,Glenn Newton,False
1000000001667,UWNAPG,UH 520535313,Ivan Sweeney,False
1000000001668,JKLONQ,UT 599342322,Jacqueline Gutierrez,True
1000000001669,MHLQZK,BZ 294431414,Adriana Miller,True
1000000001670,DWJDPJ,CW 343779824,Tammy Washington,True
1000000001671,DWJDPJ,FG 823137998,Timothy Simmons,False
1000000001672,ESQEQG,XN 962426578,Alan Williams,True
1000000001673,ESQEQG,NX 558774526,Jessica Robinson,True
1000000001674,MULFVW,OU 237254422,Kathryn Clements,True
1000000001675,IQPPGS,VX 882805034,Bruce Nolan,False
1000000001676,NEMUFC,YT 720476766,Noah Lopez,True
1000000001677,NEMUFC,UN 745871207,Carl Payne,False
1000000001678,VNQTSL,IG 685931526,Ryan Lewis,True
1000000001679,JKKXZU,RS 144301061,Amanda Skinner,True
1000000001680,JKKXZU,MY 645744331,Kevin Camacho,True
1000000001681,BKAUPY,BN 533349729,Karen Cochran,True
1000000001682,OTVPBR,VT 343449975,Brandon Brady,True
1000000001683,OTVPBR,DT 618881786,Heather Arnold,True
1000000001684,XIRUVE,GI 927943763,Rhonda Anderson MD,True
1000000001685,XIRUVE,QJ 331222395,Dylan Dillon DVM,True
1000000001686,DCWXTF,TD 731483687,Shawn Smith,True
1000000001687,DCWXTF,AR 703666560,Scott Scott,True
1000000001688,DCWXTF,NG 282128219,Jamie Love,True
1000000001689,JGLPMF,MA 847264393,Tyler Martin,False
1000000001690,RIIMQU,RI 969206660,Mindy Ward,True
1000000001691,OEUEBG,HH 443584981,David White,True
1000000001692,OEUEBG,DJ 512421063,Vicki Yates,False
1000000001693,OBLLZX,UV 483648116,Kara Zimmerman,False
1000000001694,LNCJQI,KW 859421937,Tammy Rojas,False
1000000001695,LNCJQI,DB 636597276,Brian Hines,True
1000000001696,LNCJQI,QM 358613417,Karen Diaz,True
1000000001697,IEPXJX,MM 808842672,Gregory Schroeder,True
1000000001698,IEPXJX,NG 615001113,Alexandria Shepherd,False
1000000001699,ZOXLUS,QL 423647921,Joseph Smith,True
1000000001700,IDGGFZ,OZ 861647904,Anita Shields,False
1000000001701,XGAQPZ,DQ 738067996,Laura Davis,True
1000000001702,XGAQPZ,TO 961023726,Jesse Levine,True
1000000001703,NRKWGI,GQ 699724597,Amy Hicks,True
1000000001704,NRKWGI,RV 793277011,Maria Cox,False
1000000001705,CKLKKQ,VA 773260968,Luke Bass,False
1000000001706,JVUEWC,WG 861085973,Melissa Dillon,False
1000000001707,OWFOEQ,KY 943364470,Walter Atkins,False
1000000001708,XOCQNH,YN 659645876,John Franco,False
1000000001709,XOCQNH,PC 715534745,Kevin Baker,False
1000000001710,YXYEDC,RV 537729084,Beverly Johnson,True
1000000001711,YXYEDC,CX 945037548,Jennifer Johns,False
1000000001712,CPUGTH,UM 833856932,Kelly Brooks,True
1000000001713,CPUGTH,ZR 804073730,Jason James,False
1000000001714,ORVQLI,XH 324051026,Aaron Hobbs,True
1000000001715,ORVQLI,SY 633467464,Joseph Welch,True
1000000001716,KLYPYX,QH 033273997,Jennifer Reynolds,False
1000000001717,KLYPYX,CE 941010276,Charles Brown,True
1000000001718,LPEHQY,KO 516484977,Ashley Russo,True
1000000001719,OHZWWF,RT 061443575,Joseph Forbes,False
1000000001720,YEMAGI,UZ 505260270,Kelsey Clark,True
1000000001721,YEMAGI,PU 707181292,Julie Reynolds,False
1000000001722,CKOEGP,HT 123774599,Brandon Robinson,False
1000000001723,RNJLKX,XA 337687058,Ashley Doyle,True
1000000001724,MTHQOA,DH 651064070,Austin Williams PhD,False
1000000001725,ZVUHER,XW 784830348,Joshua Brewer,True
1000000001726,ZVUHER,DN 404492728,Jeffrey Cline,True
1000000001727,ZVUHER,UV 836431678,Bruce Hayes,False
1000000001728,EENLKP,ML 408895930,Sandra Vaughan,False
1000000001729,EENLKP,HV 560526990,Amanda Sims,True
1000000001730,EENLKP,BM 029996633,Daniel Barr,False
1000000001731,ABPCIK,HZ 654030799,Carmen Sanchez,False
1000000001732,ABPCIK,NF 273201295,Robert Skinner,True
1000000001733,LKIOGC,IZ 423182068,Tammy Smith,True
1000000001734,LKIOGC,NH 093054847,Elizabeth Baxter,True
1000000001735,KJDKQL,HG 739824553,Peter Washington,True
1000000001736,KJDKQL,GG 238264295,Bradley Moore,True
1000000001737,HZMKOB,PD 768815590,Seth Diaz,False
1000000001738,UUQSFN,AT 954487615,Becky Henderson,True
1000000001739,CMEEKO,TS 150892446,Kayla Campbell,True
1000000001740,CMEEKO,GG 695559355,Thomas Johnson,True
1000000001741,AMJYLX,FR 227754777,Antonio Sherman,False
1000000001742,LNQGQK,EM 123872493,Shane Wood,True
1000000001743,LNQGQK,DQ 455948496,Andrew Snyder,False
1000000001744,LNQGQK,VX 623956712,Sarah Garcia,True
1000000001745,URVDML,HY 276749064,Gwendolyn Johnson,True
1000000001746,EOYYIG,SO 276531451,Ricardo Hernandez,True
1000000001747,EOYYIG,WW 005455834,Brian Escobar,False
1000000001748,EOYYIG,SW 621683357,Gabrielle Rivas,True
1000000001749,BMHGRA,WT 950491086,Jordan Castro,True
1000000001750,JMGLEN,LO 557852197,Curtis Wells,True
1000000001751,MCYIGW,IW 931608988,Justin Eaton,True
1000000001752,HFEQIM,NL 558391115,Allison Miller,True
1000000001753,HFEQIM,CL 933396379,Jared Williams,False
1000000001754,HFEQIM,NH 887821889,Mary Preston,True
1000000001755,IAXRPB,IO 167663420,Troy Cole,True
1000000001756,IAXRPB,RB 266474264,Michael Lopez,True
1000000001757,HAXCSH,HF 279663795,Matthew Lee,False
1000000001758,BOZEYX,QF 449924687,Krista Wallace,False
1000000001759,YWLZVW,ZB 939953155,Travis Cruz,True
1000000001760,YWLZVW,RX 402690896,Matthew Gonzalez,True
1000000001761,SKGBIQ,QX 811822923,Jasmine Barnes,True
1000000001762,EXOFSM,NO 468722037,Vanessa Brewer,False
1000000001763,EXOFSM,GP 138674857,Mr. Derrick Zavala,True
1000000001764,EXOFSM,JR 965765786,Derek Rivera,True
1000000001765,IAQMAT,AO 267644943,Stephen Rogers,False
1000000001766,IAQMAT,SJ 465344200,Andrew Jenkins,True
1000000001767,VYAKHH,OK 471520351,Michael Reynolds,True
1000000001768,HAYPNS,UD 056513358,Wesley Bailey,False
1000000001769,HAYPNS,FQ 229876632,Lori Zhang,True
1000000001770,HAYPNS,NE 233810608,Michelle Chan,False
1000000001771,ZUAXGJ,LX 229184574,Katherine Johnson,True
1000000001772,BPLQQI,HZ 270259961,Luke Smith,False
1000000001773,BKXNRR,CB 304077513,Eugene Baird,True
1000000001774,BKXNRR,DH 216897453,Kurt Hernandez,True
1000000001775,BKXNRR,PZ 204319274,Jeremy Levy,True
1000000001776,ZWNAJY,VG 602336165,Jason Jenkins,True
1000000001777,JELXJJ,ZO 555267203,Phillip King,True
1000000001778,EQTKWX,BL 510056870,Nicole Thomas,True
1000000001779,EQTKWX,ZL 121816793,Joel Jones,True
1000000001780,TZVIQH,SU 933054849,Holly Flynn,True
1000000001781,TZVIQH,OC 707943218,Shelby Barnes,False
1000000001782,VOCYSK,TE 685519020,Christopher Vega,False
1000000001783,VOCYSK,MS 488051093,Marissa Brown,True
1000000001784,VOCYSK,DS 633057543,Jacob Wright,False
1000000001785,GNGZYV,GY 416437702,April Weiss,True
1000000001786,ZJNSRT,NO 701259283,Ronald Francis,False
1000000001787,DKYOAZ,XC 856817697,Natasha Davis,True
1000000001788,FJEMBF,FX 393010559,Brandon Crane,False
1000000001789,FJEMBF,MT 179364708,Randy Lopez,False
1000000001790,EQOXFM,BQ 545259357,Miranda Williams,True
1000000001791,EQOXFM,JP 946207856,Todd Reyes MD,True
1000000001792,CUYZNP,GB 260261186,Catherine Rodriguez,True
1000000001793,CUYZNP,JE 360919490,Allison Obrien,False
1000000001794,HSTMDX,DF 276280587,Amber Brennan,True
1000000001795,LOFCAM,VB 972682119,Rachel Miller,False
1000000001796,LOFCAM,XY 646077359,Patricia Greene,False
1000000001797,QZHSMC,PU 922051356,Kristine Rodriguez,True
1000000001798,QZHSMC,GB 489250075,Taylor Bates,False
1000000001799,QZHSMC,UH 867358182,Derek Cochran,True
1000000001800,YMGHSO,PJ 477935995,Jonathan Hicks DVM,False
1000000001801,NKRCXP,FN 999712520,Joshua Watson,True
1000000001802,NKRCXP,KA 691267191,Michael Mcclain,False
1000000001803,PAKFRX,CU 303138783,Laura Clark,False
1000000001804,ZWQZZL,DI 753355262,Kerry Robertson,True
1000000001805,MHAVTE,ZL 747811282,Destiny Dunn,True
1000000001806,MHAVTE,OF 517392229,Leah Roberts,False
1000000001807,MHAVTE,ES 039475055,Joe Reynolds,False
1000000001808,FJSUJL,TP 917431243,Misty Norman,False
1000000001809,WWROMM,KD 115750927,Gregory Shaw,True
1000000001810,DZKAQL,QM 369575629,Kaylee Quinn,False
1000000001811,DZKAQL,WR 708855069,Brian Herrera,True
1000000001812,AGGJEG,XV 441010427,Thomas Day,False
1000000001813,SVHZGQ,IO 492101818,Debbie Lee,True
1000000001814,IYKQSC,HT 132935753,Lisa Hurley,True
1000000001815,YKEXPW,DP 157034756,Stacy Jones,False
1000000001816,YKEXPW,AL 262455462,William Jenkins,True
1000000001817,VXDRDL,FF 469223940,Sandra Peterson,False
1000000001818,VXDRDL,UQ 466095470,Danielle Phillips,True
1000000001819,BEHQEY,MV 981079516,Anthony Moody,True
1000000001820,BEHQEY,ZE 120224175,David Farmer,False
1000000001821,OYORSO,RM 641854133,Andrew Lawson,False
1000000001822,ZUAWHI,HC 285915658,Ian Lara,False
1000000001823,ASQPSF,LK 782905249,Annette Brooks,False
1000000001824,ZRVVEJ,SH 142999481,Kevin Wilson,False
1000000001825,LEUWNK,KA 856993914,Paul Robinson,False
1000000001826,LEUWNK,GP 201740209,Aaron Martinez,False
1000000001827,RLVRMF,ES 888665948,Eric Montgomery,True
1000000001828,VMPVPQ,TR 913675916,Julie Ayers,False
1000000001829,VMPVPQ,DH 532180113,Laura Ferrell,False
1000000001830,NOMPNW,UI 682342840,Chad Garcia,False
1000000001831,NOMPNW,IU 462671320,Nicholas Navarro,False
1000000001832,JXGHFR,YB 423867077,Ruben Todd,False
1000000001833,JXGHFR,IS 398766740,Chad Sellers,False
1000000001834,QFNAWI,PN 210752400,Sharon Tucker,True
1000000001835,CEXNUF,RL 109724725,Sonya Wood,False
1000000001836,CEXNUF,JU 893927639,Dylan Brown,True
1000000001837,KRFLWG,JP 828936327,Colleen Sandoval,True
1000000001838,RZOWKI,NM 042357318,Alex Wilkerson,False
1000000001839,DHZBEI,TD 699213534,David Hoover,False
1000000001840,CGWZRX,SQ 077508849,Hannah Briggs,True
1000000001841,LDHSHD,PI 357686621,Lisa Durham,False
1000000001842,LDHSHD,KX 519484542,Robin Barr,True
1000000001843,LDHSHD,AN 305915419,Gabrielle Gonzalez,False
1000000001844,USAARN,ZB 109674513,Heather Mccall,True
1000000001845,YLGUXN,JP 050417372,Peter Gross,True
1000000001846,YLGUXN,HF 870323812,Jason Park,False
1000000001847,QLJQPR,EK 993547521,Stephen Marks,False
1000000001848,QLJQPR,GB 373114933,Evan Perkins,True
1000000001849,QLJQPR,GZ 659400381,Kathy Martin MD,True
1000000001850,ENVXLF,ET 510021824,Michael Evans,True
1000000001851,ENVXLF,CP 284616878,Joshua West,True
1000000001852,BNASWX,RM 499970320,Cheryl Malone,False
1000000001853,XZRCLK,CZ 344210651,Mary Scott,False
1000000001854,IKROGU,VD 041313555,Ryan Smith,True
1000000001855,RZPJBY,FY 223956721,Brandi Le,True
1000000001856,MJZVJE,EV 989878776,Angela Mills,False
1000000001857,ZALAFI,IK 877123981,Jacob Brown,True
1000000001858,OHIUUY,HL 204873045,Jesus Fields,True
1000000001859,OHIUUY,FL 817341880,Glenn Mason,True
1000000001860,FTQJKD,MK 031575859,Peggy Luna,True
1000000001861,FTQJKD,XP 362054493,William Walsh,False
1000000001862,FTQJKD,AI 540638567,Joan Craig,False
1000000001863,ZGSKDN,WR 153784205,Nancy Stuart,True
1000000001864,QEOGCV,DS 544078967,Michelle Campos,False
1000000001865,QEOGCV,RB 922100720,Shelly Medina,False
1000000001866,VQXXJJ,IS 112461757,Lisa Simpson,True
1000000001867,VQXXJJ,QR 048667186,Tony Davis,False
1000000001868,ZQWBAH,HZ 470498671,Jeffrey Hammond,True
1000000001869,WRMMKK,OY 033257044,Bruce Ford,False
1000000001870,PPILXS,WN 668997490,Julie Taylor,True
1000000001871,PPILXS,KJ 381779989,Amy Yates,True
1000000001872,WURGFX,GB 704811301,Ryan Martin,True
1000000001873,VCFYNS,DX 145651812,Donna Taylor,False
1000000001874,VCFYNS,YZ 034374325,Stephanie Wells,False
1000000001875,DOJKOZ,EV 536251231,Elizabeth Compton,False
1000000001876,VAONKZ,PL 020607136,Mark Wilson,True
1000000001877,VAONKZ,VW 221442673,Richard Ward,False
1000000001878,EFKVOU,KT 256116159,Curtis Baker,True
1000000001879,UPSTRM,JZ 184553758,Debra Thomas,True
1000000001880,UPSTRM,ZM 081499402,Michelle Weber,False
1000000001881,PZRCXX,BV 358035288,Gregory Wood,False
1000000001882,PZRCXX,IW 781973544,Robert Stewart,False
1000000001883,PZRCXX,PC 774449649,Michael Kennedy,False
1000000001884,VLHCAK,IB 606988264,Douglas Brown,False
1000000001885,VLHCAK,PZ 537793854,Patrick Ellis,True
1000000001886,LBIUPQ,MB 040725453,Kevin Taylor,False
1000000001887,LBIUPQ,ZI 932470792,Perry Brown,True
1000000001888,QVSVFN,DP 743160325,Todd Bauer,True
1000000001889,KZGGEE,DJ 943988442,Nicole Good,True
1000000001890,JDBXZH,ZT 617949645,Brittney Middleton,True
1000000001891,WFGQNJ,FT 957812731,Nicole Gomez,False
1000000001892,FPYTOP,KN 271832240,Melanie Roy,False
1000000001893,FPYTOP,CR 276176404,Christine Huffman,False
1000000001894,FPYTOP,BW 112863811,Jean Beck,True
1000000001895,VSCOII,WK 289207459,Chad Booth,True
1000000001896,VSCOII,NU 276774239,Tara Madden,False
1000000001897,HKBCQW,LF 732783969,Claire Walton,False
1000000001898,UEDIRJ,OO 260772143,Haley Williams,False
1000000001899,UEDIRJ,PH 965371557,Zachary Boyd,False
1000000001900,UEDIRJ,XD 983187309,Heather Smith,True
1000000001901,CISILL,VT 731297341,Daniel Hall,True
1000000001902,MDOVOK,TB 275908268,Amber Irwin,True
1000000001903,BHOOIT,WL 087121894,Anthony Hernandez,False
1000000001904,WEIOZF,XN 960233159,Zachary Lyons,False
1000000001905,WEIOZF,JH 757903230,Julie Bell,False
1000000001906,CTXAQJ,OB 941750241,Rebecca Shields,False
1000000001907,TAAHWI,LV 758755850,Jose Payne,True
1000000001908,TAAHWI,RZ 497236694,Anne Rogers,True
1000000001909,WSEIAS,PJ 518142043,Christopher Patterson,True
1000000001910,FWETAX,MM 462176434,Matthew Gentry,True
1000000001911,BZSMOY,GV 674078869,Sue Rodriguez,False
1000000001912,BZSMOY,ZP 585749110,Taylor Villanueva,False
1000000001913,BZSMOY,IN 641879397,Jessica Davidson,True
1000000001914,AJXMAJ,RQ 124931645,Claire Kennedy,False
1000000001915,BZPKTV,CE 437804704,Yvette House,False
1000000001916,PYYOQF,WD 875692692,Christina Cooper,False
1000000001917,BOPHWZ,YE 327357125,Patricia Shepard,False
1000000001918,BOPHWZ,XO 085789591,Virginia Moore MD,False
1000000001919,NZSRRS,ZI 660098057,Eric Peterson,False
1000000001920,NZSRRS,IL 303413653,Matthew Williams,False
1000000001921,PVIZRA,CB 499770706,Jessica Mayer,True
1000000001922,MELISH,MY 700491744,Dr. Brett Ramirez II,False
1000000001923,ODNCRS,TF 638762157,Angela Chandler,True
1000000001924,NFMUBJ,WI 458661824,Sandra Stevenson,False
1000000001925,NFMUBJ,GE 785314198,Elizabeth Hill,False
1000000001926,NFMUBJ,ZH 921223399,Daniel Scott,False
1000000001927,DIBLGS,ST 590071320,Ruth Moore,True
1000000001928,RITCUA,PS 567715417,Jorge Leblanc,True
1000000001929,RITCUA,CP 893911645,Adam Stewart,True
1000000001930,OFJAFN,ZC 765766647,Thomas Fuentes,False
1000000001931,OFJAFN,FX 529645521,Beth Porter,True
1000000001932,VATYZF,XT 782988727,Kenneth Medina,True
1000000001933,VATYZF,DY 185069298,Brenda Smith,True
1000000001934,XDSYCV,ML 400672466,Maria Reynolds,False
1000000001935,XDSYCV,PB 430318393,Christopher Delacruz,True
1000000001936,XDSYCV,VH 840654885,Ashley Rodriguez,True
1000000001937,FWJDRX,WD 151436974,Mr. Michael Kelly MD,False
1000000001938,FWJDRX,WZ 798387135,Kelly Stewart,False
1000000001939,ZEIELM,DP 338958641,Suzanne Reynolds,False
1000000001940,QYAHXT,QB 601999162,Brenda Blackburn,True
1000000001941,PYXCPV,XH 293684268,Elizabeth Ruiz,False
1000000001942,PYXCPV,RY 901027190,Mr. Corey Olson,False
1000000001943,CMDVXG,XZ 203872121,Emily Cortez DDS,True
1000000001944,CMDVXG,CG 456244622,Benjamin Williams,True
1000000001945,HQNEYR,UI 393508243,Jeffery Robinson,False
1000000001946,HQNEYR,WH 140307559,Frank Nunez,True
1000000001947,TUKOUC,FR 202484350,Ana Hill,False
1000000001948,TUKOUC,BI 332809997,Peter Reese,True
1000000001949,VJHHQE,LP 310907718,Aaron Reilly,False
1000000001950,VJHHQE,CZ 277376554,Michele Allen,True
1000000001951,OTMXDQ,LY 355481471,Cameron Kelly,False
1000000001952,NHPOBU,TD 393929427,Brian Vance,True
1000000001953,AKYRLH,EN 134339062,Tonya Reed,True
1000000001954,ZYPACL,EI 582477339,Kimberly Austin,True
1000000001955,YSESMJ,KS 719127593,Lindsey Williams,True
1000000001956,XXFPKF,TZ 142116220,Emily Contreras,True
1000000001957,FRNVWO,ZR 100443643,Mikayla Nguyen,False
1000000001958,DDWPJS,DO 969142200,Daniel Martin,False
1000000001959,IYGIFO,CI 683527808,Thomas Rosario,False
1000000001960,UJYPWW,CD 338530009,John Brown,False
1000000001961,UJYPWW,JA 586775465,Christine Cantrell,True
1000000001962,ZCUMBS,TS 703446332,Christopher Barrett,False
1000000001963,YWUIQC,HD 684154635,Heather Mccormick,False
1000000001964,FTCJSI,TK 185176965,Damon Dudley,False
1000000001965,SFMKLI,KZ 600337522,Kevin Murphy,False
1000000001966,SFMKLI,VW 109222514,Kelli Walsh,True
1000000001967,WUUDRM,ES 372376604,Kevin Richardson,True
1000000001968,JKEHJC,LL 297081372,Jeffrey Lewis,True
1000000001969,SQIXDA,OX 352439229,Barbara Harvey,True
1000000001970,XOGYUL,RP 496284076,Mike Nunez,True
1000000001971,BNXXNP,RN 087834767,Rhonda Gonzalez,False
1000000001972,UUEQIY,SJ 244666694,Trevor Gonzales,True
1000000001973,MHRFXJ,HU 943868250,Timothy Weiss,True
1000000001974,MHRFXJ,NZ 629726692,Christopher Cobb,True
1000000001975,JNSUAP,DU 273468927,Brenda West,True
1000000001976,UHGHQE,GT 344666105,Julie Lee,True
1000000001977,CILCMG,SH 068628868,Natasha Miller,True
1000000001978,CILCMG,FH 244940395,Terri Jensen,False
1000000001979,FMGCKP,GI 134408833,Lisa Nguyen,False
1000000001980,FMGCKP,FM 347691237,Alexander Foster,False
1000000001981,YQFHNS,GG 801220163,Danielle Booker,False
1000000001982,LQDXOM,PZ 239152313,Catherine Smith,False
1000000001983,LQDXOM,LP 409821270,Melissa Shelton,True
1000000001984,TEANPF,GQ 201295903,Kurt Simmons,True
1000000001985,FDZODX,VN 900019176,Katelyn Flores,True
1000000001986,JVAXYT,EU 483438715,Carrie Carter,False
1000000001987,DNRHCU,JI 117087027,Johnathan Graham,True
1000000001988,ETENHG,OT 009380834,Susan Anthony,True
1000000001989,ETENHG,QS 216005932,Ashley Monroe,False
1000000001990,ETENHG,FO 527625202,David Vega,True
1000000001991,GUOIYM,VW 428326701,Jeffrey Elliott,True
1000000001992,MHQPKO,GV 678629025,Jeremy Rodriguez,False
1000000001993,LJVJAV,KT 267302209,James Scott,False
1000000001994,GXOKWR,HR 530405319,Michael Velazquez,False
1000000001995,GXOKWR,JS 755084852,Amy Cooper,True
1000000001996,GXOKWR,JP 784679700,John Brown,False
1000000001997,DSQBGK,TA 644058355,Whitney Santos,False
1000000001998,YLJZGV,HS 797328290,Steven Ramos,False
1000000001999,YLJZGV,YI 112134063,Cynthia Smith,True
1000000002000,YLJZGV,RE 502406511,Stephen Carlson,False
1000000002001,QKIMCW,ZC 711706485,Sandra Foley,False
1000000002002,UJUXAW,OT 312407904,Susan Hawkins,False
1000000002003,OBUUMP,FY 819011456,Angela Wright,False
1000000002004,OBUUMP,EC 195249601,Julie Butler,False
1000000002005,OBUUMP,JA 451770223,Rachel Cole,False
1000000002006,KINYXJ,UJ 478277253,William Bernard,True
1000000002007,VQXCCZ,TG 284898735,Thomas Fields,True
1000000002008,VQXCCZ,PK 335702409,Dr. Tyler Harvey PhD,True
1000000002009,AUCSMB,RD 984648442,Mary Gonzalez,False
1000000002010,HITATO,QD 652391886,Justin Flores,True
1000000002011,NUBXSR,GA 353340620,Richard Moore,True
1000000002012,JGJKKJ,LA 142156345,David Chan,False
1000000002013,JGJKKJ,RR 862335704,Christopher Melton,True
1000000002014,GCDWJI,VQ 434421117,Robert Wilson,True
1000000002015,QXLPOQ,OX 574218842,Deborah Frey,False
1000000002016,ZTFKZK,PN 512911647,David Rodriguez,False
1000000002017,ZTFKZK,UN 299872473,David Hughes,False
1000000002018,NUEUUY,UZ 759153007,Lisa Rice,False
1000000002019,ELFSSK,VD 183479230,Jacob Acevedo,False
1000000002020,GMPTCU,PV 310812464,Kristin Green,False
1000000002021,GMPTCU,BA 624301460,Mark Petersen,False
1000000002022,ZKYFXD,ZJ 069637491,Leslie Wilson,False
1000000002023,XVWBAH,CF 790650614,Rebecca Stone,False
1000000002024,XVWBAH,QW 250231600,Adam Rodriguez,False
1000000002025,XOVPMA,DJ 898683212,Thomas Castillo,False
1000000002026,XOVPMA,WY 984250796,Bobby Adkins,True
1000000002027,OXOYDT,RR 784200141,Robin Goodwin,True
1000000002028,OXOYDT,XK 372386159,James May,True
1000000002029,OXOYDT,SW 994757637,Tammy Morris,True
1000000002030,HCUIKJ,YC 557797983,Carolyn Hall,False
1000000002031,UGSOJD,UA 105939481,John Cortez,False
1000000002032,UGSOJD,OA 035602858,Ruth Hall,True
1000000002033,RUZCWM,FU 096354760,Tracey Coleman,False
1000000002034,RUZCWM,PS 184262264,Rebecca Miller,True
1000000002035,KGFOBS,OO 245940859,Kelsey Walter,False
1000000002036,KGFOBS,RX 437795076,James Rogers,True
1000000002037,YZJIVF,VV 748525122,Erica Kemp,False
1000000002038,EKVDJZ,WO 901752279,Donna Ellis,False
1000000002039,EKVDJZ,KN 652396749,Lisa Hart,False
1000000002040,QFZGBX,WF 854070084,Antonio Walker,True
1000000002041,QFZGBX,VE 426957538,Miguel Pugh,False
1000000002042,QFZGBX,TI 763529461,Christina David,True
1000000002043,SIWIEJ,AE 085206334,Nicole Johnson,True
1000000002044,MFZPKM,QN 372826593,Kyle Fox,False
1000000002045,JNVHPP,DG 917160333,Amanda Garcia,True
1000000002046,JNVHPP,FO 436602093,Dorothy Miller,True
1000000002047,JNVHPP,DY 210936767,Juan Williams,True
1000000002048,ERXBUR,NQ 764554590,David Perry,True
1000000002049,ERXBUR,NK 435110269,Kathy Austin,True
1000000002050,KFHQAB,RV 892333135,Daniel Carson,False
1000000002051,XWMUWM,ZY 070264062,Mrs. Mary Edwards,True
1000000002052,XWMUWM,GA 151448762,James Campbell,True
1000000002053,PBXTKW,SD 427973029,Kristina Sanchez,False
1000000002054,PBXTKW,ND 252023589,Gabriel Woods,True
1000000002055,NZCNJC,TM 284889199,Brian Brooks,False
1000000002056,COMRXJ,TB 599194564,Bradley Shelton,True
1000000002057,COMRXJ,VH 900415242,Frank Allen,True
1000000002058,WUFHVD,WC 701897795,Joshua Rivera,False
1000000002059,WUFHVD,GS 093672502,Michael Bennett,False
1000000002060,PNJSAV,RP 177073460,Robert Collins,False
1000000002061,PNJSAV,EU 079921645,Brent Alvarado,False
1000000002062,SZHTCE,FW 283286785,Katherine Roberts,False
1000000002063,BVNVIN,AR 881557155,Jenny Wilkerson,True
1000000002064,BVNVIN,AO 940936364,Scott Perry,True
1000000002065,BVNVIN,ML 161133956,Keith Wood,False
1000000002066,NIHWQJ,FJ 825696192,Terrance Velazquez,False
1000000002067,ENUJSS,KW 486978487,Jessica Bradley,True
1000000002068,ENUJSS,OD 319630527,Lori Mooney,False
1000000002069,QBYLQH,AH 225916423,Daniel Duncan,True
1000000002070,QBYLQH,GB 017631919,Douglas Willis,False
1000000002071,QBYLQH,MA 855360622,Zachary Pearson,True
1000000002072,CQKDSM,HT 577569429,Gregory Ruiz,False
1000000002073,YSNRDD,TX 003273032,April Evans,True
1000000002074,PAEYQR,JG 635235611,Michelle Torres,True
1000000002075,QQXGBS,JV 806958621,Brittany Sanford,True
1000000002076,QQXGBS,BZ 111281779,Matthew Ortega,True
1000000002077,PYOYGT,PP 636947281,Marcia Coleman,True
1000000002078,GUFMIF,TL 845033790,Trevor Nguyen,False
1000000002079,GUFMIF,JT 037535313,Lindsay Travis,False
1000000002080,GUFMIF,DX 756719503,Grant Bruce,True
1000000002081,LMGDJT,ME 126524948,Jesse Brown,False
1000000002082,LMGDJT,RL 838820151,Caitlin Cummings,False
1000000002083,BCPHTV,IG 136165765,Jonathan Adams,False
1000000002084,FZVKBW,TJ 619549029,Carol Anderson,True
1000000002085,RWWOTP,IB 457766138,Lauren Phillips,False
1000000002086,RWWOTP,MJ 091595678,Gerald Waters,True
1000000002087,GRZDOQ,JO 593601941,Kristy Curtis,True
1000000002088,GRZDOQ,IA 536087807,Jason Rodriguez,True
1000000002089,GRZDOQ,NB 338811209,Alyssa Hodge,False
1000000002090,YBJROJ,OY 720373448,John Good,True
1000000002091,VZQIFU,LA 190565743,John Stevens,False
1000000002092,YHRNOR,VV 393164909,Andrew Green PhD,True
1000000002093,OAPKJB,HD 873058868,Jeffery Pierce,False
1000000002094,OAPKJB,XG 292662547,Erin Pollard,True
1000000002095,OAPKJB,MY 804014615,Melissa Elliott,False
1000000002096,TMVCII,QZ 190073885,Nicholas Williams,True
1000000002097,TMVCII,JM 474369390,Peter Hall,False
1000000002098,NPILIR,MA 596718321,Daniel Andrews,False
1000000002099,ZMITST,WW 425111903,Calvin Keller,False
1000000002100,HIBXJP,NN 429412597,Shannon Smith,True
1000000002101,HIBXJP,BC 323887676,Leah Chandler,False
1000000002102,KKUEJI,EJ 951340399,Jasmine Martin PhD,True
1000000002103,UHLUJU,SW 308183632,Joel Roberts,False
1000000002104,UHLUJU,EH 702663820,Christine Hanson,False
1000000002105,BWUAAT,DV 513311786,Eric Miller,False
1000000002106,BWUAAT,OD 719288920,Jerry Kirby,True
1000000002107,BWUAAT,PR 757405892,Kerry Haas,False
1000000002108,CVOVRJ,EQ 778719249,Christine Smith,False
1000000002109,CVOVRJ,SX 713649674,Jamie Peterson,False
1000000002110,XMGILB,JU 752574488,Patrick Stewart,True
1000000002111,XMGILB,UV 990185111,Jason Bridges,False
1000000002112,WNNRMK,CP 851576467,Steven Cobb,False
1000000002113,WNNRMK,OQ 809838319,Matthew Potter,True
1000000002114,WNNRMK,MS 758603456,Michael Thompson,False
1000000002115,NOMOOR,DV 234952457,Daniel Fernandez,False
1000000002116,NOMOOR,ZK 782638803,Scott Russo,False
1000000002117,BWFSXE,OY 271618628,Whitney Stevenson,True
1000000002118,BWFSXE,PR 762370385,Julie Fitzgerald,True
1000000002119,IGMETP,LU 268193192,Peter Goodwin,True
1000000002120,XLYFEI,RL 232806253,Diana Ingram,True
1000000002121,KMOCAW,UI 545541892,Nicholas Pruitt,True
1000000002122,KMOCAW,MK 140035630,Stacy Hendricks,False
1000000002123,ARAOVQ,CG 490479865,Jessica Lee,False
1000000002124,MWNELC,LI 621325086,Ricky Silva,True
1000000002125,NFSUDP,BK 347608823,Joshua Cruz,False
1000000002126,BZXCMV,ZM 894673631,Isaiah Gonzales,False
1000000002127,BZXCMV,NS 017262803,Samuel Carter,False
1000000002128,BZXCMV,PT 474911634,Emily Williams,True
1000000002129,YUUZNV,WJ 101663662,Zachary Johnson,True
1000000002130,KMIHPT,KK 140857962,Heidi Flores,True
1000000002131,YCHGCD,VC 084861066,Phillip Garcia,False
1000000002132,CPHIZV,NQ 604690174,Rachel White,False
1000000002133,CJYHWO,OF 162441066,Jorge Walters,True
1000000002134,DMSCZT,NX 321650242,Donna Hatfield,False
1000000002135,DMSCZT,HX 407110729,Chloe Adams,False
1000000002136,XSDKBS,OO 506671485,David Hopkins,True
1000000002137,XSDKBS,KZ 147955412,Paula Porter,False
1000000002138,NDSHJD,YP 922028815,Melissa Carter,False
1000000002139,PCFUGH,AM 521768012,Jordan Villarreal,False
1000000002140,LXLSII,MS 507324913,Geoffrey Williams,False
1000000002141,ZAUCBL,YP 250274962,David Brandt,True
1000000002142,ZAUCBL,LR 037654399,Katie Campbell,True
1000000002143,ZAUCBL,SJ 803308641,Nicholas Todd,True
1000000002144,DLTMDF,QG 085050487,David Anderson,True
1000000002145,QUSPTY,DE 823772109,Alexis Edwards,True
1000000002146,KTUHFH,BM 391171740,David Armstrong,True
1000000002147,TCOXFH,XR 848657374,Heather Rice,True
1000000002148,TYUYGN,GJ 723660474,Jennifer Dougherty,False
1000000002149,KYJYCX,RL 689382528,Brian Smith,False
1000000002150,KYJYCX,EC 351602695,Abigail Robinson,True
1000000002151,KVKQJK,EH 848031636,Michael Jordan,True
1000000002152,JLXTDA,NG 813537642,Ethan Green,True
1000000002153,JLXTDA,PI 953952608,Louis Smith,True
1000000002154,TTUXCS,FU 734011499,Mrs. Lindsay Hansen,True
1000000002155,TTUXCS,KA 737704990,William Nelson,False
1000000002156,OLHIMA,XC 659773961,Barry Collins,False
1000000002157,NWQADF,VB 573689108,Patricia King,True
1000000002158,NWQADF,RG 569430721,Brian Craig,True
1000000002159,FIZAMF,LO 169916587,Katie Stanley,False
1000000002160,PNLQED,JY 048578671,Eric Jones,False
1000000002161,PNLQED,PI 182912789,John Moore,False
1000000002162,PNLQED,US 991960841,Susan Martin,False
1000000002163,ACFMMA,NH 537304376,Zachary Osborne,False
1000000002164,ACFMMA,TG 707169448,Isabella Powell,True
1000000002165,PJRNOJ,DU 407560231,Eric Smith,True
1000000002166,PJRNOJ,GQ 972968228,Wayne Williams,False
1000000002167,PJRNOJ,XH 734497992,Nicole Torres,False
1000000002168,NDLJDP,JS 366547587,Maria Carlson,False
1000000002169,WCJCQK,DY 710539259,Mary Acosta,False
1000000002170,MTVFDG,SB 853601743,Robert Stevens,True
1000000002171,MTVFDG,FD 600413166,Victor Moore,False
1000000002172,MTVFDG,NV 712797176,John Key,True
1000000002173,ALKRSN,GJ 427299043,Alexandra Marks,False
1000000002174,ALKRSN,PE 762270254,Katelyn Ball,False
1000000002175,QSSMKY,AD 158464725,William Hall,True
1000000002176,QSSMKY,UT 820369061,Janet Mcdonald,True
1000000002177,JLDVLX,FI 261340973,Heather Alvarado,True
1000000002178,CFXTUX,OV 667665405,Randy Brown,True
1000000002179,CFXTUX,VB 169435328,Diamond Burton,False
1000000002180,YEWBJE,LH 581380573,Julie Wade,False
1000000002181,SEIHSR,HU 886455526,Reginald Wallace,False
1000000002182,VHAHNS,JZ 557052950,Jeremiah Haney,True
1000000002183,VHAHNS,PL 123599896,Stacy Adams,True
1000000002184,VHAHNS,VQ 263560062,Emily Sanders,True
1000000002185,NNDGKU,LV 975193784,Jacob Olson,False
1000000002186,OHFEUS,BS 344580197,Russell Thompson,False
1000000002187,MYTSBM,PJ 164615265,Craig Adams,True
1000000002188,UQHKNW,SG 470810148,Bethany Leonard,True
1000000002189,UQHKNW,XY 884089437,Nathan Jones,False
1000000002190,INKFHU,UA 126817930,Kristen Duran,False
1000000002191,OFFZLN,BM 990580814,Alicia Robertson,True
1000000002192,OFFZLN,UQ 081056358,Micheal Johnson,True
1000000002193,OFFZLN,AB 213116694,Robert Garza,False
1000000002194,OTSMAH,TR 467642812,Tonya Jones,False
1000000002195,BDOYHV,YQ 362074988,Hannah Mills,True
1000000002196,BDOYHV,FU 126092033,Melissa Morris,False
1000000002197,NZNAAC,NB 571665781,Natasha Wood,True
1000000002198,VWJZON,RW 043896416,Kenneth Reed,True
1000000002199,VWJZON,RU 953223072,James Hutchinson,True
1000000002200,VWJZON,FQ 412613955,Kristen Burns,True
1000000002201,AOMSSQ,OX 058393408,James Gordon,False
1000000002202,AOMSSQ,LL 278859881,Robert Ramirez,False
1000000002203,YETTGJ,SK 932596276,Logan Watson,True
1000000002204,UXAHRV,VM 275341839,Jason Young,False
1000000002205,VZUKNB,FF 780228017,Yvonne Sanford,True
1000000002206,LMVVRE,OX 450269447,Alyssa Anderson,False
1000000002207,LMVVRE,HB 439103231,Daniel Davis,False
1000000002208,EZCPIE,WD 906674772,Nicole Burch,True
1000000002209,JODIVD,JL 040838437,Anne Stanley,False
1000000002210,YAVDHT,IU 777953342,Ricky Day,True
1000000002211,YAVDHT,DQ 242577727,Darrell Gilbert,True
1000000002212,YAVDHT,TB 188521148,Michael Williams,True
1000000002213,KURUJI,WV 968788420,Crystal Gray DDS,False
1000000002214,KURUJI,DY 983589477,Donna Rivera,True
1000000002215,BNKRVZ,TA 928532025,Tiffany Calderon,True
1000000002216,BNKRVZ,WK 794677818,Jason Ortega,True
1000000002217,BNKRVZ,TE 139594592,Jessica Robbins,False
1000000002218,YWEJRB,FF 235019473,Justin Goodman,False
1000000002219,VYOIKK,KF 896549977,Brenda Leonard,False
1000000002220,MYLMHY,LG 200810014,Kristen Welch,False
1000000002221,WTTUTC,GQ 625157595,Mary Carlson,False
1000000002222,WTTUTC,OW 967108004,Pamela Juarez,True
1000000002223,WTTUTC,NT 227496652,Karen White,True
1000000002224,RAFFPX,LP 517197251,Christina Williams,True
1000000002225,CTNHTL,CN 353675777,Thomas Harris,False
1000000002226,CTNHTL,TT 658750310,Nathan Hoover,True
1000000002227,CTNHTL,QK 077128061,Jessica Davis,True
1000000002228,HXYCXM,DH 666974721,Karen Baker,False
1000000002229,FCGBZE,WM 566830325,Carolyn Tate,True
1000000002230,FCGBZE,UU 525587673,William Stark,True
1000000002231,GJMVEU,RU 072839476,Wayne Malone,True
1000000002232,HTXUJX,GX 261499363,Michael Ayers,True
1000000002233,GHRINU,UE 756443909,Casey Hayden,False
1000000002234,CDYTHH,YD 630063621,Sara Long,False
1000000002235,ATCRMF,VP 787048113,Billy Green,False
1000000002236,VDCGHX,UL 739652729,Scott Molina,False
1000000002237,QVTBKW,FL 055489907,Jenna Murray,False
1000000002238,TONUMM,QI 915482700,Tamara Cruz,True
1000000002239,SRIUXC,AB 132689374,Claire Dominguez,True
1000000002240,QHRJKR,EH 841577129,David Chang,True
1000000002241,QHRJKR,JM 195617655,Michael Lucas,False
1000000002242,HANJGG,YQ 285870630,Daniel Richardson,True
1000000002243,HANJGG,NF 293352878,Charles Osborne,False
1000000002244,NIWJUR,RA 964726847,Nicholas Lee,False
1000000002245,NIWJUR,HI 283101850,Ian Johnson,True
1000000002246,NIWJUR,AG 450581058,Joshua Stewart,True
1000000002247,JTZSKP,LN 679744761,Tanner Hawkins,True
1000000002248,JTZSKP,OT 663646533,Robert Blair,False
1000000002249,KETNVI,GH 633792262,Jessica Manning,True
1000000002250,KETNVI,DU 374387345,Angela Smith,True
1000000002251,KETNVI,PK 504726097,Ashley Roberts,False
1000000002252,CDIBER,WV 977366098,Kurt Nelson,False
1000000002253,DGYDFB,NC 174736653,Lauren Obrien,True
1000000002254,ZLTMLO,ZO 489557131,Kelsey Warren,True
1000000002255,SSCNWT,EQ 961639525,Dawn Baker,True
1000000002256,VMTWQZ,XY 212384877,John Young,False
1000000002257,IFWWDK,LQ 918987557,Angel Vincent,False
1000000002258,IFZSDG,SW 290005905,Valerie Martinez,True
1000000002259,DTRPTX,RT 854059193,Jessica James,True
1000000002260,DTRPTX,VP 712393306,Donna Martinez,True
1000000002261,DEOOJN,ZK 597598096,Shawn Lee,True
1000000002262,QXZLSQ,PJ 608787578,Monica Wilson,False
1000000002263,VYUDFB,LP 376309773,Michael Alvarez,False
1000000002264,VYUDFB,VA 660979785,Misty Dillon,True
1000000002265,EEHWED,NU 445072962,Nicole Parks,False
1000000002266,EEHWED,HK 793226527,Patricia Johnson MD,True
1000000002267,KSXWMK,CU 941567117,James Smith,True
1000000002268,IGGZTY,QC 724581987,Juan Townsend,False
1000000002269,IGGZTY,OE 538053659,Miss Elizabeth Simpson,False
1000000002270,GUJPEY,MA 507051306,Joseph Harrell,False
1000000002271,GUJPEY,EH 156838702,Austin Anderson,False
1000000002272,GUJPEY,EG 821492413,Courtney Carroll,True
1000000002273,TIDZLA,JQ 390858306,Aaron Mercado,True
1000000002274,TIDZLA,BV 681672386,Kathryn Levine,True
1000000002275,TIDZLA,GZ 755957354,Amber Ross,True
1000000002276,PNPJKE,SZ 772504025,Tony Todd,True
1000000002277,YEVNSL,NV 810855872,Marilyn Mclaughlin,False
1000000002278,BYBKYV,FX 208024104,Mr. Ian Kennedy,True
1000000002279,ISPLQQ,BX 493166081,John Dodson,True
1000000002280,ISPLQQ,QP 566134047,Ashley Cooper,True
1000000002281,ISPLQQ,OE 458408922,Andrew Savage,False
1000000002282,EVTKFH,PW 064949356,Shane Duncan,True
1000000002283,LMDUJG,FI 803638364,Sarah Banks,True
1000000002284,CLTZEM,YW 817083351,Elizabeth Nguyen,False
1000000002285,GRMXYU,UC 449663900,Shelby Contreras,False
1000000002286,FPQDFN,GT 804886725,Daniel Meadows,False
1000000002287,ILWOZA,AL 709987317,Kenneth Rodriguez,True
1000000002288,ILWOZA,YM 688130384,Ashley Sanders,True
1000000002289,WJQJCI,XC 016454662,Christopher Davis,False
1000000002290,WJQJCI,LX 612769876,Christopher Bailey,False
1000000002291,SYNKCM,JD 957947450,Rachel Raymond,False
1000000002292,SYNKCM,BC 717331571,Maria Jensen,True
1000000002293,NRUTKY,QX 144716504,Carrie Pace,True
1000000002294,RTBTWF,FQ 582969454,Cody Green,True
1000000002295,LANGZI,IB 378049876,Laura Stephenson,False
1000000002296,SDXJDA,QA 739652427,Rita Morton,True
1000000002297,TJWHSB,MW 146440261,Robert Campbell,False
1000000002298,TJWHSB,IQ 618326213,Christopher Gomez,False
1000000002299,TJWHSB,VA 109542527,Sharon Ward,True
1000000002300,PBSLZO,EJ 084820727,Steven Gordon,False
1000000002301,PBSLZO,EK 293781326,Daniel Johnson,True
1000000002302,UTYZYB,GY 277674695,David Johns,True
1000000002303,UTYZYB,SR 468774929,Becky Walters,False
1000000002304,UTYZYB,TM 675726684,Cheyenne Jones,False
1000000002305,INQLEI,EZ 366783203,Abigail Mcdaniel,False
1000000002306,INQLEI,NJ 177905340,Micheal Waters,False
1000000002307,MJYXAJ,AK 518016648,Connie Gonzalez,True
1000000002308,SQIIAE,HW 193889531,Chad Brown,True
1000000002309,PBJUFQ,UL 978157341,Stephen Shannon,True
1000000002310,PBJUFQ,SZ 608623650,Alison Gray,False
1000000002311,BIFIPZ,GO 224789225,Charles Durham,True
1000000002312,BIFIPZ,HS 613506210,Wendy Thomas,True
1000000002313,BIFIPZ,CK 997062981,Frank Castillo,False
1000000002314,ADYSMB,WZ 665083681,Mrs. Heather Camacho MD,False
1000000002315,NLDGBJ,RD 140737308,Rhonda Cantu,False
1000000002316,NLDGBJ,YV 039092005,Douglas Gonzalez,False
1000000002317,NLDGBJ,NH 702474857,Cassandra Flynn,False
1000000002318,CYWOLB,JM 132738152,Sarah Jensen,False
1000000002319,MAKFUP,JR 725401493,Christine Taylor,False
1000000002320,MAKFUP,MR 543188645,Stephanie Burns,True
1000000002321,TGRAIK,PE 924636698,Anthony Alvarez,False
1000000002322,XCCKET,CA 504583875,Heather Little,True
1000000002323,XCCKET,OE 099031721,Kathryn Marshall,False
1000000002324,XCCKET,LA 804333156,Pamela Esparza,False
1000000002325,XHLESF,BK 601933520,Brian Miller,True
1000000002326,JUUHWX,HY 316426633,Dr. Janet Parks,True
1000000002327,RDHFHN,MY 231017171,Anthony Dunn,True
1000000002328,FPEOVQ,EM 405199508,Emily Morse,True
1000000002329,FPEOVQ,MX 567352635,Alexandra Skinner,True
1000000002330,FPEOVQ,EG 241302286,Robert Allen,False
1000000002331,QEROIZ,CS 024923577,Jason Newton,True
1000000002332,LTNDVI,NF 717532279,Eric Williams,False
1000000002333,XAEDGE,ZT 615878989,Megan Bailey,False
1000000002334,KUVAWZ,KU 317151114,Robert Spencer,True
1000000002335,KUVAWZ,CE 845467313,Christopher Miles,False
1000000002336,SSKCSM,UP 419066954,Julie Skinner,True
1000000002337,SSKCSM,DB 034011761,Harold Yang,True
1000000002338,VTUYKQ,OP 112738318,Daniel Mcdowell,True
1000000002339,VTUYKQ,EK 579656400,Christopher Pineda,False
1000000002340,DOELKK,EH 542607824,Raymond Santos,False
1000000002341,DQSZVN,BJ 241147546,Douglas Nelson,True
1000000002342,BSFFIG,QZ 306421168,Paul Thomas,True
1000000002343,EYRQIN,ZU 951592346,Joseph Avery,False
1000000002344,RRQAVH,YU 645331649,Ryan Simpson,False
1000000002345,MLLVJQ,VY 411371346,Andrew Morris,True
1000000002346,CXZLQY,CV 789078695,Brian Sutton,True
1000000002347,SPFLZH,TF 830415447,Brian Owen,False
1000000002348,CVFJMJ,GX 973697016,Derek Walker,True
1000000002349,CVFJMJ,EB 317504093,Russell Cox,True
1000000002350,FWAXYP,KK 968974095,Paul Holmes,False
1000000002351,QCUOKN,HR 509579281,Nathaniel Sandoval,True
1000000002352,KUWDPQ,OG 063992416,Christian Sanders,True
1000000002353,KUWDPQ,ZG 627890880,Gregory Adams,True
1000000002354,WHDKDZ,NP 179592822,Ann Martinez,False
1000000002355,ETEVWI,BL 725038561,Cathy Price,False
1000000002356,OYRTYE,MU 413427732,Melissa Rubio,False
1000000002357,OYRTYE,CC 421420942,Crystal Henry,False
1000000002358,QJHBAS,DQ 587199425,Stephanie Green,True
1000000002359,ZCYRUH,MZ 530955877,Keith Alvarado,True
1000000002360,ZCYRUH,HU 273795723,Lisa Foster,True
1000000002361,RCGIOW,QO 129213511,Jennifer Becker,True
1000000002362,BNPRVR,KR 075350246,Matthew Williams,True
1000000002363,RZGQPL,JE 123222320,Sandra Burnett,True
1000000002364,ZDXRVP,AH 709439137,Kelly Morris,True
1000000002365,URLXMH,VJ 837921316,Kristina Gonzales,True
1000000002366,URLXMH,OE 099371519,James Brown,False
1000000002367,VRSLUJ,PC 988380374,Sarah Turner,False
1000000002368,ARAEAA,KT 133704946,Regina Stephens,False
1000000002369,ARAEAA,IN 700535588,Emily Johnson,True
1000000002370,GHGRCW,DZ 180829385,Kristen Garcia,False
1000000002371,OUSQMC,OD 779825875,Monica Nichols,True
1000000002372,BNFDMQ,AR 153307066,Jacob Carrillo,False
1000000002373,BNFDMQ,GL 633119161,Amy Wu,False
1000000002374,BNFDMQ,FN 373134037,Patrick Johnson,False
1000000002375,NMOHTH,ID 379306189,John Schroeder,True
1000000002376,FMIYQW,CS 820721624,Donna Calhoun,False
1000000002377,PKZLHS,KQ 732550652,Edwin Hansen,True
1000000002378,PKZLHS,NW 679120720,Gabriela Vance,False
1000000002379,LQSDQE,WZ 035508199,Robert Booker,True
1000000002380,ODRXBS,QS 445657817,Sarah Ryan,True
1000000002381,ODRXBS,YL 515567409,Amanda Edwards MD,False
1000000002382,QXXUQK,OF 599300134,Nicholas Brewer,True
1000000002383,XERXDY,BW 806709144,Andrew Rojas,True
1000000002384,YVDQQL,QN 004004645,David Cherry,False
1000000002385,CEFMNZ,LM 875256048,Joseph Clark,False
1000000002386,CEFMNZ,MV 576013807,Douglas Coleman,True
1000000002387,LPFGJI,XK 216525081,Ann Hunter,False
1000000002388,LPFGJI,EZ 507174164,Alexander Allen,True
1000000002389,XBNNPG,ZE 310323197,Dr. Nathan Hughes,True
1000000002390,XBNNPG,SX 168444696,Jack Richmond,False
1000000002391,XBNNPG,FZ 244183281,Maria Lawson,True
1000000002392,CTQGCE,FT 447929759,Sharon Chen,True
1000000002393,EKUQXC,WI 894009465,Suzanne Evans,True
1000000002394,BFJPOA,WP 924887807,Jared Macias,False
1000000002395,CQYRJS,UP 764973780,Maxwell Nunez,False
1000000002396,VZKAGT,TC 187162897,Charles Rodriguez,False
1000000002397,XFEBZU,KY 609191935,Jimmy Coleman,False
1000000002398,XZYEIO,YW 931769708,Beth Ray,False
1000000002399,XZYEIO,QT 105639670,Scott Flores,False
1000000002400,XZYEIO,XV 714057702,Rachel Woods,True
1000000002401,AYSXEH,DZ 449409985,Bradley Richardson,True
1000000002402,AYSXEH,TQ 374484555,Jacob Holder,True
1000000002403,KIWVRT,KV 633542050,Jeanette Bass,False
1000000002404,KIWVRT,UR 277282769,Phyllis Jennings,True
1000000002405,ZDOPFX,BZ 894266036,Kristie Brown,True
1000000002406,ZDOPFX,SX 764482943,Amanda Fields,True
1000000002407,IVFDWX,QI 616537778,Tyler Morrison,True
1000000002408,IVFDWX,BR 919163695,Brian Chaney,False
1000000002409,IVFDWX,EH 501691569,Christopher Lawson,False
1000000002410,SPMLJC,VL 070081334,Mario Thomas,True
1000000002411,SPMLJC,GJ 432692494,Daniel Townsend,False
1000000002412,SPMLJC,QC 599112946,Michael Chambers,True
1000000002413,YQMTSY,GF 879146595,William Daniels,False
1000000002414,GOSWFF,QJ 390596669,Alyssa Lopez,True
1000000002415,OCVMIC,TY 383754288,Travis Roberts,False
1000000002416,MBULPF,RY 850302772,Nathan Allen,False
1000000002417,MBULPF,BC 162505532,Jesse Harris,True
1000000002418,MBULPF,LP 483726877,Brianna Atkins,False
1000000002419,YEYIPT,FE 491286728,Sheryl Fox,True
1000000002420,YEYIPT,YN 910407629,Richard Reyes,False
1000000002421,FIZCBC,BS 415731802,Jane White,True
1000000002422,VDVYUC,DD 719129433,Billy Huang,False
1000000002423,ZHNZPQ,LN 149635501,Catherine Diaz DDS,False
1000000002424,HDRIJV,FO 015845673,Steven Stanley,True
1000000002425,LOECVJ,BZ 174931756,Michael Ramsey,True
1000000002426,LOECVJ,AG 737339701,Mr. Cody Garcia DVM,False
1000000002427,LOECVJ,AA 621892240,Terry Knight,True
1000000002428,FPBENC,VI 966025143,Joseph Cook,False
1000000002429,PSPIAL,UV 118004501,Sandra Poole,True
1000000002430,PSPIAL,ZS 596027693,Benjamin Rodriguez,False
1000000002431,PSPIAL,VY 779660548,Rebecca Zavala,False
1000000002432,ODTYGD,QQ 422464069,John Smith,False
1000000002433,ODTYGD,YH 754182771,Kathryn Sherman,False
1000000002434,NKLEGH,WF 605801975,Justin Kramer,True
1000000002435,FMZNOE,RV 865044414,Christopher Vasquez,True
1000000002436,ZMBVZV,EV 267088050,William Green,False
1000000002437,RZUHRK,JQ 626849704,Crystal Caldwell,True
1000000002438,IIUYNW,PA 142076817,Nicholas Ortega,True
1000000002439,CLLVEH,ZA 365972397,Joseph Winters,True
1000000002440,CLLVEH,FS 171500760,Melanie Edwards,False
1000000002441,RJWAKS,GS 180077842,Joyce Todd,True
1000000002442,XJKCPL,SF 867706672,Heidi Kim,True
1000000002443,XJKCPL,YJ 834914309,Caitlin Carey,True
1000000002444,CIGYON,YS 597833674,Christopher Crane,True
1000000002445,CIGYON,LV 205994476,Joseph Johnston,False
1000000002446,CIGYON,AG 122562083,Virginia Ryan,True
1000000002447,YXKBFF,TP 257016206,Shannon Fernandez,True
1000000002448,AALFTP,YW 595915167,Darrell Watson,False
1000000002449,LSASZY,XX 965863602,Michael Hernandez,False
1000000002450,LSASZY,CZ 320922545,Scott Palmer,True
1000000002451,LSASZY,FG 940978738,Theresa Smith,False
1000000002452,XESINJ,SG 410006658,Kimberly Gonzalez,False
1000000002453,XESINJ,PT 930046035,Tyler Rivers,False
1000000002454,ORHCAP,YA 706493759,Michael Lynch,False
1000000002455,LNSCML,FP 058304702,John Bishop,True
1000000002456,TFNFOY,HN 645130050,Allison Allison,False
1000000002457,TFNFOY,LF 547388084,Tiffany Sexton,True
1000000002458,TFNFOY,AX 850725532,James Dixon,True
1000000002459,TWAAJP,FF 550135247,Tonya Ward,False
1000000002460,TWAAJP,FG 505139184,Kristen Wells,True
1000000002461,TWAAJP,EV 120074045,Paul Underwood,False
1000000002462,MHHGNX,LQ 327692689,Larry Massey,True
1000000002463,WIGODX,YD 309252390,Jorge Hood,True
1000000002464,OQNRDM,TN 712413739,Craig Shepherd,True
1000000002465,HYJREF,TN 193669436,Matthew Nichols,True
1000000002466,LKQCDP,XC 145945681,Hannah Steele,False
1000000002467,LKQCDP,EA 463187989,Lauren Gay,False
1000000002468,LKQCDP,SH 023042333,Cynthia Nunez,True
1000000002469,XSNBQV,BQ 960250927,Olivia Garcia,False
1000000002470,NZWDCG,PJ 866684707,Richard Sanchez,False
1000000002471,NZWDCG,WN 789663680,Oscar Marshall,True
1000000002472,VDILKY,FM 882330970,Karla Moreno,False
1000000002473,BFGHEP,GA 770751862,Lauren Jackson,True
1000000002474,UCLLUA,IK 636782816,Mary Walter,True
1000000002475,UCLLUA,UK 688127904,Adam Hampton,True
1000000002476,UCLLUA,KO 580681792,Joshua Adams,False
1000000002477,MVRUOX,HN 797031080,Maxwell Lynch,True
1000000002478,MVRUOX,IP 544878904,Nathaniel Williamson,False
1000000002479,HUOGPV,EQ 867260213,Jason Flynn,True
1000000002480,AMYOEE,OB 640599743,Melissa Henderson MD,False
1000000002481,LFDBJN,AV 378253712,Misty Smith,False
1000000002482,LFDBJN,MT 415578137,Kelly Crawford,False
1000000002483,NDLYXI,RU 175624799,Robert Dudley,False
1000000002484,NDLYXI,BI 827305976,Craig Rodriguez,True
1000000002485,NDLYXI,CS 784640157,Eric Smith,True
1000000002486,DUMOWR,QT 978565255,James Wilson,True
1000000002487,MVICSK,KI 672929907,Geoffrey Kramer,False
1000000002488,MVICSK,TO 015413827,Mrs. Lisa Williams,False
1000000002489,MVICSK,JW 392389862,Megan Fox,False
1000000002490,DRIHDD,ZX 629661035,Dawn Banks,False
1000000002491,AKWVOS,OO 371492627,Martin Williams DVM,False
1000000002492,AKWVOS,ES 126646096,Matthew Johnson,False
1000000002493,MKYYON,UT 100916659,Amanda Meadows,True
1000000002494,KKJOFA,UT 001784627,Eric Cortez,True
1000000002495,KKJOFA,RM 052258987,Marilyn Moore,True
1000000002496,HFNLED,DO 166569107,Raymond Gonzalez,True
1000000002497,RAUBVP,CB 117134025,Mary Potter,True
1000000002498,PUBLOL,BR 643494652,Christopher Irwin,False
1000000002499,PUBLOL,KG 347741160,Heather Boone,False
1000000002500,JKAACC,KV 887559875,Kenneth Gomez,True
1000000002501,JKAACC,RU 552823016,David Jones,True
1000000002502,JKAACC,XT 297744433,Thomas Sanchez,True
1000000002503,EUXGCB,IQ 786740477,Leslie Parker,False
1000000002504,HZEZZS,AC 972834190,Pamela Ball,False
1000000002505,HZEZZS,NG 009978442,Rebecca Berg,True
1000000002506,GCFPFJ,WM 421282658,Kelly Jones,False
1000000002507,WASUAN,KK 248910557,Raymond Ponce,False
1000000002508,WASUAN,XO 843456512,Heidi Allison,True
1000000002509,WASUAN,VN 708063139,Thomas Hill,True
1000000002510,IWSPPF,HK 845907312,Cynthia Fitzpatrick,False
1000000002511,BEQTKT,XF 642181544,Brian Jones,False
1000000002512,BEQTKT,NX 770705070,Kathy Robinson,False
1000000002513,DKVLBD,IB 263276243,Mikayla Little,False
1000000002514,DKVLBD,NY 798047078,Christian Rosario,True
1000000002515,DXITZL,BM 877523999,Margaret Alexander,True
1000000002516,YXODTO,XC 454419838,Robert Cochran,False
1000000002517,AOEYSV,UM 262901651,Stefanie Hernandez,False
1000000002518,AOEYSV,NE 478715533,Emily Olson,False
1000000002519,HCSBWR,BV 313475619,Jill Everett,True
1000000002520,HCSBWR,BT 021000278,John Ward,True
1000000002521,SNIKYN,GP 870051253,Patricia Kelly,False
1000000002522,YRFNVV,KU 190537693,Matthew Fisher,True
1000000002523,YRFNVV,EU 274622689,Madeline Meadows,True
1000000002524,DGRXDH,CM 243872075,Billy Macias,True
1000000002525,YXDNCX,UR 449419964,Brent Callahan,False
1000000002526,YXDNCX,XF 624384092,Valerie Hines,True
1000000002527,YXDNCX,RH 736850705,Maurice Anthony,False
1000000002528,XLPJTE,EW 103186720,Brittney Davis,False
1000000002529,JTXNIV,YA 566196676,Denise Poole,True
1000000002530,PIHPEV,VD 434010265,Michelle Brown,False
1000000002531,PIHPEV,FW 657329774,Eric Wood,False
1000000002532,WLSNWV,WS 902330946,Aaron Stone,False
1000000002533,WOUWRG,UN 061653730,Eric Washington,True
1000000002534,RBRDEX,DK 907816293,Shelly Martin,True
1000000002535,WCFGHH,DO 071066169,Jamie Bell,True
1000000002536,WCFGHH,MB 904117977,Sergio Brown,True
1000000002537,ETIRIS,DR 467099608,Ashley Johnston,False
1000000002538,CNXZRS,TT 298308788,Samantha Roy,False
1000000002539,ZEMDFF,VZ 824375968,Samuel Ryan,True
1000000002540,ZLSEGK,UQ 482300971,Jessica Thompson,True
1000000002541,RHSJFJ,CW 336721156,Gary Travis Jr.,False
1000000002542,NHOBSA,PP 828246491,Tracy Hill,False
1000000002543,RIIEWA,EI 942315963,Jason Nguyen,True
1000000002544,CVPBSM,ZB 915181369,Daniel Macias,True
1000000002545,EBZOHP,EV 464494058,Steven Wheeler,False
1000000002546,EBZOHP,YI 278911926,Philip Jensen,True
1000000002547,VALVPP,OB 606814416,Alisha Mason,True
1000000002548,VALVPP,JB 729420670,Jasmine Garcia,True
1000000002549,VALVPP,SU 824049779,Joseph Irwin,True
1000000002550,YUFLQS,FC 030315186,Cassandra Murillo,True
1000000002551,YUFLQS,RL 249476419,Justin Graham,True
1000000002552,YUFLQS,IZ 325199010,Hannah Hunter,False
1000000002553,HJCDTK,TR 227770859,Daniel Randolph,True
1000000002554,HJCDTK,PH 554344821,Jonathan Young,True
1000000002555,IYTKYQ,NI 576941513,Autumn Edwards,False
1000000002556,OEXSXD,FP 323750839,Heidi Richardson,True
1000000002557,JWSDKN,VN 523243421,Francisco Jackson,False
1000000002558,KTISLL,OX 965628073,Rebecca Olson,True
1000000002559,KTISLL,CE 558048294,Jason Green,True
1000000002560,TSQYJK,BX 255872937,Kimberly Stone,False
1000000002561,TSQYJK,WI 587360805,Paul Mccoy,True
1000000002562,PHCUKI,MI 316750115,Michael Barnes,False
1000000002563,PHCUKI,GS 341477568,Joann Johnson,False
1000000002564,CQXLNJ,ZS 379987080,Christine Freeman,True
1000000002565,TCQUWJ,ZV 898122396,Faith Wagner,False
1000000002566,TCQUWJ,JK 764451256,Paul Kirk,True
1000000002567,TCQUWJ,HN 346442996,Joshua Mcdowell,False
1000000002568,XCIKIT,VE 606993994,Jillian Hansen,True
1000000002569,XCIKIT,HU 382921629,James Sweeney,False
1000000002570,HBZFXJ,XY 857103630,Eric Lopez,False
1000000002571,DUJAVI,IN 625096941,Marisa Santos,False
1000000002572,DUJAVI,FA 908886081,Joshua Payne,False
1000000002573,GVPTSE,JQ 360368085,Douglas Garner,True
1000000002574,GVPTSE,AN 372132677,Debbie Carrillo,True
1000000002575,GVPTSE,SP 191804384,Rachael Walker,True
1000000002576,SWKQJZ,JW 756842181,Kevin Harrison,False
1000000002577,KUCVSH,KY 747291311,Ana Fox,False
1000000002578,UECIRJ,HH 030231217,Michael Parker,True
1000000002579,HTBZNO,IU 327588811,Paul Parker,True
1000000002580,CWFUDM,FJ 041652726,Carol Perry,False
1000000002581,CWFUDM,EO 310017925,Ashley Andrews,True
1000000002582,PMLHOY,PJ 801370209,Mark Moore,False
1000000002583,XRMBFI,CD 014696136,Ann Carlson,True
1000000002584,XRMBFI,OP 450980635,Steven Moore DDS,True
1000000002585,CRQFGZ,RY 626251049,Heidi Rodriguez,False
1000000002586,MFUMMG,ZC 515133209,Karina Johnson,True
1000000002587,DQXZJT,OR 240741359,Sean Villa,True
1000000002588,DQXZJT,OM 036385743,George Young,False
1000000002589,BXYXAS,XC 008416267,Francisco Gordon,True
1000000002590,BXYXAS,XO 146500394,Eric Stone,True
1000000002591,BXYXAS,WP 846420181,Jacqueline Wilkinson,True
1000000002592,WWTCJF,AZ 016519889,Alisha Lewis,False
1000000002593,WWTCJF,DE 750751926,Sarah Rodriguez,False
1000000002594,NUCVAZ,WB 162284396,Rebekah Ramirez,True
1000000002595,CSKZUB,BO 720204871,Natalie Fields,False
1000000002596,UAILMF,RL 764144271,Michael Perez,True
1000000002597,JNTEHV,DJ 145955080,Teresa Rogers,False
1000000002598,ELWYFA,ZC 954735642,Stephanie Whitney,True
1000000002599,ELWYFA,DP 109098245,Linda Harris,True
1000000002600,AORALJ,HF 470236074,Deborah Jordan,False
1000000002601,DTKWIM,CA 525531341,Jeffrey Jackson,False
1000000002602,LYSJFC,YP 954175401,Cody Johnson,False
1000000002603,LYSJFC,NN 848281739,Joann Johnson,True
1000000002604,TLTFJV,IZ 108296561,Lisa Sullivan,False
1000000002605,DOBYAJ,YK 646764785,Ryan Reyes,False
1000000002606,DOBYAJ,WD 501439992,Anthony Green,True
1000000002607,QTOOEH,WG 286102855,Shirley Riley,True
1000000002608,QTOOEH,KH 552032865,Joseph Garrison,True
1000000002609,PQSALF,VM 980528390,Tracey Callahan,True
1000000002610,PQSALF,GV 083038840,Jeffrey Robinson,True
1000000002611,PQSALF,GL 921910507,John Conner,True
1000000002612,SPPBHW,PG 445406914,Lance Good,True
1000000002613,RFEMVX,UM 431556769,Jeffrey Clark,False
1000000002614,RFEMVX,FW 263273243,Lori Hart,False
1000000002615,LEKBQO,ER 190566514,Michael Walters,False
1000000002616,LEKBQO,FP 683298768,Corey Orozco,False
1000000002617,RESHXG,BV 191702423,Jessica Cantu,False
1000000002618,UKBQKL,MS 738013184,David Stanley,False
1000000002619,DJUDSI,DY 168261114,Gregory Craig,False
1000000002620,DJUDSI,UW 478735414,Carolyn Wallace,True
1000000002621,WKDRXA,ZZ 311688592,Jennifer Torres,True
1000000002622,OWDSSH,TJ 889438301,Mark Smith,False
1000000002623,OEGMXO,EG 165608804,Kara Fitzgerald,True
1000000002624,OEGMXO,ED 244628826,Amanda Dodson,True
1000000002625,LWGMWK,SF 873631493,Michael Johnson,True
1000000002626,IUURZT,AX 293804503,Cheryl Bartlett,False
1000000002627,IUURZT,LL 491164764,Kelly Rodgers,True
1000000002628,RRSSXG,ZS 681337227,Christina Vaughn,True
1000000002629,ILWJAI,LF 539258830,Ashley Jones,True
1000000002630,HSXXFA,AJ 338417876,John Russell,False
1000000002631,VKGNJG,SB 726488105,Emily Mcknight,False
1000000002632,OMYJNS,PI 128837939,Brandon Castillo,True
1000000002633,OMYJNS,KW 082278146,Mark Walker,False
1000000002634,OMYJNS,OT 698232072,Eugene Carey,True
1000000002635,HITJSW,BE 156230678,Jennifer Heath,True
1000000002636,HITJSW,GK 141280447,Diana Henry,True
1000000002637,ZHADEH,NC 248748562,Justin Todd,False
1000000002638,ZHADEH,WM 173277606,Vanessa Simmons,False
1000000002639,IBEWTS,XE 136899065,Marie Rivera,True
1000000002640,XICMHW,XF 436633756,Michael Wheeler,False
1000000002641,VLTTBV,SN 577778592,Katie Gomez,False
1000000002642,VLTTBV,KM 188374489,Gerald Hall,True
1000000002643,VLTTBV,FO 424450256,Stacie Bennett,True
1000000002644,HOISJS,WG 829598816,Bryan Mendoza,True
1000000002645,OTINIF,TN 632940380,Tonya Kim,True
1000000002646,BSWYHE,AX 808655108,Brandon Moore DDS,True
1000000002647,BXEWBC,NT 078393132,Lisa Watkins,False
1000000002648,MGCYQG,XX 942501657,Michael Bauer,False
1000000002649,MGCYQG,VU 281070560,Eric Gray,False
1000000002650,LDEHQC,HA 410960066,Joseph Garrett,True
1000000002651,ETQAWG,SS 531766024,Regina Hensley,False
1000000002652,YHMNLM,VD 181433697,Kyle Park,True
1000000002653,LQWBFJ,MP 068342605,Ricky Baker,False
1000000002654,VRLWWK,TY 499696608,Kimberly Hess,True
1000000002655,GXUNPG,OB 875880414,Molly Jennings,False
1000000002656,GXUNPG,PC 874512619,William Pace,False
1000000002657,GXUNPG,FY 930944312,Sharon Moore,False
1000000002658,KEGLWA,VZ 579990072,Wyatt Marquez,True
1000000002659,HNTMSK,HM 723063657,Samuel Campos,False
1000000002660,WIAUGN,YF 104136777,Benjamin Becker,True
1000000002661,WIAUGN,FL 322496737,Regina Douglas,False
1000000002662,WIAUGN,KI 912094540,Erik Chan,False
1000000002663,GTEXSL,KR 438826976,Sophia Ramirez,False
1000000002664,LCRGLW,MA 748868996,Cynthia Price,True
1000000002665,YBNGOA,VU 914183590,Karen Coleman,True
1000000002666,HWUHDH,IX 444742707,Dominique Brown,False
1000000002667,HWUHDH,JE 861095472,Greg Hernandez,False
1000000002668,HWUHDH,CI 193914603,Anthony Stewart,True
1000000002669,HIFWXT,PP 356899108,Justin Khan,False
1000000002670,SJUCFU,OL 750139939,Johnny Stevens,False
1000000002671,SJUCFU,ZL 746317718,Mrs. Tiffany Monroe,True
1000000002672,FHYSDM,YI 861633863,Nicholas Navarro,False
1000000002673,VTRCOJ,QZ 624986409,Adam Gonzalez,True
1000000002674,ASBMEZ,QK 770536443,Robert Hill,False
1000000002675,ASBMEZ,NP 762080128,Donna Anderson,True
1000000002676,ERXLAR,BS 009205365,Tabitha Martin,False
1000000002677,FRGZCH,FY 690019233,Jennifer Simmons,False
1000000002678,QRFHJZ,BH 415758427,Brandi Turner,False
1000000002679,QRFHJZ,BN 277933335,Ryan Pearson,False
1000000002680,ZSLGVK,KT 445766162,Christopher Davis,False
1000000002681,ZSLGVK,QL 103184173,Amy Perry,False
1000000002682,EXMVMM,OW 465546120,Isabella Taylor,True
1000000002683,ZHOBUF,NL 726440198,Diana Irwin,False
1000000002684,RWTXLL,II 435354256,Katrina Guzman,False
1000000002685,RWYZPZ,EP 078138475,Jenny Adkins,False
1000000002686,WEQMZF,QQ 491850582,Dawn Williams,False
1000000002687,GRJXDG,QO 465120690,Gregory Peck,False
1000000002688,GRJXDG,OH 597372530,Ashley Weber,True
1000000002689,HQFFOO,DL 944280540,Don Parker,True
1000000002690,IBGVDE,RM 950787305,Penny Simon MD,False
1000000002691,FRBLYM,RX 432926205,Sarah Allen,True
1000000002692,RUJTNN,UC 628497565,Holly Reed,True
1000000002693,GWEQWH,LR 393994310,Colleen Joyce,False
1000000002694,GWEQWH,VE 578782809,Wesley Wagner,True
1000000002695,GWEQWH,BX 978301898,Sean Hicks,False
1000000002696,XFYDMS,QU 846074562,Leah Wang,False
1000000002697,QFFGQI,CV 327188758,Jamie Mcdonald,True
1000000002698,QFFGQI,DD 207520469,Kevin Harrell,False
1000000002699,VZIIBW,JT 484773920,Mrs. Alisha Ross,True
1000000002700,CBHYCU,PN 407319718,Dawn Kemp,False
1000000002701,YCDCCL,ZO 036729169,April Jones,False
1000000002702,YCDCCL,OW 666471079,Calvin Hamilton,True
1000000002703,JQXTTK,FO 083130016,Glenn Richardson,True
1000000002704,JQXTTK,TS 290074166,Connie Davis,False
1000000002705,JQXTTK,NI 042831672,Travis Pierce,True
1000000002706,FBITTY,BD 447106060,Elizabeth Copeland,False
1000000002707,FWHKRF,CD 889214181,Cynthia Velez,True
1000000002708,QJRIKE,VW 479801170,Robert Johnson,False
1000000002709,EJKGDZ,OZ 658575790,Denise Little,True
1000000002710,EJKGDZ,TN 594791099,Jennifer Murray,False
1000000002711,QFLYNR,IA 784865230,Lori Newton,True
1000000002712,QFLYNR,AB 304982070,Ryan Lee,False
1000000002713,QFLYNR,BN 547539641,Troy Mcdonald,True
1000000002714,WXSUDB,ZL 230358217,Gloria Garcia,False
1000000002715,WXSUDB,GK 804808861,Dr. Melinda Glenn,False
1000000002716,LCIXWZ,IC 306577211,Kathryn Turner,True
1000000002717,VLBWOV,FV 981766352,Jared Garcia,True
1000000002718,YGBWWA,HP 711070686,Jason Harris,False
1000000002719,WDQPPP,JK 414735946,Jason Rojas,False
1000000002720,WDQPPP,KO 252577689,Mark Carter,True
1000000002721,PTLFSE,QP 395166032,Michelle Shepherd,True
1000000002722,THVKBI,PX 140950715,John Poole,False
1000000002723,THVKBI,TL 323047725,Leonard James,True
1000000002724,UCDQBK,WR 953384162,Michael Ward,False
1000000002725,GARBSE,DQ 062881566,Melinda Kerr,True
1000000002726,GARBSE,RK 980518343,Susan Johnson,False
1000000002727,LBUYKY,SS 087793472,David Graham,True
1000000002728,UKGZFG,SF 218743096,Michael Ford,True
1000000002729,UKGZFG,LV 683487092,Lance Harris,False
1000000002730,SRNVFG,IC 908454826,Michael Castro,False
1000000002731,ZWQVKN,OR 258128766,Daniel Garcia,False
1000000002732,ZWQVKN,NZ 447652246,Robert Dean,False
1000000002733,TXBMFO,PX 692175171,Erin Farmer,False
1000000002734,YEINSQ,QR 547050057,Briana Tran,False
1000000002735,YEINSQ,IQ 664878413,Joseph Williams,True
1000000002736,DTKZZO,OY 783359482,Christopher Graham,False
1000000002737,DTKZZO,GF 881603534,David Martinez,False
1000000002738,NVFTLG,RX 141191014,Ronald Collins,False
1000000002739,LVREKZ,JT 129835844,Daniel Davidson,False
1000000002740,HEBNWY,MM 127715685,Brett Ellis,False
1000000002741,EPTGZT,BY 447940803,Kevin Maldonado,True
1000000002742,BQIUMA,WY 229064199,Sherry Medina,True
1000000002743,ZQNGDQ,JC 937645265,Paul Johnson,True
1000000002744,ZQNGDQ,JA 386562600,Kelly Mcfarland,True
1000000002745,WJLBOT,VM 188800300,Joshua Caldwell,False
1000000002746,WJLBOT,DI 872203071,Christian Stanton,True
1000000002747,HLKFNQ,XR 223976621,Phillip Duncan,False
1000000002748,HLKFNQ,QK 980702729,Samuel Terry,True
1000000002749,VDROIZ,KT 286358349,Melissa Parker,True
1000000002750,VDROIZ,NJ 874955910,Christina Aguilar,False
1000000002751,VDROIZ,QZ 558857283,Nicole Bentley,True
1000000002752,NXBKUO,XN 161905587,Maria Cabrera,True
1000000002753,DHMXDJ,DK 149909416,Mark Matthews,True
1000000002754,PJVRWT,IF 279891454,Matthew Pearson,True
1000000002755,BAUEON,VE 172845848,Kristina Gilbert,False
1000000002756,BAUEON,BF 926288658,David Skinner,False
1000000002757,ARSPKQ,NW 805701974,Victoria Clayton,False
1000000002758,ARSPKQ,SS 292555680,Wendy Griffin,False
1000000002759,RMPZPH,JR 001581236,Jessica Greene,False
1000000002760,RMPZPH,ZP 470025190,Elaine Brewer,True
1000000002761,JMBPZT,EF 609577248,Charles Benson,True
1000000002762,DFJBBP,NG 083572890,James Cisneros,True
1000000002763,DFJBBP,XI 634741804,Megan Johnson,False
1000000002764,CMKRIB,XP 597573368,Christian Lee,False
1000000002765,QYZRQJ,AJ 657555258,Tara Sweeney,False
1000000002766,QYZRQJ,TG 066487826,James Fernandez,True
1000000002767,LPCUFY,SC 255464533,Danny Williams,True
1000000002768,BDFUMT,CV 844704145,Hannah Richards,False
1000000002769,BDFUMT,LZ 706951181,Janice Hubbard,True
1000000002770,BDFUMT,HG 595594229,Christina Newman,True
1000000002771,EAXQQF,HA 241997711,Danielle Galvan,True
1000000002772,EAXQQF,LH 743604890,Michelle Bennett,True
1000000002773,ZUIPHK,OT 436947493,Christopher Garcia,True
1000000002774,VGHHQL,QE 893861618,Jeanette Fry,True
1000000002775,VGHHQL,OU 580843196,Janet Ponce,True
1000000002776,XHQFFP,XU 900531260,Austin Benson,False
1000000002777,XHQFFP,UX 845958769,Katherine Brown,True
1000000002778,XHQFFP,NG 681307837,Sara Bowman,False
1000000002779,MHXZUV,ML 941234592,Melissa Allen,True
1000000002780,LVYZVV,ZS 245571162,Melissa Brown,True
1000000002781,PBNJGL,JN 492863270,Raymond Cook,False
1000000002782,PBNJGL,OS 028106076,David Orr,False
1000000002783,PBNJGL,TZ 026335641,Daniel Frazier,True
1000000002784,NRCAQL,RO 702521514,Leslie Kelley,True
1000000002785,NRCAQL,UV 172368504,Crystal Bell,False
1000000002786,NRCAQL,QC 602354722,Emily Cox,True
1000000002787,DFIXSH,RX 306113900,Tanya Cantu,True
1000000002788,UIBERP,AJ 523408705,Susan Taylor,True
1000000002789,UIBERP,JE 355563859,Veronica Ortega,True
1000000002790,UIBERP,CC 399748698,Brittany Green,False
1000000002791,RYJXET,AK 338079266,Michelle Freeman,True
1000000002792,RYJXET,WY 501750566,Alexandra King,True
1000000002793,XTBPMC,MK 065869722,Kurt Salazar,False
1000000002794,VQZDSY,EG 063191069,Andrew Allen,False
1000000002795,QPQJYT,ZG 591142028,Danielle Blake,True
1000000002796,OSXZRH,JQ 614024542,Charles Moore,False
1000000002797,OSXZRH,IC 023200013,Brooke Mitchell,True
1000000002798,OSXZRH,TO 243509791,Lindsey Stephens,False
1000000002799,IPCYAZ,AV 617629484,Peter Munoz,False
1000000002800,IPCYAZ,AJ 977953614,James Brown DDS,True
1000000002801,QTFWPT,HU 063360273,Martin Williams,True
1000000002802,QTFWPT,SU 261736292,Jenny Franco,True
1000000002803,QTFWPT,ER 773824382,Mary Armstrong,True
1000000002804,NKCOUZ,LU 283381385,Kirk Martin,False
1000000002805,NKCOUZ,TE 627094014,George Gamble,False
1000000002806,XPAYCR,OK 924567089,George Martin,False
1000000002807,FXFEVA,RH 504629337,Susan Terry,False
1000000002808,FXFEVA,UZ 338789591,Craig Peterson,True
1000000002809,VTBGKS,DG 094587595,Alison Allen,True
1000000002810,VTBGKS,JA 723230070,Cathy Stokes,True
1000000002811,QGEWAM,VN 484674752,Andrea Graham,True
1000000002812,UJVUDS,QA 650869227,Joshua Singh,False
1000000002813,UJVUDS,PT 541105562,Faith Anderson,True
1000000002814,UJVUDS,ZT 768094059,Brenda Keller,True
1000000002815,BWDPPL,IA 453206543,Mr. Jeff Adams,True
1000000002816,OCYPIA,CM 037152431,Elizabeth Walker,True
1000000002817,OCYPIA,XK 830953122,Michael Boyle,False
1000000002818,ZMOTUK,SS 747870676,Patricia Hill,False
1000000002819,ZMOTUK,UC 307078101,Jason Mayer,False
1000000002820,FHKPHT,HV 480569421,Edward Combs,False
1000000002821,XPWIMR,KS 004491007,Elizabeth Willis,False
1000000002822,XPWIMR,TA 492049930,Benjamin Larsen,False
1000000002823,AYUCEV,XY 107043105,Stephen Miller,True
1000000002824,AYUCEV,CZ 878506606,Brandon Luna,False
1000000002825,IQLRLU,HR 835156095,Brian Wilson,False
1000000002826,IQLRLU,HH 215386115,Tara Wells,False
1000000002827,IQLRLU,CZ 714359341,Michael Thompson,True
1000000002828,ZSMFAX,FM 047255310,Scott Richmond,False
1000000002829,ZSMFAX,BU 084524088,Mr. Charles Gonzales MD,False
1000000002830,LZYKOB,LV 925336010,Nancy Patterson,True
1000000002831,BJPNOO,KU 914009981,Laura Casey,False
1000000002832,FDMQSK,TL 922887415,Jocelyn Zimmerman,True
1000000002833,DZNBMQ,QP 543450266,Dawn Hernandez,False
1000000002834,JFXKKH,VE 696648110,David Giles,False
1000000002835,JFXKKH,FN 272430677,Carolyn Davidson,True
1000000002836,JFXKKH,GN 810708240,Mary Gibson,True
1000000002837,ATHBXD,LQ 331579208,Mackenzie Miller,True
1000000002838,RFHOTN,RI 620172951,Jeffrey Miller,True
1000000002839,RFHOTN,AR 869611084,Ryan Morales,True
1000000002840,MYRSVF,ZN 767360863,Alexander Bradley,True
1000000002841,MYRSVF,WB 506667605,Kevin Wong,True
1000000002842,YIBNMN,XD 090830692,Allison Johnson,False
1000000002843,YIBNMN,VS 055644199,Leslie Wagner,False
1000000002844,SURMAL,NC 616050299,Sarah Green,True
1000000002845,SURMAL,QN 814983678,Brandon Wilson,True
1000000002846,SURMAL,VX 774911767,Cesar Dougherty,False
1000000002847,AYJBSQ,WP 043753157,Michael Contreras,True
1000000002848,PNCPXL,LD 950838603,Shannon Barry,True
1000000002849,PNCPXL,PQ 756753515,Jon Peters,True
1000000002850,RPDFAE,DI 392708120,Veronica Snyder,True
1000000002851,IUSZRN,GJ 781010320,Ronald Johnson,True
1000000002852,TYTBVM,TH 609909757,Dawn Davis,True
1000000002853,QEGJDD,RM 661907644,Rebecca Wilson,True
1000000002854,VPEWMQ,BG 616222772,Daniel Lawrence,False
1000000002855,ZMTVZC,UV 026028465,Derrick Wong,False
1000000002856,ZMTVZC,NM 956886499,Stephanie Zimmerman,False
1000000002857,ZMTVZC,JC 391802384,Joanna Hill,True
1000000002858,AQGNYT,GV 433736090,Richard Torres,True
1000000002859,ZQXIJC,LT 947631834,Daniel Rojas,False
1000000002860,ZQXIJC,UQ 927852346,Alexis Mitchell,False
1000000002861,ZQXIJC,CF 216760896,Benjamin Bray,True
1000000002862,LLQKGF,AX 589782425,Tony Simmons,False
1000000002863,VDIFUT,JZ 540445039,Nicole Robinson,False
1000000002864,VDIFUT,MH 466908144,Stephen Gonzalez,True
1000000002865,HBJQHU,BE 653283153,Andrew Jacobs,True
1000000002866,HBJQHU,EW 190487860,Steven Yates,True
1000000002867,CIFRVX,MP 334512982,Michael Walsh,False
1000000002868,CIFRVX,WT 833788147,Hannah Molina,True
1000000002869,CIFRVX,PT 438203950,Stephen Johnson,False
1000000002870,BSQNWQ,YO 755005357,Jessica Patterson,False
1000000002871,BSQNWQ,QE 367336142,Sabrina Marquez,True
1000000002872,BSQNWQ,PR 163295661,Zachary Duran,True
1000000002873,HUBKUV,HK 243648517,Patricia Pope,True
1000000002874,HUBKUV,FQ 730614601,Melanie Garner,False
1000000002875,FWJJQO,RV 000925683,Brandon Gray,True
1000000002876,FWJJQO,VQ 278387776,Mary Simmons,True
1000000002877,ZCDMJD,XI 714513740,Danny Mcmillan,False
1000000002878,OLCEQK,YL 565293675,Rachael Barnes,True
1000000002879,OLCEQK,CX 403498939,Philip Peterson,True
1000000002880,TDBHFC,QQ 422094705,Erin Ross,True
1000000002881,TDBHFC,CD 390187692,James Gordon DDS,False
1000000002882,TDBHFC,OB 287158344,David Fernandez,False
1000000002883,CWTJFD,JN 738544240,Kevin Norris,False
1000000002884,CWTJFD,ON 804688698,Patricia Wilkins,False
1000000002885,FHUJHW,WC 427247711,Michael Morales,True
1000000002886,FHUJHW,NY 815616217,Cheryl Casey,True
1000000002887,FHUJHW,SH 873140319,Sarah Young,True
1000000002888,FNSLKV,PU 162469889,Jason Hampton,False
1000000002889,GRKQLN,QF 182247922,Spencer Long,True
1000000002890,LAHXKL,HQ 670716714,William Hebert,False
1000000002891,AEPXFR,DB 785235298,Julia Thomas,False
1000000002892,AEPXFR,WG 373454247,Chelsea Blake,True
1000000002893,GVBSRR,FY 221819517,Haley Edwards,True
1000000002894,HZXLGU,YZ 677693131,April Carson,False
1000000002895,JBFDTQ,XP 336425503,Elizabeth Sanchez,True
1000000002896,JBFDTQ,UX 210125467,Thomas Burgess,False
1000000002897,EDORMQ,AX 959770317,Andrea Riley,True
1000000002898,AVCPNC,XY 832014354,Matthew Martinez,True
1000000002899,AVCPNC,AO 798836863,Sharon Floyd,False
1000000002900,UUUZKI,CW 498106326,Elizabeth Caldwell,True
1000000002901,NDZPSU,WE 042942992,Charles Johnson,False
1000000002902,ZDVEJM,DK 435069782,Ronald Adams,False
1000000002903,YFZQLP,GM 112038299,Christine Castillo,False
1000000002904,XZFBNK,BF 015059547,Samantha Larson,False
1000000002905,XZFBNK,RS 680304005,William Brown,False
1000000002906,XZFBNK,QM 314336057,Jason Smith,False
1000000002907,YXZSPW,WR 549599291,Nicolas Rodriguez,False
1000000002908,PJHTFZ,FP 690913641,Nicolas Rodriguez,True
1000000002909,BVZTRM,BE 059483609,Troy Carroll,True
1000000002910,BVZTRM,MT 153609643,Joseph Rodriguez,True
1000000002911,BVZTRM,CH 497320096,Ryan Gonzalez,False
1000000002912,IWQGXG,IV 053256248,George Brock,True
1000000002913,MFCYER,JS 804970464,Maria Barker,True
1000000002914,KMBFWB,GF 693240574,Henry Ewing,False
1000000002915,KMBFWB,FC 910389166,Krystal Wood,False
1000000002916,ZXNLBO,QS 521858680,Lori Gregory,False
1000000002917,ZXNLBO,YM 889258578,Lisa Thomas MD,True
1000000002918,ZXNLBO,DX 370377312,Sabrina Stephens,True
1000000002919,BFCGVD,JE 485307487,Rachel Ortiz,True
1000000002920,ROPRTJ,GP 951405018,Dawn Johnson,True
1000000002921,FHOPHF,RM 000485412,Michelle Jones,False
1000000002922,FHOPHF,JU 945255396,Katie Garcia,True
1000000002923,FHOPHF,MQ 129870109,Jessica Nelson,False
1000000002924,SDBFZE,KQ 176111483,Gary Chapman,True
1000000002925,TJIRTP,TH 526121669,Amanda Sullivan,True
1000000002926,TJIRTP,DL 011233016,Michael Walsh,True
1000000002927,HBSKDJ,TG 673238368,Gabrielle Wood,True
1000000002928,HBSKDJ,MG 228074905,Eric Long,False
1000000002929,ECGGGB,PE 059509428,Shannon Duncan,True
1000000002930,AGDQUK,SH 772108727,David Hernandez,False
1000000002931,QWQLFX,FJ 157981555,Sandra Watson,False
1000000002932,GBHVQD,GE 529643522,Hunter Villegas,False
1000000002933,GBHVQD,NE 872980202,Juan Thomas,False
1000000002934,LYLZCF,HW 513420457,Judy Jackson,True
1000000002935,LYLZCF,RE 562530302,William Rodriguez,False
1000000002936,ATTULU,DP 146442143,Adrian Wilson,False
1000000002937,ATTULU,BD 559227702,Michael Rhodes,True
1000000002938,DWQCNZ,BP 799872569,Kristine Ross,True
1000000002939,QVZLNL,SC 076499672,Angela Lewis,True
1000000002940,FVMQRG,UD 800711947,Cheryl Cunningham,False
1000000002941,FVMQRG,IS 201127042,Priscilla Reid,False
1000000002942,BIBAZH,EB 238143316,Kelly Walker,True
1000000002943,BIBAZH,MH 446970711,Dr. Lisa Beck,True
1000000002944,AKPEDS,DM 115787239,Lauren Merritt,True
1000000002945,AKPEDS,UT 602642362,Frank Wood DVM,False
1000000002946,ZQVMUF,FW 469371478,Jordan Griffith,False
1000000002947,ZQVMUF,DJ 711784440,Kelly Johnson,False
1000000002948,TNNXSR,ZY 942443793,Samantha Ayala,False
1000000002949,SRZZTF,HK 671188161,Anthony Collins,True
1000000002950,SRZZTF,XS 477496784,Michelle Newman,True
1000000002951,IIAMHB,SH 318815675,Steven Holt,True
1000000002952,IIAMHB,EC 557970790,Raven Ramirez,False
1000000002953,IIAMHB,XQ 553001731,Sandra Mccoy,False
1000000002954,SMBNEP,SI 921298567,John Nixon,True
1000000002955,JPPBOY,UJ 251774856,Jacob Peterson,False
1000000002956,IMFTXD,LI 437428220,Jennifer Gaines,False
1000000002957,IMFTXD,RG 960726520,Benjamin Barnes,False
1000000002958,JEBBHK,KP 967372500,Kayla Barnes,False
1000000002959,JVSCFE,ZK 932050650,Valerie Navarro MD,False
1000000002960,JVSCFE,QL 588445236,Mark Nunez,True
1000000002961,BCLPMS,VC 002089676,Andrea Whitehead,True
1000000002962,BCLPMS,YE 321517519,Travis Jenkins,False
1000000002963,KZDVAG,RL 058653143,Cassidy Ray,False
1000000002964,KZDVAG,JD 431077222,Jon Williams,True
1000000002965,OTBAFV,UZ 589367428,Timothy Harper,True
1000000002966,LMUJSC,EZ 787388011,John Myers,False
1000000002967,FZFGLU,DF 923835223,Matthew Jackson,True
1000000002968,NRFOTD,JQ 063244896,Derrick Flynn,True
1000000002969,NRFOTD,LP 261655427,Donald Rodriguez,False
1000000002970,HBBKUJ,EQ 214616904,Kevin Harrison,True
1000000002971,ERPAEH,FD 654419043,Anthony Sanford,False
1000000002972,ERPAEH,CL 705035623,Carol Keller,False
1000000002973,ERPAEH,CZ 604851199,Mrs. Mary Ingram,True
1000000002974,FNPWCS,VH 267911178,James Young,False
1000000002975,FNPWCS,IM 729169422,Lance Jackson,True
1000000002976,BBKSUM,XR 187576176,Gregory Payne,True
1000000002977,BBKSUM,JN 588366079,Mr. David Mcintyre,True
1000000002978,EWCOGO,LY 337836159,Matthew Williams,True
1000000002979,EWCOGO,DB 080795653,Jared Newman,True
1000000002980,EWCOGO,NJ 509360470,Robert Washington,True
1000000002981,LRVMTQ,FK 142137472,Cynthia Walker,False
1000000002982,DISUTY,AV 689495427,Christopher Thomas,False
1000000002983,ARPVXY,LZ 369832407,Lisa Daniel,False
1000000002984,EZKNNS,ZG 598161809,Angela Gay,False
1000000002985,SVFQEI,JR 040933627,Amanda Ferguson,True
1000000002986,SVFQEI,ST 759426732,Erin Martinez,True
1000000002987,SVFQEI,ZN 215532501,Kari Lopez,True
1000000002988,LMKMFG,BA 974511651,Chelsea Russo,True
1000000002989,LMKMFG,VV 951339660,Carrie Haley,False
1000000002990,YAFTPN,NI 966471181,Erica Hernandez,True
1000000002991,JDBWQW,DX 919184655,Jody Lee,True
1000000002992,JDBWQW,NW 851676559,Daniel Carpenter,False
1000000002993,RKLGCZ,RT 697602236,Teresa Harper,False
1000000002994,EVBHNO,SM 143704342,Laura Lindsey,False
1000000002995,HJOFQV,GL 177744222,Jason Jordan,False
1000000002996,YWXCXJ,CN 973819034,Bonnie Brewer,False
1000000002997,YWXCXJ,VN 295838508,Gabriel Johnson,True
1000000002998,YWXCXJ,OE 535135634,John Johnson,False
1000000002999,RJSGMQ,QN 163354715,Tonya Jacobs,True
1000000003000,GTDCZD,SR 254176892,Mark Hunter,False
1000000003001,WHGYNN,WD 994580284,James Ryan,True
1000000003002,WHGYNN,MM 198162549,Justin Berry,True
1000000003003,YGJCGG,AD 651338613,Eric Wright,True
1000000003004,YGJCGG,EW 160543370,Sarah Miller,True
1000000003005,KOHNXK,WX 712747069,Melissa Young,True
1000000003006,KOHNXK,MB 789406972,Regina Thompson,False
1000000003007,USTCWG,PY 186293191,Charles Williams,True
1000000003008,USTCWG,MJ 758647401,Kristen Mcclure,True
1000000003009,FUGJPX,ST 755046161,Haley Wiley,False
1000000003010,VIHMCA,SW 403972675,Ryan Orr,True
1000000003011,XXAPZE,ZM 941425095,Robert Chen,True
1000000003012,VSGKFR,JN 552882313,Nicholas Robinson,False
1000000003013,VSGKFR,DX 435859919,Jessica Hunt,True
1000000003014,XTWAXO,MA 692254376,David Cox,True
1000000003015,XTWAXO,MM 716535955,Jonathan Davis,False
1000000003016,XTWAXO,AP 989582948,Jacob Williams,False
1000000003017,QPJWWH,NS 728554179,Amy Berry,False
1000000003018,QPJWWH,TU 149142154,Lisa Gaines,False
1000000003019,AYOIZB,CT 762428574,Shelly Riley,True
1000000003020,AADHYR,ZO 770354766,Richard Moore,False
1000000003021,AADHYR,ZT 799751090,Jesse Oconnell,True
1000000003022,AADHYR,GX 194072346,Pamela Burch,False
1000000003023,XBCJXA,LJ 170829220,Denise Joseph,True
1000000003024,XBCJXA,TC 900295011,Anita Graves,False
1000000003025,XBCJXA,EG 299055523,Michael Singleton,False
1000000003026,TZHEFV,IY 757456844,Luke King,False
1000000003027,UZXKBD,TS 884651903,Daniel Harding,False
1000000003028,ZWCQPJ,QV 413016064,Rebecca Hansen,True
1000000003029,KDOTZQ,TR 934177334,Kevin Harris,False
1000000003030,HSAZRS,ZY 071821821,Taylor Erickson,False
1000000003031,JTUVUW,RF 923186781,Stacey Ortega,True
1000000003032,JTUVUW,AX 023883697,Samantha Stephens,True
1000000003033,ARHNJS,QE 579535644,Rebecca Santiago,True
1000000003034,ZCPNIN,SZ 547286399,Lisa Maldonado,True
1000000003035,ZCPNIN,OW 384920317,Robert Alvarado,True
1000000003036,YNPCSW,YN 090395728,Deborah Smith,False
1000000003037,YNPCSW,CY 106733382,Gerald Johnston,False
1000000003038,ZYPZXM,NK 480249668,Erica Robinson,False
1000000003039,ZYPZXM,RT 855201015,Cynthia Grant,False
1000000003040,TFCIVY,ZU 792074051,Eric Sweeney,True
1000000003041,UUVIHI,ND 032217759,Kirsten Waller,False
1000000003042,UUVIHI,SR 983910320,Richard Goodman,False
1000000003043,SNFGJT,VC 281029729,Anthony Bowman,False
1000000003044,HVWOKB,XP 263700796,Howard Costa,True
1000000003045,BYILQP,NN 225176668,Christine Johnson,False
1000000003046,XTUBGH,JL 621334595,Terrance Burns,False
1000000003047,UDXQOG,CL 562192959,Theresa Hayden,False
1000000003048,WHDWPH,WJ 147537637,Latasha Golden,True
1000000003049,WHDWPH,AL 648586476,Veronica Thompson,False
1000000003050,WHDWPH,DM 705186506,Matthew Rhodes,True
1000000003051,CTKVAD,VA 511590592,Lauren Mclean,False
1000000003052,CTKVAD,DY 646979508,April Brennan,True
1000000003053,VPZVLK,GA 063828504,Melissa Russell,True
1000000003054,VPZVLK,XX 209225212,John Smith,False
1000000003055,TOQIMO,SG 446276351,Kristina Thompson,True
1000000003056,TOQIMO,MP 151295458,Kevin Ruiz,False
1000000003057,TOQIMO,BL 358499991,Kimberly Walker,False
1000000003058,WTSQYT,AK 952287512,Tony Nielsen,True
1000000003059,WTSQYT,BP 497311149,Ana Davis,False
1000000003060,WTSQYT,OG 910504596,Samuel Cunningham,True
1000000003061,KRITYH,QR 400597583,Jodi Banks,False
1000000003062,KRITYH,IO 042084182,Heather Moss MD,True
1000000003063,KRITYH,TH 078725505,Jennifer Nelson,True
1000000003064,VPGUHL,YQ 937577079,Stephen Obrien,True
1000000003065,MXXDGJ,IQ 169413512,Victoria Maldonado,True
1000000003066,TBAFFD,VD 955958277,Kristin James,True
1000000003067,BIENCE,BB 269156949,Lauren Bradford,False
1000000003068,XRHZLJ,QI 761002351,Sarah Newman,True
1000000003069,XRHZLJ,MQ 596915734,Marcus Parrish,False
1000000003070,HXZQLF,SF 633759849,Kristina Ho,False
1000000003071,OBCSFU,UO 870188111,Joshua Wells,False
1000000003072,AKJGIF,OC 233143241,John Nguyen,False
1000000003073,AKJGIF,VG 127879633,John Blake,False
1000000003074,TDITGH,TS 132208220,Dr. Matthew Skinner,True
1000000003075,HSNDEC,LW 519788164,Mary Moran,False
1000000003076,VKJXHM,SK 425990028,Robert Johnson,False
1000000003077,VKJXHM,QC 183137743,Phillip Jimenez,True
1000000003078,AHHXKS,PW 579251733,Steve Brown,True
1000000003079,CHJHXT,JX 201529796,Crystal Mason,True
1000000003080,XTSFBY,AD 062082124,Mrs. Angela Cruz MD,False
1000000003081,JJYLAD,CO 536292135,Mary Reynolds,False
1000000003082,TSNLVF,FH 968950929,Ashley Nelson,False
1000000003083,TSNLVF,SD 454949725,Todd Arias,True
1000000003084,AHJWEC,OK 474421756,Mary Gallagher,True
1000000003085,AHJWEC,FT 651444465,Aaron Baker,False
1000000003086,AEKTKC,UB 252888646,Rebecca Stevenson,False
1000000003087,VYYEUM,MG 431784213,Lisa Jacobson,False
1000000003088,VYYEUM,EI 754839377,Jeffrey Lynch,False
1000000003089,IWIGOD,TN 542241250,Whitney Rojas,False
1000000003090,IWIGOD,CC 124722372,Megan Hill,True
1000000003091,WCQCJU,MJ 370063239,Benjamin Webb,False
1000000003092,UFZNQN,HM 733521085,Kristi Burns,True
1000000003093,AYOZVI,ZX 826321894,Julia Kelly,True
1000000003094,AYOZVI,HG 885899818,Sherry Acosta,True
1000000003095,CQCVRP,QM 817834206,Lindsay Nelson,True
1000000003096,FKTBKO,TG 553433497,Thomas Mcgee,False
1000000003097,YXTTJP,OX 409324243,Jill Garrett,False
1000000003098,HPJFMN,PO 173163324,Amanda Johnson,False
1000000003099,HPJFMN,FH 724478390,Jose Hogan,True
1000000003100,IKWDKH,JT 579896910,Angela Stein,False
1000000003101,MWEGBH,CY 272449520,Laura Gordon,False
1000000003102,QILBRY,KW 283119778,Lori Jones,False
1000000003103,NPTLCF,WJ 018005440,Jared Bond,False
1000000003104,ZIMUZL,BC 231625751,James Wilson,False
1000000003105,CFBVBL,RZ 857439738,James Jenkins,False
1000000003106,CFBVBL,GL 845816302,Mark Bauer,False
1000000003107,ABHUYQ,QH 637251129,Angela Moore,False
1000000003108,FHGIKS,CY 102623705,Natasha Harris,True
1000000003109,FHGIKS,VW 252292546,Megan Hawkins,False
1000000003110,JLQXFJ,NY 169145590,Diana Bennett,False
1000000003111,JLQXFJ,YV 423724667,Henry Adkins,True
1000000003112,TARKDN,ZW 761747904,Carol Buck,False
1000000003113,ULBTDT,MC 205964254,Gabriela Martin MD,True
1000000003114,ULBTDT,OE 196034897,Jaime Perez,False
1000000003115,ULBTDT,RZ 539952115,Anthony Bailey,True
1000000003116,YGUJAU,HZ 437908680,Aaron Reed,True
1000000003117,YGUJAU,CX 558364548,Gina Higgins,False
1000000003118,YGUJAU,NY 742542904,Joann Cunningham,False
1000000003119,QYHDMP,PB 849785078,Rebecca Nguyen,True
1000000003120,QYHDMP,ZC 530815808,Karen White,True
1000000003121,QYHDMP,EE 451193246,Paula Mercado,True
1000000003122,WMLPFG,UJ 275237100,Maria Jensen,False
1000000003123,WMLPFG,DX 963518757,Lisa Conner,False
1000000003124,WGYHRD,RY 361301446,Christopher Hart,False
1000000003125,UDJAEE,AY 941036758,Lisa Olson,False
1000000003126,UDJAEE,CW 894011713,Michelle Hernandez,True
1000000003127,BAOOBR,DE 718467908,Michael Johnson,True
1000000003128,JLRGPW,TA 169275927,Cynthia Robinson,False
1000000003129,JPYITK,DE 697740097,Angela Smith,True
1000000003130,ACFOGN,VY 661806108,Brandi Soto,True
1000000003131,YJXIKY,SZ 001022212,Jesse Smith,False
1000000003132,PIBJCC,UY 905101181,Colleen Irwin,True
1000000003133,PIBJCC,CH 106769871,Rachel Barber,True
1000000003134,ADNSPK,YQ 632822519,Eric Miller,False
1000000003135,ADERMQ,FB 586167211,Susan Stark,True
1000000003136,ADERMQ,TF 496550242,Brittney Murphy,True
1000000003137,RYWONL,AK 548057595,Mary Mcguire,False
1000000003138,RYWONL,OU 263352317,Warren Curtis,True
1000000003139,GSCKVI,ZO 320206139,Jeremy Hahn,True
1000000003140,KETFZS,GV 676744822,David Osborne,True
1000000003141,HIUJRB,ZC 049630966,Adam Barr DDS,False
1000000003142,NNGZUR,QY 029649910,Jessica Bradley,False
1000000003143,NNGZUR,DD 954584465,Barbara Perry,True
1000000003144,NNGZUR,NO 715342789,Bailey Watts,True
1000000003145,VOQWTC,OS 322766548,Kelly Sweeney,False
1000000003146,VOQWTC,JP 464540300,Scott Mack,False
1000000003147,RPQUVN,IP 594538823,Eric Cruz,False
1000000003148,DMVBSI,UW 356682289,Tyler Cummings,True
1000000003149,DMVBSI,HM 549203980,Jacob Washington,False
1000000003150,PAMEAA,FH 191577014,Mark Fowler,True
1000000003151,RLAJST,KJ 162315394,Heather Ingram,True
1000000003152,RLAJST,OX 650916397,Hunter Ford,False
1000000003153,FWZIFY,DB 921510981,Stephen Wilkins,True
1000000003154,FWZIFY,VZ 002773206,Sarah Phillips,False
1000000003155,PPEIBQ,ZC 380826326,Brianna Day,True
1000000003156,PPEIBQ,GE 143107539,Darrell Davidson,False
1000000003157,PPEIBQ,UY 264293064,Desiree Adams DVM,False
1000000003158,CRHWYM,UT 381674289,Diana Gonzalez,False
1000000003159,CRHWYM,YG 743894752,Heather Mitchell,True
1000000003160,WYLXZS,LZ 459798982,Kari Colon,True
1000000003161,AHDXMC,ZH 421001499,Gregory Phillips,True
1000000003162,AHDXMC,TN 854539057,Ronald Kennedy,False
1000000003163,AOVBWR,CV 692339530,Janice Anderson,False
1000000003164,AOVBWR,FQ 539525637,Stephanie Pena,True
1000000003165,RTWMFN,VH 245870131,Ashley Montoya,False
1000000003166,OTZTOO,HV 358362492,Gregory Henry,False
1000000003167,OTZTOO,UR 387871713,Jeffrey Parker,True
1000000003168,FXCRFT,BK 891054825,Cindy Kemp,True
1000000003169,TMNAMO,NJ 433161209,Karen Carr,True
1000000003170,ZHRKGF,OZ 784277515,Jennifer Ferguson,False
1000000003171,ZHRKGF,RP 975066991,Rachel Williams,True
1000000003172,KJMQVK,KP 685944164,Nicholas Edwards,True
1000000003173,KJMQVK,GH 568540262,Ralph Miller,False
1000000003174,RRMKLE,UK 036323518,Mitchell Douglas,True
1000000003175,LIVEIQ,CF 561307398,Matthew Patterson,True
1000000003176,LIVEIQ,RW 544300745,Donna Roberts,True
1000000003177,KOHUYR,ZP 414651831,Joanne Burns,True
1000000003178,MRBSRI,YZ 363057578,Christopher Richardson,False
1000000003179,NQRJDA,PR 507666069,Jody Brown,True
1000000003180,NQRJDA,WV 261068965,Jose Ward,True
1000000003181,NQRJDA,MK 741412404,James Spence,False
1000000003182,BPRPDU,AG 596000182,Drew Anthony,True
1000000003183,BARHRH,GL 193927191,James Robinson PhD,False
1000000003184,DFXHWC,AG 198792165,Connie Randall,True
1000000003185,DFXHWC,TC 576018086,Tina Marshall,False
1000000003186,UODRAI,OK 624915289,Emma Martinez,True
1000000003187,UODRAI,FN 665177313,Susan Benitez,True
1000000003188,CUAZMV,VN 313527625,Julia Roberts,True
1000000003189,FKZBVO,YN 118256651,John Hopkins,True
1000000003190,FKZBVO,SH 548362813,Joy Harrison,True
1000000003191,FKZBVO,UC 460749687,Gene Lopez,False
1000000003192,SBEPMK,NJ 544821873,Patrick Patterson,True
1000000003193,VTEOOG,DN 558877405,Ashley Martinez,False
1000000003194,BEBZBL,BS 650865699,Gina Clark,False
1000000003195,BEBZBL,VP 477134125,Kimberly Mccormick,False
1000000003196,ZOVQPG,UU 341065729,Kelly Horton,False
1000000003197,EPVDVH,MO 656206703,Lisa Griffin,True
1000000003198,EPVDVH,LE 774410843,James Wyatt,False
1000000003199,YPEXMN,VV 820034093,Nicole Gill,False
1000000003200,YPEXMN,ZZ 173203106,Catherine Fitzgerald,True
1000000003201,CWGOCL,JG 847887978,Jeffrey Ward,False
1000000003202,HFDCYU,MF 795797114,Hannah Mason DDS,True
1000000003203,HFDCYU,ZW 619069239,Victor Kirby,False
1000000003204,HFDCYU,QM 327866868,Joshua Banks,True
1000000003205,SEYIDZ,QG 326503052,Elizabeth Smith,False
1000000003206,SEYIDZ,SM 765133529,Paul Williams,True
1000000003207,CDTNOB,ED 961084929,Jeffrey Wright,True
1000000003208,CDTNOB,FY 687612976,Evan Boyd,True
1000000003209,EGRDJD,WV 354561431,Travis Bentley,True
1000000003210,SYZGNW,DC 348995312,Maurice Hunt,True
1000000003211,AOMYQN,ZT 400241703,Evelyn Livingston,False
1000000003212,ADYDYB,OC 331342414,Stephen Yates,False
1000000003213,ADYDYB,LG 621779429,Jose Roach,True
1000000003214,ADYDYB,UF 482151750,Brian Taylor,True
1000000003215,NNGVPR,SP 240496196,Jennifer Miller,True
1000000003216,YBDHVL,US 627145706,Emma Bishop,False
1000000003217,MGGAMT,RD 623785771,Melissa Maxwell,True
1000000003218,MGGAMT,AI 391767070,Austin Garza,True
1000000003219,MGGAMT,AS 244527843,Jeffrey Hensley,False
1000000003220,ELYMKI,FQ 806465949,Colleen Gardner,False
1000000003221,OGQWAE,NU 498749320,Kimberly Daniels,True
1000000003222,OGQWAE,IX 687037557,Carol Tran,False
1000000003223,UNCLPI,NB 653092464,Donna Webb,True
1000000003224,ZCDITL,AZ 257504122,Ashley Anderson,False
1000000003225,BGPWWT,XK 094557314,David Salinas,True
1000000003226,LIXJJE,ZR 247760382,Tyler Henderson,True
1000000003227,TMVSXA,HO 002458864,Amy Nixon,True
1000000003228,HLQRJD,GM 697933933,Kevin Harper,False
1000000003229,PGJDBW,WG 883868982,Kelsey Fuentes,True
1000000003230,MMOMYE,CF 681652235,Jermaine Grant,False
1000000003231,MMOMYE,LM 937873521,Madison Bass,True
1000000003232,VMQESS,UW 960334299,Jamie Black,False
1000000003233,VMQESS,CD 266281076,James Moore,False
1000000003234,DMSVLK,CW 673971819,Jill Ayala,False
1000000003235,DMSVLK,RC 899330537,Jessica Solomon,True
1000000003236,VNTAVK,FM 610332487,Brooke Scott,True
1000000003237,VNTAVK,LT 919866132,Brian Herrera,False
1000000003238,GDYCFO,EW 724763985,David Diaz,False
1000000003239,AOOSOD,PT 500728438,James Lyons,True
1000000003240,AOOSOD,KY 009998669,Kelly Marks,False
1000000003241,AOOSOD,WD 505149048,Debra Salinas,False
1000000003242,NNPEVX,KZ 543453649,Haley Lawson,False
1000000003243,VZVYNZ,TY 997722226,Antonio Porter,False
1000000003244,LAXAEW,XX 330027027,Angela Branch,True
1000000003245,LAXAEW,GQ 697693805,Savannah Alvarez,False
1000000003246,LAXAEW,VA 901681207,Seth Bennett,True
1000000003247,BJHJSC,QK 915585939,James Trevino,False
1000000003248,MOLWXC,VI 565232214,Sharon Scott,True
1000000003249,BMMSLO,ND 995176993,Mrs. Pamela Lopez,True
1000000003250,QULVJP,TE 590705695,Bob Hamilton,True
1000000003251,LMBLQG,PH 611287408,Jeffrey Roth,True
1000000003252,BRIYPY,II 699382145,Ronald Jarvis,True
1000000003253,HVNTDP,XP 999628930,Zachary Stone,False
1000000003254,HVNTDP,VG 185056083,Dustin Ward,True
1000000003255,HVNTDP,JE 485896549,Brittany Ortiz,False
1000000003256,XZXQKH,XL 938654719,Denise Ali,True
1000000003257,ZNBTEH,ZY 548748705,Margaret Mcmahon,False
1000000003258,JIYMMI,XA 056094461,Alexander Hartman,True
1000000003259,JIYMMI,XB 350665660,Brenda Preston,False
1000000003260,YSXUMB,KS 576578937,Miss Sandra Phelps,False
1000000003261,OPCWNL,TM 474372990,Lauren Mcintosh,True
1000000003262,OPCWNL,YR 960910276,Christian Benson,True
1000000003263,OPCWNL,BP 432111902,Terry Hammond MD,True
1000000003264,MISYJU,PG 738133098,Michael Young,False
1000000003265,MISYJU,QO 034633287,Jacqueline Martin DDS,True
1000000003266,PDOYRI,DT 866805800,Jacob Flores,False
1000000003267,GLFNUF,RO 381575015,Justin Sandoval,True
1000000003268,YEYQNE,TZ 578180779,Victoria Francis,True
1000000003269,YEYQNE,AF 488151446,Timothy Gillespie,True
1000000003270,KGYWPW,ZZ 171006562,Mary Peterson,True
1000000003271,GXFHDL,XM 553637766,Juan Roberts,False
1000000003272,UTXHSE,LL 234423816,Heather Greene,False
1000000003273,UTXHSE,JH 491861462,William Dixon,True
1000000003274,TFERLZ,RM 053315131,Daniel Rogers,False
1000000003275,OYLPCN,TD 702784734,Brian Rodriguez,False
1000000003276,OYLPCN,SA 223917619,Laura Lee,True
1000000003277,OMCPZN,TA 858431357,Sierra Reed,False
1000000003278,TBYKKX,WA 739729617,Elizabeth Hill,False
1000000003279,QJFIWF,HF 061834425,John Armstrong,False
1000000003280,SCHWOL,BP 519241528,Linda Green,False
1000000003281,CDGNVB,TU 617064914,David Jones,False
1000000003282,CDBAXZ,BR 520156914,David Norris,True
1000000003283,FURYBL,AU 157337684,Michael Evans,False
1000000003284,FURYBL,XE 781090719,Christina Jones,False
1000000003285,COQPEW,UI 514951495,Mary Evans,False
1000000003286,COQPEW,HD 680729661,Kimberly Mathews,True
1000000003287,FSGGIP,PB 168482723,Daisy Meyer,False
1000000003288,FSGGIP,QA 046445030,Lindsey Bryant,False
1000000003289,FSGGIP,ND 199081873,Aaron Howard,True
1000000003290,FYROGH,NU 327223736,Johnny Holloway,False
1000000003291,EXCIMV,NU 605904735,Ronald Thomas,True
1000000003292,EXCIMV,MX 549305397,Carly Todd,False
1000000003293,EXCIMV,DT 599642606,Jacob Lee,False
1000000003294,MRVQTV,YS 274051431,Justin Mann,False
1000000003295,MRVQTV,SL 136564025,Benjamin Mendez,False
1000000003296,MRVQTV,MN 922384357,Andrew Martinez,True
1000000003297,XRRMTM,PE 945892251,Matthew Flores,True
1000000003298,XRRMTM,KG 497756551,John Thompson,True
1000000003299,XRRMTM,BW 956383676,Rita Nunez,False
1000000003300,IWTVIQ,WY 012213387,Amy Miller,False
1000000003301,AXTSWY,WY 214483545,Richard Glover,False
1000000003302,AXTSWY,XS 396838252,Justin Fox,False
1000000003303,ZZLWPA,RS 535215173,Marcus Lee,True
1000000003304,ZZLWPA,EX 689924715,Jennifer Horn,False
1000000003305,EPGWJZ,NL 010302212,Steven Smith,False
1000000003306,EPGWJZ,QG 698323285,Jack White,True
1000000003307,OOUVNE,EG 326214453,Cameron Martin,True
1000000003308,OHLYJW,XF 967877880,Andrew Morris,True
1000000003309,OHLYJW,TR 132684232,Margaret Juarez,False
1000000003310,OHLYJW,CV 690336931,George Mcguire,True
1000000003311,DUDVYF,JU 381545527,Keith Wright,False
1000000003312,UMBXSA,OA 602356409,Mark Martin,True
1000000003313,UMBXSA,FK 891950786,Olivia Ferguson,True
1000000003314,NCCJBX,YH 819194874,Laura Lawson MD,False
1000000003315,IKITVA,UH 002415517,Victor Miller,False
1000000003316,FZQWVO,GX 735332702,Susan Roach,False
1000000003317,FZQWVO,FY 686858431,Lindsey Ortiz,True
1000000003318,FZQWVO,ZU 651494739,Austin Joseph,True
1000000003319,ABRWZW,RD 105577103,Richard Curry,False
1000000003320,ABRWZW,VH 895869793,Dr. Julia Berry MD,True
1000000003321,ABRWZW,TJ 149452125,David Martin,True
1000000003322,XSITUL,UU 098180409,Jeff Day,False
1000000003323,BKYCIJ,AQ 141405085,Lisa Wilson,False
1000000003324,BKYCIJ,KZ 429636412,David Adams,False
1000000003325,BKYCIJ,AS 439245396,Jesse Flores,False
1000000003326,VKOZMM,PV 744253968,Alexander Best,True
1000000003327,KZYNZE,KJ 682091881,Charlene Leon,False
1000000003328,IYMEGV,AM 142809702,William Cruz,True
1000000003329,KCOTFK,EV 963515911,Julie Mccarthy,True
1000000003330,GRJLCS,YD 253379708,Cynthia Gonzales,False
1000000003331,MFBLME,FI 758725371,Matthew Mcdonald,True
1000000003332,MFBLME,RC 300325696,Brian Hall,True
1000000003333,MFBLME,NS 311519683,Sydney Jones,False
1000000003334,YSNOSQ,NB 663154309,Dr. Melissa Moore,True
1000000003335,HEDDXH,BF 913156536,Maria Delgado MD,True
1000000003336,HEDDXH,NI 351452282,James Barnes,True
1000000003337,HEDDXH,MA 852979934,Melissa Rivas,True
1000000003338,AKUAZK,SA 335219706,Jeffrey Stewart,True
1000000003339,HIIAEV,NA 154024478,Donna Thomas,True
1000000003340,EYNINT,HQ 163270349,Jodi Cook,True
1000000003341,BTQEKM,UE 696364272,Alan Reed,False
1000000003342,BTQEKM,NB 454367687,Shane Valentine,False
1000000003343,KTLMGT,NO 269863013,Eric Mendoza,True
1000000003344,RDRMAJ,MK 821702671,Lucas Hoffman,False
1000000003345,RDRMAJ,HA 918514756,Edward Morrison,True
1000000003346,RDRMAJ,GD 952606822,Rebecca Gardner,True
1000000003347,CEZMZP,NM 109661592,Michelle Jones,True
1000000003348,CEZMZP,AM 890885069,George Avery,True
1000000003349,CEZMZP,BP 471120273,Michael Townsend,False
1000000003350,HVKFDD,JJ 595129207,David Rice,True
1000000003351,KCVFSP,GS 823398951,Richard Sanchez,False
1000000003352,DWSTYT,CJ 997738792,David Duran,False
1000000003353,ZNZLAP,XY 236084229,Jean Kim DDS,False
1000000003354,LNUBDY,RM 514448657,Norma Huff,False
1000000003355,LNUBDY,LG 681484991,Jamie Wilkins,False
1000000003356,QLSKGZ,PP 981130084,Brenda Thompson,True
1000000003357,SCPKRO,MB 198117963,Bryan Roberts,True
1000000003358,ISQESU,GL 495044327,Whitney Lutz,True
1000000003359,UNFAWJ,LN 028441616,Justin Santos,True
1000000003360,HXEWGG,PG 408851632,Tonya Lamb,True
1000000003361,XXUACK,LA 574103762,John Werner,False
1000000003362,QNGCDB,OU 525838516,Felicia Adams,False
1000000003363,QNGCDB,RN 466847132,Benjamin Lindsey MD,True
1000000003364,QNGCDB,XH 291585118,Steven Parsons,False
1000000003365,EOSRVD,OY 146023535,Bryan Blackburn,False
1000000003366,EOSRVD,VB 901408123,Jennifer Martin,True
1000000003367,YVVZMZ,LD 660271689,Brad Simpson,True
1000000003368,YVVZMZ,OT 787181938,Mackenzie Hawkins,False
1000000003369,YVVZMZ,GN 473080282,Dr. Paul Bailey Jr.,False
1000000003370,CAQHTI,TY 824143044,Blake Evans,True
1000000003371,UQVDFD,FL 259634900,Kim Chapman,False
1000000003372,EFJQPT,XF 334500419,Joseph Cross,True
1000000003373,CIERKK,YR 076617061,Christina Williams,False
1000000003374,BMGLSH,HT 648209872,Kristie Adams,False
1000000003375,IVZKEQ,XR 818696923,Tamara Mcclure,False
1000000003376,IVZKEQ,AM 724772139,David Nguyen,True
1000000003377,WARRJC,VS 916049417,Jennifer Johnson,False
1000000003378,WARRJC,CI 017066863,Cory Shannon,True
1000000003379,WLNTCR,CX 893584047,Joshua Cox,False
1000000003380,INCSDO,UZ 265656416,Holly Bryant,True
1000000003381,ZHPQTQ,SQ 111207018,Jim Rogers,False
1000000003382,ZHPQTQ,LX 935967926,George Fox,True
1000000003383,GYSTCD,PQ 615033598,Gina Reed,True
1000000003384,GYSTCD,KL 868304342,Sara Butler,False
1000000003385,GYSTCD,IK 532101339,Mary Crawford,False
1000000003386,MADXYX,QB 003765849,Alexandra Smith,True
1000000003387,MADXYX,RV 650257870,Eric Hutchinson,True
1000000003388,MADXYX,MZ 902799046,Linda Bishop,True
1000000003389,MPXPMF,MY 918386488,Andrea Larson,False
1000000003390,BABAVM,UL 163677177,Kevin Rush,True
1000000003391,RQEOGZ,DI 426915489,Michelle Becker,False
1000000003392,QKUKCA,CY 124527705,Anita Fields,False
1000000003393,GGUUJO,IV 505624481,Vanessa Morgan,True
1000000003394,MNNIZB,OK 886789501,Sheila Golden,True
1000000003395,MNNIZB,RN 074142013,Kenneth Fox,False
1000000003396,MNNIZB,LT 382814046,Rachel Garrison,True
1000000003397,HONGWU,DG 572362733,Jeffrey Luna,False
1000000003398,HONGWU,MU 446843210,Alexandra Torres,True
1000000003399,LAZPUA,NE 177307909,Kyle Hart,True
1000000003400,YNDOEQ,KX 846761709,Michelle Bishop,True
1000000003401,RPNXCE,UO 562576210,Paul Lewis,False
1000000003402,RPNXCE,RE 795500044,Brenda Johnson,False
1000000003403,NATXMF,JZ 630572756,Samuel Whitaker,False
1000000003404,NATXMF,SB 175892839,Sheila Johnson,True
1000000003405,GTIYKK,UR 376072032,Joe Wilson,False
1000000003406,GTIYKK,RY 237756779,Lisa Rivas,False
1000000003407,QGMUOS,MG 241484268,Joshua Harris,False
1000000003408,YRXSIV,JX 757465857,Monica Clay,True
1000000003409,YRXSIV,IR 924279346,Edwin Miller,False
1000000003410,YRXSIV,UG 516522873,Matthew Barnett,True
1000000003411,LOWSUQ,TC 341448777,John Moreno,True
1000000003412,LOWSUQ,FK 103188727,Paula Silva,False
1000000003413,LOWSUQ,RS 888674205,Tracy Golden,False
1000000003414,EEVBML,XA 846221634,Robert Nguyen,True
1000000003415,CYGOVO,RO 515312141,Joseph Sullivan,True
1000000003416,CYGOVO,OQ 790868651,Beth Gilbert,False
1000000003417,GLTAOB,CG 170593967,Jason Brown,True
1000000003418,NWHTPV,VJ 226412465,Robin Cook DDS,True
1000000003419,NWHTPV,IA 787351683,Taylor Burke,False
1000000003420,NWHTPV,FV 711318002,Catherine Yates,True
1000000003421,BWPNFD,SR 847555773,Joseph Johnson,False
1000000003422,IXFSMJ,LZ 913218366,Brittany White,False
1000000003423,YNPCPU,WF 598084698,Deborah Holmes,True
1000000003424,MCVVIR,DD 584562713,Kenneth Harrington,False
1000000003425,MCVVIR,DY 984598909,Deanna Evans,True
1000000003426,UPYWCH,UV 783062646,Robert Berry,True
1000000003427,YAPSWB,JU 872444631,Kim Knight,True
1000000003428,YAPSWB,LH 092749390,Diana Taylor,False
1000000003429,OUVVPN,YG 215128513,Bobby Taylor,False
1000000003430,OUVVPN,FE 652370087,Frederick Larsen,False
1000000003431,OUVVPN,GV 322607347,Lucas Potter,False
1000000003432,IDQPZR,IN 484643103,Christopher Mcdonald,False
1000000003433,IDQPZR,VI 437673058,Ms. Mary Gomez,False
1000000003434,SUOMYH,NF 459968224,Marc Mcclure,True
1000000003435,ULCOAE,KS 255889839,Melanie Suarez,True
1000000003436,ULCOAE,FN 125706707,John Wilson,False
1000000003437,ULCOAE,EG 244547597,Monica Cortez,False
1000000003438,FEMDOJ,YZ 687310242,Brian Stokes,False
1000000003439,NIFLLJ,TG 394684583,Kyle Lang,True
1000000003440,YNPGFB,SZ 585872632,Rebecca Smith,True
1000000003441,YNPGFB,PJ 192642102,Andrew Lopez,False
1000000003442,YNPGFB,FC 880736649,Robin Noble,False
1000000003443,UDTKUM,AJ 901964335,Mario Edwards,True
1000000003444,UDTKUM,II 111870000,Gary Johnson,False
1000000003445,UDTKUM,XD 220893956,William Howard,True
1000000003446,PBLMPT,LQ 617101478,Kelsey Carter,True
1000000003447,PBLMPT,UD 911739066,Samantha Prince,True
1000000003448,PBLMPT,BB 857602731,Kayla Soto,True
1000000003449,SKCOMR,JR 450632705,William Brown,True
1000000003450,YEFXZY,DZ 945646866,Mary Acevedo,False
1000000003451,YEFXZY,BA 469142840,Tara Dennis,False
1000000003452,KECBGN,UG 137437847,Sara Hood,True
1000000003453,KECBGN,BX 232258337,John Romero,True
1000000003454,VBWJYE,EF 334501541,Carly Cross,False
1000000003455,BWYBFW,HH 610000591,Joel Kidd,False
1000000003456,BWYBFW,FS 793933489,Carla Dennis,True
1000000003457,TMIJJU,GE 631555800,James Chapman,True
1000000003458,TMIJJU,DQ 131838237,Raymond Murray,True
1000000003459,LQYDTD,XT 850138138,Diana Scott,True
1000000003460,SYJMEE,CE 429326457,Megan Farrell DDS,False
1000000003461,SYJMEE,MZ 733701065,Robert Nixon,True
1000000003462,VITEMJ,IJ 971279310,Edward Ramsey,False
1000000003463,VITEMJ,TH 756999060,Carmen Wong,False
1000000003464,VITEMJ,KI 956611828,Lisa Price,False
1000000003465,MAAGUU,LF 586435830,Michelle Benitez,True
1000000003466,MAAGUU,GH 314928969,William Vazquez,True
1000000003467,XFZAZV,RQ 686345496,Barbara Wells,False
1000000003468,XFZAZV,MZ 992558300,Carrie Perry,False
1000000003469,XYFTPL,UC 875634491,Kimberly Beck,True
1000000003470,EACHYK,ZC 883192727,Hannah Hall,False
1000000003471,EACHYK,FF 932818167,Christine Williams,False
1000000003472,EACHYK,TU 402073617,Brandon Smith,False
1000000003473,KMWBQX,WA 918480000,Zachary Garcia,True
1000000003474,KMWBQX,FU 214890401,Ann Allen,False
1000000003475,KMWBQX,XF 921581927,Danielle Cobb,False
1000000003476,WUWGTF,JK 764561846,Deborah Wright,False
1000000003477,OSXSDP,CO 833659747,Jacqueline Barker,True
1000000003478,OSXSDP,IV 192908338,Ashley Robertson,True
1000000003479,OSXSDP,RN 896812666,Javier Knight,True
1000000003480,YBVPPE,DY 927708665,Janice Singleton,True
1000000003481,YBVPPE,NS 977597767,Joshua Coleman,True
1000000003482,YBVPPE,XE 075068233,Renee Hunter,False
1000000003483,CXOTRB,ZV 474126788,Steven Knight,True
1000000003484,CXOTRB,NI 854605217,Jeremy Newman,True
1000000003485,CXOTRB,TX 878928802,Daniel Little,True
1000000003486,SQPJQM,IN 557693088,Brooke Douglas,True
1000000003487,SQPJQM,XT 906231543,Mr. Jeffrey Dennis DDS,False
1000000003488,DRJQPM,HT 470848671,Blake Serrano,True
1000000003489,LQKAHX,YU 859634365,Ray Carter,False
1000000003490,FPTYZT,YK 626724089,Tracy King,True
1000000003491,FPTYZT,RN 321566701,Katherine Miller,False
1000000003492,LFHMBK,ZF 045999207,John Marshall,False
1000000003493,BQSTGI,CU 022131896,Sharon Pierce,True
1000000003494,QYLTUA,AW 173417414,Thomas Cruz,False
1000000003495,WUFGOK,VN 233559164,Garrett Drake,False
1000000003496,XZWJRV,ZV 036338648,Matthew Sullivan,True
1000000003497,XZWJRV,XO 352501916,Jeremy Phillips,True
1000000003498,NVZSTA,ET 696778134,Joel Roman,True
1000000003499,KFAGEX,BK 486491535,Brittany Vaughan,False
1000000003500,KFAGEX,TQ 184063929,Derek Richmond,True
1000000003501,SAHAPS,GL 327100499,Jennifer Garcia,False
1000000003502,UBKLXL,KZ 438470981,Troy Strong,False
1000000003503,TIMFLG,IU 916339236,Alan Williams,True
1000000003504,HCKNLM,VG 657119249,Connie Pitts,True
1000000003505,HCKNLM,NP 300623818,Randy Kent,True
1000000003506,HCKNLM,AF 791776196,Debra Wilson,True
1000000003507,DVLZWM,XN 923359133,Angela Kennedy,True
1000000003508,QACONG,KQ 287245040,James Bell,True
1000000003509,OKFSFY,IP 168289821,Ricky Ortega,False
1000000003510,OKFSFY,HB 163629703,Dustin Kelley,True
1000000003511,HREVBL,BM 732232242,Dominique Delacruz,False
1000000003512,HREVBL,IH 681254145,Seth Hardy,False
1000000003513,PEFRWG,CB 759044741,Teresa Weaver,False
1000000003514,PEFRWG,NL 579406525,Don Miller,True
1000000003515,ADRWAQ,UA 483451995,Lynn Adams,True
1000000003516,ADRWAQ,BB 754728157,Marissa Munoz,True
1000000003517,ADRWAQ,HQ 162204377,Gregory Reeves,False
1000000003518,LYCGNH,LH 248492615,Dominique Howe,False
1000000003519,LYCGNH,LB 056820808,Melinda Gregory,True
1000000003520,YAYMHW,LO 988220925,Margaret Nash,True
1000000003521,RFEWVM,DU 423547913,Matthew Solis,False
1000000003522,BVXRVU,KE 990251002,Sean Carpenter,False
1000000003523,PXQZYN,SZ 579988359,Tammy Taylor,False
1000000003524,DWVZGA,PD 603224080,Danielle Lewis,False
1000000003525,DSZUIB,JS 817150685,Andrew Hall,False
1000000003526,MHHRSW,WF 895920851,Jonathan Macdonald,True
1000000003527,PXCNRQ,KR 660099974,Brenda Dalton,True
1000000003528,EGAQMA,EI 590364873,Ashley Ramos,True
1000000003529,OUBOXC,HS 012599684,Lisa Pham,True
1000000003530,ZVURCO,ZU 978671542,Peter Hale,True
1000000003531,MFZVNY,DC 995719477,Melissa Merritt,True
1000000003532,FWBEQS,JH 035336359,Brandon Burnett,True
1000000003533,FWBEQS,PH 051558866,Julie Harris,False
1000000003534,GUYSMM,SH 061154211,Miss Mary Weaver,True
1000000003535,TJHKYT,HE 491926595,Lisa Morgan,True
1000000003536,TJHKYT,BW 481431374,James Price,True
1000000003537,GCIFYF,RR 011063822,Melissa Knight,True
1000000003538,GCIFYF,GP 951898197,James Mejia,True
1000000003539,GCIFYF,YC 791543698,Shannon Brown,True
1000000003540,TRJDKC,DH 948930494,Stephanie Nelson,True
1000000003541,HEQIPP,IS 069569819,Shawn Johnson,True
1000000003542,HEQIPP,BW 316792664,Timothy Braun,False
1000000003543,NKWQSF,RB 750599906,Melissa Zimmerman,False
1000000003544,GBTBKU,ZZ 091796510,Amy West,True
1000000003545,YXROUQ,TI 653749455,Lisa Gallegos MD,False
1000000003546,YXROUQ,GY 665493478,Cole Fox,False
1000000003547,QEQHQI,FM 810786320,William Holmes,False
1000000003548,QEQHQI,VH 781762325,Mark Robinson,True
1000000003549,IOUFFY,IB 912776151,Angela Yang,True
1000000003550,IOUFFY,ZW 246760042,Jonathan Adams,False
1000000003551,IOUFFY,KQ 125445847,Sierra Stewart,True
1000000003552,SVOKXM,BV 149901409,Heather Larson,False
1000000003553,EPVYTV,JN 962521653,Matthew Collins,False
1000000003554,VUYPPY,SJ 390766675,Ricardo Burnett,False
1000000003555,JBZOOQ,WY 315799706,Maria White,False
1000000003556,JBZOOQ,CR 507783635,Ashley Anderson,False
1000000003557,JBZOOQ,NM 192271662,Jennifer Hunt,False
1000000003558,HSFHFV,EN 017726558,Heather Mckee,True
1000000003559,HSFHFV,MP 542701823,Wayne Garcia,True
1000000003560,HSFHFV,UT 002530467,Brandi Burton,False
1000000003561,VLMVHK,OU 533115648,Jesse Stephens,False
1000000003562,XIUYKV,PY 875318483,Cassandra Pittman,False
1000000003563,XIUYKV,MP 964587166,Chris Cooper,True
1000000003564,ATDLIM,GG 221688070,Michelle Clark,True
1000000003565,YBUXXZ,GI 557412512,Wyatt Decker,True
1000000003566,YBUXXZ,ST 401791944,Tonya Schwartz,False
1000000003567,RYIHQM,GG 669625367,Jacob Wells,False
1000000003568,LOGZAI,UL 574175659,Dr. Andrew Torres,False
1000000003569,DUJSOF,TO 242237166,Aaron Donovan,False
1000000003570,DUJSOF,EU 519997211,Mary Lee PhD,False
1000000003571,DUJSOF,ID 099306764,William Martin,False
1000000003572,RDJMSJ,BR 173101091,Michelle Kramer,True
1000000003573,RDJMSJ,ZZ 520495668,Jenna Williams,True
1000000003574,RDJMSJ,KL 953722783,Ann Gonzalez,False
1000000003575,VQZSCM,XA 324488807,Alejandra Peterson,False
1000000003576,UTGSHR,KJ 776543959,Molly Graham,True
1000000003577,UTGSHR,TR 124534749,Dawn Young,False
1000000003578,TKEONF,JK 608478182,Sharon Avery,False
1000000003579,TKEONF,YQ 944748485,Miguel Shelton,True
1000000003580,STYDZV,IN 445142157,Manuel Wiggins,False
1000000003581,JTNUZO,II 071339143,Anna Anderson,False
1000000003582,SVDXLF,VU 123955452,Richard Alvarado,False
1000000003583,SVDXLF,JB 206773097,Ashley Clark,False
1000000003584,UZTQKB,KH 468620753,Logan Hardy,True
1000000003585,JZVBRE,UU 938289183,Anita Hopkins,True
1000000003586,WWZZEH,WG 855050681,David Mason,False
1000000003587,WWZZEH,RD 856621762,Deborah Anderson,True
1000000003588,USSSMS,LM 814456514,Cassandra Hall,False
1000000003589,JZGIUW,SV 446338455,Dalton Johnson,True
1000000003590,JZGIUW,FI 219884813,Ann Rios,False
1000000003591,YLZDTT,SJ 308989309,Tina Liu,True
1000000003592,DPKKIC,ZR 241766970,Cathy Joseph,True
1000000003593,SESJNN,QA 282667400,Joseph Horton,True
1000000003594,SESJNN,LB 354962595,Virginia Castillo,False
1000000003595,ZVMVPA,BU 530125343,Brenda Robinson,True
1000000003596,XUKGRY,OF 067564403,Jeffrey Walker,True
1000000003597,JYBRKD,OK 945720555,Christopher Wilson,True
1000000003598,GWELDH,ZX 855502694,Robert Giles,False
1000000003599,GPVLBJ,KM 607228849,Walter Velasquez,False
1000000003600,GPVLBJ,BZ 886689801,Lauren Mcguire,True
1000000003601,OUZPCH,QN 285443052,Gina Mack,False
1000000003602,PZFTSM,TI 163707274,Jessica Fry,True
1000000003603,LPVYXS,OM 502940799,Amanda Werner,False
1000000003604,LPVYXS,BV 104859159,Kara Hoffman,False
1000000003605,YQQFXD,FG 487840414,Derek Macias,True
1000000003606,YQQFXD,LK 877951569,Michael Villarreal,False
1000000003607,PYROPC,TS 790168840,Brian Brewer,False
1000000003608,PYROPC,UP 099479141,Jared Young,True
1000000003609,PYROPC,VP 427677416,Laura Wang DVM,True
1000000003610,XAHHFH,SP 678563716,Diana Russell,False
1000000003611,XAHHFH,FH 168595241,Matthew Mccarthy,False
1000000003612,FPQGOB,AH 256343251,Johnny Henry,False
1000000003613,FPQGOB,DF 883149141,Alyssa Barrett,False
1000000003614,LKKERS,BG 747481579,Carl Drake,True
1000000003615,VGYLLY,QX 802124582,Sheila Hill MD,False
1000000003616,VGYLLY,UM 709278574,Adam Schmitt,False
1000000003617,EPSBTK,YQ 247026915,Dwayne Rivera,False
1000000003618,EPSBTK,SH 207297223,Jared Obrien,False
1000000003619,EPSBTK,LC 086334453,Kelly Kim,True
1000000003620,IGUETY,CI 290385698,Shelly Williams,False
1000000003621,ILZSBZ,NS 278362684,Diana Mahoney,True
1000000003622,ILZSBZ,PF 790447515,Shaun Keith,True
1000000003623,ILZSBZ,RB 060823820,Carol Shannon,False
1000000003624,JIYZHF,OU 806782465,Mark Wheeler,False
1000000003625,JIYZHF,NY 212881690,Leonard Hernandez,False
1000000003626,EHLITY,IR 223272344,Sally Fuentes,False
1000000003627,EHLITY,PM 083881489,Randy Myers,False
1000000003628,PHWWNQ,HM 233228466,Timothy Jackson,True
1000000003629,HLMSLA,WS 186321337,Jill Williams,False
1000000003630,JCZUHC,EB 145544722,Tony Foley,True
1000000003631,IKNPKF,RC 997442259,Shelley Mooney,False
1000000003632,IKNPKF,WD 508374320,Daniel King,False
1000000003633,IKNPKF,WX 830773667,Aaron Wong,True
1000000003634,JQWCFH,GN 715733353,Heather Stone,True
1000000003635,GTXIKB,WG 940569476,Dr. Vincent Lopez MD,True
1000000003636,GTXIKB,IC 812079624,Caroline Crosby,True
1000000003637,GTXIKB,CJ 242756173,Rebecca Gomez,True
1000000003638,QAPTCH,DS 011755567,John Acosta,False
1000000003639,YSQICI,CY 674449989,Jacob Williams,True
1000000003640,KFSUHW,WK 778803024,Tiffany Haynes,True
1000000003641,MIGNSG,ZH 008334187,Colleen Rhodes,False
1000000003642,MIGNSG,WX 039303803,Michelle Tyler,True
1000000003643,QCPCMJ,GO 731295048,Brian Dorsey,True
1000000003644,QCPCMJ,SL 987599732,Susan Gardner,True
1000000003645,TNIMJN,ZN 809928398,Brandi Bass,False
1000000003646,TNIMJN,XO 204678630,Anna Williams,False
1000000003647,LWRIUN,IV 948670769,Sarah Riley,True
1000000003648,BEJQQY,VQ 491185101,Shane Scott,True
1000000003649,BEJQQY,FI 557301808,Jessica Bonilla,False
1000000003650,BEJQQY,RW 022727521,Eric Dickerson,True
1000000003651,PKZDFQ,YO 231143416,Carol Osborne,False
1000000003652,PKZDFQ,GS 597277719,Jennifer Gonzales,False
1000000003653,RBSJIN,OQ 465740968,Alexander Lopez,True
1000000003654,EOUROS,IK 987164629,Kimberly Kim,False
1000000003655,PMTXKQ,YA 605390811,Jonathan Walton,True
1000000003656,PGMKAJ,EL 831826374,John Warner,True
1000000003657,PGMKAJ,NR 225081933,Meghan Williams,True
1000000003658,UYBYBM,HF 454544727,John Sawyer,False
1000000003659,UYBYBM,YC 771740668,Sara Roberts,True
1000000003660,PERHIH,MC 061376982,Laura Green,True
1000000003661,RJAEVO,ME 930878790,Rodney Anderson,True
1000000003662,RJAEVO,EE 126358156,William Thompson,True
1000000003663,FXVXRJ,ZX 251933562,Tyler Price,True
1000000003664,ZORAGY,SI 282840125,Donna Hall,True
1000000003665,OYGYHL,NZ 918281247,Derek Lopez,True
1000000003666,HUTLZF,VR 783031729,Jessica Lindsey,False
1000000003667,GHWSKS,HT 751376848,Leon Hutchinson,False
1000000003668,JRMGDK,NJ 679918451,Ashley Larson,True
1000000003669,UWYLWZ,CX 965385194,Nathan Nelson,True
1000000003670,UWYLWZ,LJ 593401075,Kimberly Molina,True
1000000003671,VRYIJM,VN 722575022,Robert Franklin,False
1000000003672,VRYIJM,UO 227254495,Mitchell Wilson,False
1000000003673,ZELIQA,PN 582546772,Michael Chavez,True
1000000003674,ZELIQA,ZB 907516380,Michael Meyer,False
1000000003675,RGTJQI,KN 409907372,Paul Howell,False
1000000003676,RGTJQI,BR 803614544,Ashley Price,True
1000000003677,JYKVRD,TE 956505848,Linda Durham,True
1000000003678,JYKVRD,EF 356022935,Mrs. Catherine Martinez,False
1000000003679,JYKVRD,IQ 863693805,Patricia Humphrey,False
1000000003680,UOXTXP,CK 435175931,Andrew Smith,True
1000000003681,RMATDL,RL 084563147,Sergio Beard,True
1000000003682,CWZDGS,GU 508899755,Ashley White,True
1000000003683,RBHTOT,ZV 788166809,John Burke,False
1000000003684,RBHTOT,EO 887447321,Kenneth Rosario,False
1000000003685,OFTAXU,XO 574770608,Jordan Morris,True
1000000003686,OFTAXU,DT 834856432,Nancy Arnold,True
1000000003687,OFTAXU,YK 565277015,Bradley Moyer,True
1000000003688,FOFEUP,BC 818052792,Stephen Hanson,False
1000000003689,FOFEUP,XM 164606649,Dawn Allen,True
1000000003690,FKKDFV,LP 838833314,Cynthia Cook,False
1000000003691,FKKDFV,UN 592820666,Heather Mitchell,False
1000000003692,FKKDFV,CB 109002810,Leroy Moon,False
1000000003693,SJFZAB,TS 617808864,Christopher Barnes,True
1000000003694,RGUIEF,WS 627765029,Michele Orozco,False
1000000003695,RGUIEF,DU 122915353,Candice Brown,True
1000000003696,RGUIEF,MW 976616242,Dr. Brooke Olson,False
1000000003697,GRRISH,BI 070177446,Christy Johnson,False
1000000003698,ZANMVA,GI 491750783,William Kent,True
1000000003699,ZANMVA,EO 349762174,Courtney Vincent,False
1000000003700,TBSIVW,SY 751416486,Paul Walsh,False
1000000003701,PVQHRM,KZ 397327860,Laura Lopez,False
1000000003702,CMCKRW,QM 635550121,Melissa Mcmillan,False
1000000003703,CMCKRW,PA 995253595,Lacey Miller,False
1000000003704,HOLEXI,KG 970594459,Kenneth Diaz,False
1000000003705,GWDBFY,EP 020388707,Charles Spears,False
1000000003706,KXHVRP,IF 421210046,Madison Johnson,True
1000000003707,IXHSTE,RV 084865425,Heather Miller,False
1000000003708,IXHSTE,DF 222905441,Teresa Holmes,True
1000000003709,SQNAVO,AY 392936907,Victor Reyes,False
1000000003710,KZNTPG,XO 358389517,Jose Vasquez,False
1000000003711,CDNFDW,PK 048307627,Eric Webb,False
1000000003712,ANDVTW,DB 438326225,Daniel Moore,False
1000000003713,GAWULZ,BE 732301464,Christine Moreno,True
1000000003714,WAGBFM,DN 809541852,Richard Johnson,True
1000000003715,FHGJAH,LI 104433050,Ashley Williams,False
1000000003716,FHGJAH,ZG 340960087,Kevin Jacobson,True
1000000003717,FAJXQQ,HW 842252776,Joseph Brooks,True
1000000003718,OEZXTX,FM 442927750,Jacob Graham,False
1000000003719,BLIZRG,BY 674942221,Robert Anderson,False
1000000003720,CQCKIW,LV 381498714,Tyler Kelly,False
1000000003721,CQCKIW,DS 577793124,Thomas Walker,False
1000000003722,VBAWTM,NU 362317553,Kelly Dawson,True
1000000003723,VBAWTM,JD 763065858,Mark Durham,False
1000000003724,VBAWTM,OB 699158973,Jessica Kelly,False
1000000003725,HMSCIZ,AI 581442983,Michelle Mullins,False
1000000003726,AVVCKQ,ZG 505611555,Brian Smith,True
1000000003727,AVVCKQ,XJ 818869611,Timothy Drake,True
1000000003728,MEQRHA,GN 872970126,Alyssa Freeman,True
1000000003729,FJFZRT,NX 420605116,Heather Sullivan,False
1000000003730,FJFZRT,FL 526821947,Mrs. Alexandra Baker,False
1000000003731,FJFZRT,XN 271073257,Melissa Wade,True
1000000003732,IUWWXZ,TQ 034899056,Barbara White,False
1000000003733,GUVYIH,YE 172104631,Christine Arellano,False
1000000003734,GYBIJW,BR 701987835,Jasmine Beasley,True
1000000003735,GYBIJW,CA 318131254,Thomas Ward,False
1000000003736,GAXRPD,AQ 413505407,Laura Porter,True
1000000003737,GAXRPD,FS 629436813,Karen Santos,True
1000000003738,RVBMVA,QU 948072078,Summer Bender,False
1000000003739,RVBMVA,YR 584022277,Mary Holmes,False
1000000003740,BESSFF,WU 667252793,Brendan Terrell,True
1000000003741,WBPNJU,EU 519067742,Diane Barrera,False
1000000003742,WBPNJU,BR 306344371,Sarah Levy,False
1000000003743,GLPRXH,KD 542373534,Dawn Rivera,True
1000000003744,QSPQBM,BL 898322535,Eric Boyd,True
1000000003745,ETYZGS,HO 469033847,Catherine Villa,True
1000000003746,ETYZGS,CU 775222120,Stacie Morgan,False
1000000003747,UGNLML,TX 420338738,Mark Lewis,False
1000000003748,UGNLML,ZY 002156383,Sarah Howard,True
1000000003749,OOJOHI,KE 658694919,Douglas Campos,True
1000000003750,ZCRMJB,YF 134455329,Sheri Christian,True
1000000003751,ZCRMJB,ZA 283188861,John Stewart MD,False
1000000003752,BNMFDY,GL 809115416,David Evans,True
1000000003753,AHTSOO,PR 549114065,Riley Bryant,True
1000000003754,OVBEDG,GM 674907535,Mrs. Anna White,False
1000000003755,OVBEDG,GV 293349565,Debbie Diaz,False
1000000003756,BPDTHR,BC 309476059,Brittany Bush,True
1000000003757,XRWTAP,QG 612498334,Patrick Cox,False
1000000003758,UDLCAD,GZ 693892529,John Carpenter,False
1000000003759,UDLCAD,SZ 352908311,Kyle Frost,True
1000000003760,QVUNSE,AD 447868732,Kayla West,True
1000000003761,QVUNSE,QF 944182697,Brandon Davis,True
1000000003762,RMGBLQ,WR 153987405,Pamela Parks,False
1000000003763,FXVTHG,SK 994985117,Austin Shaffer,False
1000000003764,QARJXI,RV 740451228,Eric Thomas,True
1000000003765,VXVZXV,RR 370810357,Sarah Mason,True
1000000003766,XLHMXP,WH 100492460,Brandon Knight,True
1000000003767,XLHMXP,PV 549972631,Tracey Weaver,False
1000000003768,XLHMXP,BN 670429579,Benjamin Spencer,False
1000000003769,PRNLYF,RZ 642823598,Michael Greer,False
1000000003770,GIOVMH,FJ 918648412,Susan Ross,False
1000000003771,GIOVMH,VI 937062723,Keith Johnson,False
1000000003772,CLPMMT,EG 611388705,Michael Gibbs,False
1000000003773,CGEINV,KB 847548700,Jessica Monroe,False
1000000003774,TUEWMI,BZ 948385601,Bruce Bennett,False
1000000003775,TUEWMI,NC 677895324,George Hardin,True
1000000003776,UJCIMA,YU 036199932,Rebecca Austin,True
1000000003777,UJCIMA,MC 615742368,Richard Schaefer,True
1000000003778,UJCIMA,DS 171865880,Alexa Robinson,False
1000000003779,JTQWJW,YO 046545656,Rachel Vaughn,False
1000000003780,XCOTHB,DS 381392223,Nicole Clark,True
1000000003781,XCOTHB,KT 799820487,Catherine Brown,True
1000000003782,EEAHGY,OE 123357937,Kathleen Williams,True
1000000003783,EEAHGY,EO 292992920,Hannah Smith,False
1000000003784,BKMRSI,OF 740850749,Adrian Mitchell,False
1000000003785,SCKDYS,PI 282369649,Angela Perez,True
1000000003786,MVZFRI,PB 138003383,Patricia Hoffman,False
1000000003787,GEKCWG,MS 361404761,Nicole Bass,False
1000000003788,GEKCWG,MS 581811069,Stacy Fisher,False
1000000003789,GEKCWG,TV 922319789,Brittany Dodson,False
1000000003790,YJXYZM,EK 201089810,Kelly Carpenter,False
1000000003791,RNLAKK,RH 747830194,Nicholas Thomas,False
1000000003792,NLSAYG,MW 442537424,Travis Harris,False
1000000003793,NLSAYG,GQ 847702392,Robert Mason,True
1000000003794,NLSAYG,CX 571910439,Angela Morrison,True
1000000003795,DGTUHQ,UM 341024250,Rhonda Mcfarland,False
1000000003796,TOSTRJ,YY 626844187,Christina Brown,True
1000000003797,HKOCIP,KA 896176872,Jeffrey Chambers,False
1000000003798,SCOJRI,DU 975810141,Sean Turner,False
1000000003799,RYDPPN,AJ 923065117,Nicholas Hernandez,True
1000000003800,RYDPPN,BX 528800496,Ryan Kemp,False
1000000003801,IHAPWO,IZ 084951704,Justin Brooks,False
1000000003802,IHAPWO,OK 087887526,Douglas Clark,True
1000000003803,MXUFTJ,RE 413335802,Paul Salas,False
1000000003804,QUIANS,ZB 023358235,John Woods,True
1000000003805,UDOAWO,CQ 570883286,John Caldwell,False
1000000003806,URLQBI,WQ 434918924,Brett Walker,False
1000000003807,URLQBI,QQ 433304030,Nicholas Curtis,True
1000000003808,URLQBI,BI 181585350,Mia Kelley,False
1000000003809,QXXLGU,CM 099491943,Heather Massey,True
1000000003810,QXXLGU,QD 938655685,Austin Olsen,True
1000000003811,QXXLGU,CM 805384792,Stephanie Smith,True
1000000003812,VSYPQO,QB 465183591,Daniel Lopez,False
1000000003813,OMJNCO,CC 407983400,Christopher Wilson,False
1000000003814,OMJNCO,MU 010831734,Rebecca Pearson,True
1000000003815,OMJNCO,UI 533975317,Christina Davis,True
1000000003816,URNLOZ,KM 122400025,Taylor Payne,False
1000000003817,URNLOZ,AQ 350022874,Michael Gates Jr.,True
1000000003818,WZJCOU,TK 784235180,Katherine Pollard,False
1000000003819,WZJCOU,TR 492884163,Emily Rodriguez,True
1000000003820,UBXJEF,WX 279693920,Katherine Santos,False
1000000003821,UBXJEF,QN 704533043,Sara Owen,True
1000000003822,UBXJEF,PR 882687443,Brian Strong,True
1000000003823,FLDLLM,YR 029030081,Trevor Rodriguez III,False
1000000003824,FLDLLM,YB 140755978,Courtney Davis,False
1000000003825,FLDLLM,QW 484430534,Samuel Escobar,True
1000000003826,KFULPS,JG 508238288,Karen Rogers,False
1000000003827,KFULPS,FH 195880732,Angela Meza,True
1000000003828,KFULPS,LD 284686387,Daniel Cooper,True
1000000003829,BTKLZR,IE 322704943,Sean Gonzalez,False
1000000003830,MMEJEB,DK 558592458,Ebony Moore,True
1000000003831,MMEJEB,QP 818548051,Nicholas Martinez,True
1000000003832,PDPZGU,FF 374909944,Kelly Thompson,False
1000000003833,PDPZGU,AG 132406214,Theresa Davidson,True
1000000003834,PDPZGU,SO 370255563,Gregory Kim,True
1000000003835,HIUWZA,IJ 577180749,Stephanie Wilson,True
1000000003836,MGYYBH,OQ 396652851,Maria Huerta,False
1000000003837,MGYYBH,LP 274574565,Aaron Todd,True
1000000003838,AWPCIP,XW 763373643,Brittany Watson,False
1000000003839,AWPCIP,HN 463070095,Kathleen White,False
1000000003840,XFRJOM,WS 863231026,Dawn Wise,False
1000000003841,XFRJOM,JG 449366735,Zachary Campbell,True
1000000003842,XFRJOM,NR 289740939,Joseph Evans,False
1000000003843,AYAYGI,YK 647935395,Lisa Liu,True
1000000003844,VVTFMI,AV 626718892,Natalie Carter,True
1000000003845,VVTFMI,SV 916673221,Brandon Reynolds,True
1000000003846,EWKCKT,BX 594144772,Marie Sloan,False
1000000003847,VEJPDI,ZJ 769791627,Darius Walker,False
1000000003848,SROIHB,NT 063007982,Denise Johnston,True
1000000003849,CGISGG,NL 917873563,Raymond Luna,False
1000000003850,AJAOBO,VV 162698773,Jonathan Chavez,False
1000000003851,AJAOBO,CN 973446850,Tanya Gomez,False
1000000003852,BYJWPS,US 929361662,Luis Green,True
1000000003853,ORYRTH,CB 929686367,Theresa Stephens,False
1000000003854,ORYRTH,XA 527360075,James Hall,True
1000000003855,FKHOGS,UJ 383890117,Matthew Hill,True
1000000003856,FKHOGS,HH 790779886,Maria Smith,False
1000000003857,WENVHX,JK 640280280,Jason Jones,True
1000000003858,WENVHX,BZ 661651758,Cassie Turner,True
1000000003859,FCMJLB,LM 704388339,Clifford Powell,False
1000000003860,FCMJLB,KJ 912691764,Miss Kelly Johnson,True
1000000003861,HVMLRB,BU 273598407,Jeremy Macias,False
1000000003862,JQRTNS,AD 092646529,Erica Mcdonald,True
1000000003863,WGRFQX,OT 189166807,Samantha Barrera,True
1000000003864,WGRFQX,LK 179776600,Tony Johnson,False
1000000003865,QZTZEY,UL 642382235,Matthew Wright,True
1000000003866,QZTZEY,QP 456212025,Lance Garcia,False
1000000003867,QZTZEY,GC 396545255,Laura Rodriguez,False
1000000003868,AJXPJU,AJ 836495092,Emma Moran,True
1000000003869,AJXPJU,GT 720314306,Lisa Olson,False
1000000003870,JYCUYY,BA 589947099,Christopher Mason,False
1000000003871,EEHKBU,LD 892371044,Monica Payne,True
1000000003872,RJFUIL,UI 689068878,Matthew Walker MD,False
1000000003873,XYWUFB,EU 779053875,Chelsey Garcia,False
1000000003874,XYWUFB,UW 342970397,Melissa Hanson,False
1000000003875,ESAMYO,TO 004143269,Christina Hahn,False
1000000003876,VIZPPY,YL 232008658,Richard Carson,False
1000000003877,AJFIIF,FE 487819342,Melissa Mcmillan,True
1000000003878,AJFIIF,VA 757325141,Jessica Campbell,False
1000000003879,AJFIIF,QE 243219792,Timothy Lin,True
1000000003880,IIOYFL,YH 740353005,Melody Ewing,False
1000000003881,TAHKXS,XL 406975413,Mrs. Joann Burns,True
1000000003882,TAHKXS,MC 150892298,Nathan Smith,True
1000000003883,ZVOSFP,BF 370450386,Brianna Hubbard,True
1000000003884,XANBXJ,XH 287345129,Edwin Johnson,False
1000000003885,XANBXJ,YC 855867931,Megan Forbes,False
1000000003886,EIHDWX,HD 348765612,Brittany Palmer,False
1000000003887,EIHDWX,ZH 521109531,Taylor Obrien DVM,True
1000000003888,XISDJJ,IM 859713411,Robert Kennedy,True
1000000003889,XISDJJ,CN 104238524,Joshua Wilkinson,True
1000000003890,APNODV,MG 508554885,Michael Howard,True
1000000003891,APNODV,GH 069043987,Tiffany Acevedo,True
1000000003892,IHSTJY,LW 984406026,Lisa Lane,False
1000000003893,IHSTJY,BL 405219899,Laura Diaz,True
1000000003894,IHSTJY,KL 730881530,Rebecca Crawford,False
1000000003895,UBSBXD,WO 770529792,Dale Hughes,False
1000000003896,UBSBXD,SW 791325332,Ashley Osborne,False
1000000003897,SGQLEE,GI 041627422,Kristina Harrington,False
1000000003898,MKBJXJ,WA 544485024,Ashley Garner,False
1000000003899,MKBJXJ,RL 681071377,Alicia Vazquez,True
1000000003900,FPEAKA,LD 951460737,Katherine Smith,False
1000000003901,JWLEVI,JV 404401217,David Thompson,True
1000000003902,VHSTEA,FK 343614550,Tonya Kaiser,True
1000000003903,UVCYPS,YS 286866775,Danielle Miller,True
1000000003904,UVCYPS,HV 836332094,Leonard Lamb,True
1000000003905,ASHJDP,WT 199908701,Jordan Gomez,True
1000000003906,CMWLGK,IX 027392467,Timothy Harrison,True
1000000003907,AZBRDJ,JX 642508823,Eric Norris,True
1000000003908,TQKGTT,KQ 964773237,Craig Jenkins,False
1000000003909,TQKGTT,EH 921332406,Leslie Baldwin,False
1000000003910,TQKGTT,XU 056927450,Lucas Roberts,False
1000000003911,OBKRFH,OW 261691343,Lisa Wade,True
1000000003912,YIVNZN,CR 580256219,Nicole Moore,True
1000000003913,YIVNZN,YJ 042414265,Anthony Oconnor,True
1000000003914,YIVNZN,ZY 643007247,Seth Brown,True
1000000003915,DOZLVJ,EY 313978374,Alexandra Lowery,True
1000000003916,MESDEU,GT 777242427,Nathan Casey,False
1000000003917,PPZYKD,RT 761282612,Andrea Bradford,True
1000000003918,ZXPBMR,SC 799948194,Sharon Spencer,True
1000000003919,ZXPBMR,EM 756104086,Juan Thompson,True
1000000003920,ZXPBMR,EY 848106247,Rick Zuniga,False
1000000003921,GGEXMX,WY 865120541,James Lee,True
1000000003922,GGEXMX,IB 647701696,Alexander Webb,True
1000000003923,VBPSKI,NZ 627065381,Brittany Allen,False
1000000003924,VBPSKI,BT 235435129,Kevin Landry,False
1000000003925,GENMAW,CD 385952405,Robert Burnett,False
1000000003926,GENMAW,LU 066605880,Eugene Miller,True
1000000003927,TMJMOC,FD 815883225,Margaret Clark,False
1000000003928,TMJMOC,QN 660289281,Brian Daniels,False
1000000003929,PRFKKC,SM 691781548,Jennifer Bailey,False
1000000003930,PRFKKC,SL 153833664,Regina Yang,False
1000000003931,PRFKKC,ZZ 034267845,John Campbell,True
1000000003932,KYECDU,TQ 556816096,Walter Brown,False
1000000003933,KYECDU,GS 660178296,Jeffrey Snyder,False
1000000003934,FTAWWS,MA 480279727,Kaitlin Smith,False
1000000003935,ZGMUWZ,XP 994652174,Kevin Mendez,True
1000000003936,UWISRG,OS 884386844,Justin Bartlett,True
1000000003937,UWISRG,MJ 414579557,Mary Andrade,False
1000000003938,UWISRG,FM 799728156,Gloria Coleman,True
1000000003939,VAVGGG,SX 327639169,Beth Clarke,True
1000000003940,ZXJBLY,SF 976876596,Christine Wise,True
1000000003941,YELCSK,ON 753409619,Richard Miller,True
1000000003942,JRDFOF,DJ 175634406,Mark Cooper,False
1000000003943,JRDFOF,YG 269696727,Kevin Mercado,False
1000000003944,TONZRP,YH 226373196,Sandra Allen,False
1000000003945,JXTKGH,KB 120067897,Corey Perkins,True
1000000003946,UMPHXV,NR 914701298,William Hanna,False
1000000003947,CYIVSX,WC 541646071,Nicole Scott,True
1000000003948,NBCTXR,XE 528530045,Mark Byrd,True
1000000003949,NBCTXR,YW 592222006,Katrina Ross,False
1000000003950,NBCTXR,QA 741442018,Lori Mendoza,False
1000000003951,YPNNME,AH 687217046,Dustin Thomas,True
1000000003952,JKOFGZ,EG 817962116,Maria Johnson DDS,True
1000000003953,JKOFGZ,VV 583659980,Andrew Price,True
1000000003954,AJXTJZ,WJ 658136622,Mindy Russell,True
1000000003955,YFFGDU,KY 610213050,Shannon Johnson,False
1000000003956,YFFGDU,WR 834881460,Lindsey Green,True
1000000003957,KSKERK,QD 079434441,Ms. Debbie Wallace,True
1000000003958,XWFELT,LN 196213239,Jamie Abbott,False
1000000003959,XDQEQW,VZ 976103216,Brian Lowe,True
1000000003960,XDQEQW,HI 267051193,Abigail Hawkins,True
1000000003961,CPIHKF,MP 458167291,Michael Morrison,True
1000000003962,CPIHKF,HF 185905273,Carl Galloway,False
1000000003963,CXSZAN,VU 672241286,Jessica Long,False
1000000003964,RICXGN,KL 410195992,David Mathis,True
1000000003965,UXFRAG,SI 440661592,Christopher Hutchinson,True
1000000003966,UXFRAG,WZ 648618382,Shawn Henry,False
1000000003967,UXFRAG,VD 321172456,Melissa Wilson,True
1000000003968,CQRCNP,FH 808617808,Angela Thompson,True
1000000003969,DVYPSJ,DV 473242057,Danny Holmes,True
1000000003970,DVYPSJ,KM 925707279,Jack Miranda,False
1000000003971,AJGSYK,ED 998117213,Dennis Jordan,True
1000000003972,AJGSYK,US 716727022,Jeffrey Jones,True
1000000003973,KZEOYD,WY 108308320,Richard Butler,False
1000000003974,QFWDDP,FR 319384153,Lauren Torres,False
1000000003975,QFWDDP,KI 307313972,Stanley Wheeler,True
1000000003976,IDGFLU,QZ 713042387,Rose Rice,False
1000000003977,GZXBMZ,VC 077964277,Alison Matthews,False
1000000003978,VEUVMF,TE 253991385,Julia Logan,False
1000000003979,NSVEHR,KQ 448519544,Scott Stevens,True
1000000003980,NSVEHR,MJ 588551088,David Williams,True
1000000003981,NSVEHR,MO 087485315,Ashley Davis,False
1000000003982,DCIJEJ,FF 460872547,Sharon Larson,False
1000000003983,ONUKCM,RE 817683532,Tracy Blake,False
1000000003984,XYDZXY,QX 016219897,Rhonda Moran,True
1000000003985,BENDNB,FD 151649190,Mrs. Patricia Harris MD,True
1000000003986,BENDNB,EZ 964923066,Stephanie Peterson,True
1000000003987,WRBRQO,HM 484252467,Alexis Mendoza,False
1000000003988,LFJERZ,VI 473908753,James Mcintyre,False
1000000003989,LFJERZ,ET 435951333,Kristin Martin,False
1000000003990,FTTCAH,WW 432324693,Natalie Watson,True
1000000003991,FTTCAH,FH 377720439,Luis Arnold,False
1000000003992,NQQLDF,XU 716965645,Kimberly Nelson,True
1000000003993,BVWTKM,TV 840347696,Kyle Carney,True
1000000003994,WAEEIS,NK 066899425,Derek Bridges,False
1000000003995,YKSBWS,KI 801187213,Jennifer Hall,False
1000000003996,KYAJYM,BQ 005657238,Monica Mora,True
1000000003997,MEUQLN,LV 619136406,Nicholas Jones,True
1000000003998,JUQUVV,CP 184047735,Amanda Sheppard,False
1000000003999,UUAJDJ,UW 974163228,Kayla Rice,True
1000000004000,UUAJDJ,FO 366023521,Thomas Walker,True
1000000004001,UUAJDJ,EB 182891305,Brandi Wu,True
1000000004002,FUHYRA,IP 814796056,Brady Smith,False
1000000004003,FUHYRA,QY 797688543,Claire Garza,True
1000000004004,FUHYRA,NP 582954637,Rebecca Poole,True
1000000004005,QHUACI,PL 047166234,Adam Walker,False
1000000004006,OCOLGC,FI 128194001,Patrick Guerra,False
1000000004007,NVMASI,AA 818741465,Brandi Freeman,True
1000000004008,NVMASI,XP 437375143,Joanne Snyder,True
1000000004009,XKMYNW,DN 222847660,Heather Baker,False
1000000004010,XKMYNW,GX 912619358,Dr. Steven Ray,False
1000000004011,NMRKAX,VB 594004896,Brent Hartman,True
1000000004012,NMRKAX,XB 449569775,David Hart,True
1000000004013,XBTTGH,SB 400152290,Pamela Martin,False
1000000004014,SFPDAA,IX 294201217,Heather Webb,False
1000000004015,SFPDAA,PX 220824198,Kevin Walker,False
1000000004016,WWIBHW,UF 413723073,Nicholas Wells,False
1000000004017,VHLDBX,NV 877497895,Daniel Moss,False
1000000004018,LJMKIB,VH 258535599,Melanie Velez,False
1000000004019,LJMKIB,AI 604387243,Brian Carter,True
1000000004020,YSQSRB,KR 064144250,Kristin Sullivan,True
1000000004021,YSQSRB,IA 579015508,Corey Harrington,False
1000000004022,YSQSRB,WP 454505296,Christina Morgan,False
1000000004023,OSSNGF,DW 809856835,Dr. Thomas Wells,True
1000000004024,OSSNGF,RL 027554701,Joseph Hill,True
1000000004025,OSSNGF,JG 369368340,Leah Smith,False
1000000004026,ZGFPBN,TO 980460653,Derrick Evans,True
1000000004027,AGFVWN,VU 634916605,Alicia Henderson,False
1000000004028,AGFVWN,FM 455436233,Victor Atkinson MD,True
1000000004029,IGOCGL,EM 108110387,Dr. Christine Wolfe,True
1000000004030,IGOCGL,SZ 007789819,Tracy Sexton,True
1000000004031,ZCQSAN,BU 666884331,Tammy Stark,False
1000000004032,OXDJYH,RD 812724901,Joshua Perez,True
1000000004033,MEHWYD,GS 469898473,Curtis Carlson,True
1000000004034,MEHWYD,HS 725801535,Eugene Lewis,False
1000000004035,APTYVZ,YQ 323020192,Brittany Smith,False
1000000004036,AXYOGS,DW 173855555,Susan Ross,True
1000000004037,AXYOGS,TO 761426624,Joshua Petersen,True
1000000004038,AXYOGS,RN 411080026,John Mccarthy,True
1000000004039,RQQTYA,JF 748956425,Timothy Douglas,True
1000000004040,RQQTYA,WY 910537256,Daniel Ramos,False
1000000004041,RPAACA,BW 434889190,Daniel Gonzalez,False
1000000004042,RPAACA,YB 242012776,Nicole Glass,True
1000000004043,BJYXHV,GI 595787441,James Beard,True
1000000004044,BJYXHV,DQ 172742194,Emily Mitchell,True
1000000004045,BJYXHV,OA 891367161,Donna Dalton,True
1000000004046,MUVKKB,CM 899126382,Elizabeth Chapman,False
1000000004047,PJZMNP,HE 509733309,Eric Brewer,False
1000000004048,PJZMNP,NC 429852704,Scott Palmer,True
1000000004049,PJZMNP,BV 463464749,Crystal Torres,False
1000000004050,ZDZKBI,WI 152218159,Danielle Miller,False
1000000004051,ZDZKBI,JP 886608823,Carla Coleman,True
1000000004052,OYULZU,CB 952254945,Ashley Wright,False
1000000004053,OYULZU,MD 101324707,John Gardner,True
1000000004054,HKBOGT,CW 375745451,Ebony Ramirez,True
1000000004055,HKBOGT,HF 165487657,Nina Lee,False
1000000004056,HKBOGT,QJ 665517286,Jacqueline Elliott,False
1000000004057,ZIGHOK,YS 171472229,Daniel Brown,False
1000000004058,ZIGHOK,QA 965164418,Erin Shah,False
1000000004059,YZWOQJ,XD 853809420,Debra Smith,True
1000000004060,KUNFFB,VV 990979896,Jennifer Rodriguez,False
1000000004061,BAOXLJ,QS 870878157,Angela Garcia,True
1000000004062,BNTIFK,BB 716567098,Melanie Henderson,False
1000000004063,BNTIFK,XD 682038528,Ronald Nichols Jr.,False
1000000004064,BNTIFK,VF 541506898,Rhonda Jones,True
1000000004065,YBVUID,XU 678734808,Juan Davis,False
1000000004066,OOXWLP,BI 675716954,David Woodard,True
1000000004067,POTMIP,WD 426839699,William Beltran,True
1000000004068,POTMIP,WE 957001684,Daniel Merritt,True
1000000004069,POTMIP,MI 023878930,Caroline Nelson,True
1000000004070,UXZYYX,KJ 040962629,Edward Marshall,True
1000000004071,QQDRFJ,XM 537621098,Travis Bowers,False
1000000004072,QQDRFJ,XK 206675490,Jeremy Gonzales,True
1000000004073,OBOLGH,IK 450883068,Dr. David Morris II,False
1000000004074,DMHGJS,CU 049672942,Bryce Ramos,False
1000000004075,DMHGJS,WC 163798004,Angela Silva,False
1000000004076,QLFEFX,XJ 882397970,Christopher Daniel,True
1000000004077,QLFEFX,CI 152424431,Jessica Williams,False
1000000004078,NZGFYB,UV 036740092,Claudia Thomas,True
1000000004079,NZGFYB,DP 709831818,Mary Baker,False
1000000004080,AEFOEN,BY 148830545,Chelsea Melendez,False
1000000004081,AEFOEN,FR 598685819,Kirsten Middleton,True
1000000004082,RAYUOC,ZQ 674822328,Melanie Clarke,True
1000000004083,RAYUOC,IZ 471742658,George Turner,True
1000000004084,ZKLTAL,QC 612450116,Anthony Galloway,False
1000000004085,QKOMCH,VG 181160762,Brooke Walsh,True
1000000004086,QKOMCH,UB 262168472,Todd Ross,True
1000000004087,VWENMI,LW 410924432,James Jones,True
1000000004088,VWENMI,TF 568642961,Wendy Smith,True
1000000004089,AKHVQH,CB 727318897,Donald Kidd,False
1000000004090,MMBIBH,NE 037445719,Ellen Price,True
1000000004091,MMBIBH,PJ 214211407,Meghan Gonzalez,False
1000000004092,MMBIBH,HZ 649290703,Sharon Sheppard,True
1000000004093,GWJNXH,QQ 134247064,Justin Thompson,True
1000000004094,NBUIOF,XK 716400489,Bethany Anderson,False
1000000004095,USIRRE,GC 564663971,Derek Walsh,False
1000000004096,MFWTJP,NR 633575997,Brenda Knapp,False
1000000004097,MFWTJP,ZQ 564667667,Emily Sullivan,False
1000000004098,MFWTJP,XJ 816940324,Michelle Robinson,True
1000000004099,SDVZFB,GA 532442146,Jay Miles,False
1000000004100,GZMQLM,BX 900581983,Kenneth Lee,True
1000000004101,GZMQLM,ND 591837653,Edward Perkins,False
1000000004102,RTRZGL,CL 834108075,Amanda Flores,True
1000000004103,YXLTKY,US 545136402,Matthew Rubio,True
1000000004104,NUFBCB,JY 208595031,Elizabeth Schmitt,True
1000000004105,MVRUNG,MS 959959241,Sara Ward,True
1000000004106,MYBMKW,NI 360181170,Jeffrey Morgan,True
1000000004107,XOECKC,HE 538361449,Meagan Hernandez,False
1000000004108,XOECKC,JF 514811146,Samantha Pena,True
1000000004109,GQLASM,WC 370215384,Jamie Wilson,False
1000000004110,GQLASM,MZ 967313121,Heidi Sims,False
1000000004111,GQLASM,HM 243466629,Paula Cordova,True
1000000004112,PHWZBH,ES 153944060,Renee Dudley,False
1000000004113,LZUBYL,ON 584984475,Brian Anderson,False
1000000004114,LZUBYL,BN 481335333,Terry Johnson,True
1000000004115,WPENQX,VU 800756582,Seth Bell,False
1000000004116,WPENQX,AV 861235879,Oscar Hunter,False
1000000004117,XJXUHA,YP 907294856,Robert Williams,False
1000000004118,USATVN,KD 396286338,Jared Lee,True
1000000004119,DKYUOJ,OK 121435939,John Wilson,False
1000000004120,EYSMNH,WZ 828815659,Steven Duke,False
1000000004121,NGJRTM,FN 744770648,Edward Thompson,False
1000000004122,NGJRTM,XC 299244235,Jonathan Cantrell,False
1000000004123,NGJRTM,BM 939396062,Jose Lewis,False
1000000004124,ZQEKPA,YQ 929478745,Brittany Oliver,False
1000000004125,RWBUUM,LE 031868659,Jennifer Frazier,True
1000000004126,RWBUUM,ID 812964548,Linda Collins,False
1000000004127,MDZFFC,RC 199413644,Keith Acosta DDS,True
1000000004128,RAHHCK,LM 844014708,Kenneth Wilson,True
1000000004129,MULYPK,UK 725882844,Kevin Bennett,False
1000000004130,MULYPK,MK 804559128,Valerie Fowler,False
1000000004131,BSBPYK,HG 744756365,Christopher Fields,False
1000000004132,BSBPYK,YY 702371250,Ricardo Johnson,False
1000000004133,BSBPYK,QV 035813979,Ashley Huber,True
1000000004134,ADSIZC,GK 624524055,Ricky Forbes,False
1000000004135,ADSIZC,KM 919988552,David Cannon,False
1000000004136,IHCVPB,SI 259845855,Jeffrey Buchanan,False
1000000004137,EEGZAU,ZC 872912989,Andrew Phillips,False
1000000004138,EEGZAU,OE 370632300,Matthew Lowe,True
1000000004139,TRUWWZ,ZA 557632951,Lee Villarreal,False
1000000004140,FJXUFN,PP 748637470,Shawn Vazquez,True
1000000004141,DZTSDF,VG 860268717,Jason Sanchez,False
1000000004142,DZTSDF,GG 188658522,Victor Cook,False
1000000004143,PHXNGB,AW 274600341,Jeanette Martinez,True
1000000004144,ODAIGU,LL 287035171,Justin Flynn,False
1000000004145,ODAIGU,QQ 450097064,Paul Knight,False
1000000004146,SUBOKF,VO 125346115,Vincent Kennedy,False
1000000004147,SUBOKF,EH 027820158,Ruben Green,False
1000000004148,SUBOKF,OR 395311695,Alvin Palmer,False
1000000004149,MUZXIA,RZ 234508960,Barbara Lara,True
1000000004150,SDQYCH,WA 376670806,Rachel Strong,False
1000000004151,SDQYCH,LJ 064051183,Timothy Love,False
1000000004152,DTEQVS,HK 144079043,Alison Wolfe,True
1000000004153,DTEQVS,KJ 173246155,Ruth Morris,True
1000000004154,NYZYRS,IY 414812689,Michael Jones,False
1000000004155,KILDHI,UA 273839688,Michael Murphy,True
1000000004156,UJWLAO,NF 945684709,Timothy Costa,False
1000000004157,CQHHHP,ZP 659123944,Katherine Wade,True
1000000004158,KEQFRU,MP 078457844,Lisa Jensen,True
1000000004159,XUEOFQ,PR 307714650,Nancy Jackson,False
1000000004160,XSTFWJ,GE 118376910,Kristi Smith,False
1000000004161,PQPVNS,SD 813780110,Stephanie Joseph,False
1000000004162,PQPVNS,FS 445325672,Matthew Adams,True
1000000004163,EEFDNA,OI 109452658,Michael Rivera,True
1000000004164,QNDYMF,PE 620008888,Glenn Davis,False
1000000004165,GVNLWH,UB 437722285,Elizabeth Cobb,False
1000000004166,GUWTTD,UC 149354881,Traci Cohen,False
1000000004167,PJGGIO,PF 619903777,Katherine Thomas,True
1000000004168,XYCNGM,UH 537593358,Ricky Meyers,False
1000000004169,XZMERB,IO 494007467,Hannah Jones,True
1000000004170,KRTKPG,CY 881188210,Patricia Hess,False
1000000004171,JDGVHP,OS 955870425,Pamela Johnson,True
1000000004172,JDGVHP,BF 673254966,John Watkins,False
1000000004173,JDGVHP,JH 372380571,Casey Walters,True
1000000004174,BDLRBE,QK 629668273,Ryan Arellano,False
1000000004175,BDLRBE,OP 426854460,Sheila Valdez,True
1000000004176,QHCWQH,EN 889589932,Tina Powell,False
1000000004177,QHCWQH,NT 304421795,Ronald Yang,True
1000000004178,QHCWQH,XT 450446240,Kim Reed,False
1000000004179,JFWBNJ,DD 163166417,Norma Banks,False
1000000004180,ZGBGVD,BX 474212066,Daniel Willis,True
1000000004181,CRXGDP,OF 856902891,Nicole Johnson,True
1000000004182,CRXGDP,WJ 724207530,Spencer Shaw,False
1000000004183,CRXGDP,UH 269667349,Jill Murray,True
1000000004184,YUBMSM,KE 150085854,Rachel Beltran,True
1000000004185,ZLMRHM,UJ 679212719,Melissa Bell,False
1000000004186,FHBGRD,EX 709683720,John Palmer,False
1000000004187,FHBGRD,SL 471332581,Joshua Walter,False
1000000004188,PPHOHD,PZ 130043625,Christine Spencer,False
1000000004189,CKRPEI,KS 930581876,Mary Sanchez,True
1000000004190,CKRPEI,YY 010619581,Thomas Gray,False
1000000004191,GRONST,WB 986536614,Logan Baldwin,True
1000000004192,GRONST,LV 850374361,Kristen Hoffman,True
1000000004193,ZZZGOU,TK 618912415,Christopher Guerrero,True
1000000004194,ZZZGOU,CY 933873006,Bobby Delgado,True
1000000004195,ZZZGOU,XB 897957377,Christopher Galvan,True
1000000004196,SRFNKY,EI 410894520,Natasha Frederick,False
1000000004197,NWOSTM,PB 037649413,Gail Mooney,True
1000000004198,SUAGLG,TQ 455225549,Kayla Blackwell,True
1000000004199,SNEVTS,HX 141363255,Caroline Peterson,True
1000000004200,PKUREK,HQ 330561311,Brian Clark,False
1000000004201,LVDJAQ,VX 367908213,Dana Taylor,False
1000000004202,LVDJAQ,NQ 111189098,Casey Glass,True
1000000004203,LVDJAQ,FO 333091389,Katie Richards,False
1000000004204,EBVBLQ,QQ 602082896,Kristina Gay,True
1000000004205,EBVBLQ,XG 433586283,Madison Gardner,True
1000000004206,EBVBLQ,JF 877968076,Alejandra Irwin,False
1000000004207,EKRWAM,GR 442359864,Cassandra Campbell,True
1000000004208,EKRWAM,JY 270290754,Nicholas Norman,False
1000000004209,WELAFP,IK 489801476,Brittany Mosley,True
1000000004210,WELAFP,YA 639159658,Sarah Clark,False
1000000004211,EHCBKR,AD 034845453,Michelle Rodriguez,True
1000000004212,SOHGKW,QE 263345708,Stacey Lopez,True
1000000004213,JXGGTZ,HQ 966144665,John Hooper,True
1000000004214,VVCFVW,GQ 957107061,Kevin Warren,False
1000000004215,IQQFQX,WL 359606585,Teresa Jackson,True
1000000004216,DAWTTV,IG 509443604,Philip Harrington,True
1000000004217,HXQMEH,CZ 618174575,Donna Barrett,True
1000000004218,RRHUOB,OB 690089730,Beverly Curtis,True
1000000004219,JAOQJW,TA 077467433,Luis Valencia,True
1000000004220,JAOQJW,VF 550133343,Melanie Brown,True
1000000004221,JAOQJW,VQ 496318853,Mrs. Brandi Sutton,True
1000000004222,FBPKVS,NF 015852632,Charles Kline,True
1000000004223,FBPKVS,XS 577884620,Michael Gibbs,False
1000000004224,BXNVFM,VT 866827263,Paul Miller,True
1000000004225,YOGROR,SI 497741818,Richard Gardner,True
1000000004226,ICHLQR,WI 131948288,Matthew Best,True
1000000004227,ICHLQR,ZO 946357188,Michael Nelson,True
1000000004228,ICHLQR,LC 737457147,Christina Ewing,False
1000000004229,WVZLAR,MB 319807123,Michael Gibson,True
1000000004230,TMCLHS,RL 155423739,Brian Thomas,True
1000000004231,VNHBYD,ZR 414588613,Matthew Ayers,True
1000000004232,KYYWSH,QU 063287755,David Elliott,False
1000000004233,AFRJDR,DA 109979885,Donna Cameron MD,True
1000000004234,AFRJDR,IR 667939927,Andrea Duncan,True
1000000004235,AFRJDR,OL 798909789,Jasmine Espinoza,True
1000000004236,JHSNJQ,ZI 983381013,Kathryn Stein,False
1000000004237,KTFSEZ,UA 952646744,Jonathon Lee,False
1000000004238,SADCNS,HQ 225054678,Cheryl Cummings,False
1000000004239,SADCNS,BI 059547420,Shane Kirby,True
1000000004240,LHDFTA,QG 437142438,Laura Hernandez,True
1000000004241,BWQADQ,YV 724928840,Bryan Lozano,False
1000000004242,IWSYGQ,LJ 573853751,Jennifer Carrillo,False
1000000004243,IWSYGQ,JR 598056022,Chad Holloway,False
1000000004244,XJJFTR,TA 133780068,Andrew Jackson DVM,True
1000000004245,JUMBLF,OL 293855507,Jennifer Duke,False
1000000004246,SOCEWP,OC 008224491,Richard Cline,False
1000000004247,ZROYBZ,QA 557041936,Sarah Smith,True
1000000004248,GQTMTL,HO 151182224,Sierra Hill,False
1000000004249,GQTMTL,VK 950102323,Sheila Mcgee,True
1000000004250,KBRUZL,FO 992858142,Nicole Martinez,False
1000000004251,IRXMQI,VO 491610199,Christopher Garcia,False
1000000004252,IRXMQI,OU 978428143,Tracey Smith,True
1000000004253,AJMTTF,AP 419979817,Michelle Montgomery,False
1000000004254,TKODIL,FQ 115431670,Brian Briggs,False
1000000004255,YYBGIH,JP 488206456,Tony Smith,False
1000000004256,YYBGIH,ND 327365293,Lori Jensen,False
1000000004257,CSUGRT,WB 205656791,William Blair,True
1000000004258,CSUGRT,WK 279440130,Ryan English,False
1000000004259,WDWBDA,JB 249707306,Frank Harris,False
1000000004260,WDWBDA,SC 619202285,Katrina Maynard,False
1000000004261,ADBJBX,VP 668450156,Charles Christensen,False
1000000004262,AFWINT,IL 819060459,Grant Fernandez,True
1000000004263,AFWINT,JL 705649717,Kirsten Campbell,False
1000000004264,YPLGXI,NB 533453384,James Palmer,False
1000000004265,NIKSDW,VS 883310208,Brenda Guzman,False
1000000004266,NIKSDW,IZ 598034405,Marvin Ross,True
1000000004267,NIKSDW,QS 519743950,Herbert Jensen,True
1000000004268,ZIZQAD,RM 492095455,Whitney Fields,False
1000000004269,ZIZQAD,GP 179494422,Paul Clark,False
1000000004270,ZWHDDF,RN 874279630,Mark Rogers,False
1000000004271,DRPGVM,IJ 947864163,Samantha Peterson,False
1000000004272,GSKESV,GL 059251211,Katie Hull,False
1000000004273,DHVLRG,OA 116655636,Diane Moore,False
1000000004274,DHVLRG,AD 335901564,Michael Hoover,True
1000000004275,VTDSNH,VN 569414673,Lori Hood,False
1000000004276,JJVFIO,HZ 962577416,Brianna Gordon,False
1000000004277,JJVFIO,PY 665764063,Jessica Cardenas,False
1000000004278,ROJTOT,MO 110696796,Jordan Wilson,False
1000000004279,UAZFNS,LG 962344369,Tracy Campbell,False
1000000004280,UAZFNS,FV 837947741,Angela Perry,True
1000000004281,MHEAJM,XN 010786760,Michael Perry,False
1000000004282,MHEAJM,OR 581654980,Zachary Johnson,True
1000000004283,HHGPNG,TB 487608576,Jorge Collins,False
1000000004284,HHGPNG,FG 324286622,Allison Christian,True
1000000004285,EBGCZD,MD 736656673,Tracy Thomas,True
1000000004286,HTZELP,AE 727723657,Michael Randall,False
1000000004287,HTZELP,HT 571640226,Julia Reynolds,False
1000000004288,HTZELP,FD 494572449,Tracie Roth,True
1000000004289,IQNRCQ,PE 614810995,Joshua Kerr,False
1000000004290,NHBJOB,ZW 380703315,Andrea Hoffman,True
1000000004291,LJVQPK,RY 308519838,John Peterson,False
1000000004292,LJVQPK,CM 498956911,Keith Norris,True
1000000004293,GVSIME,ZS 758638040,Joshua Kent,True
1000000004294,GVSIME,HW 661306354,Anne Price,False
1000000004295,ESSQGL,QR 048088057,Timothy Davis,False
1000000004296,FXQRZY,EN 840249387,Michelle Washington,False
1000000004297,SZGDAB,BV 935444589,Linda Thomas,False
1000000004298,JBSDHK,SW 019952614,Jessica Burnett,True
1000000004299,YALTCP,HI 456636305,Jill Holmes,True
1000000004300,PQNCCW,WM 799631733,Angela Gonzalez,True
1000000004301,IDUDRA,RC 369570015,Kristin Bell DDS,False
1000000004302,KWGGNW,PQ 629235621,Dana Harris,True
1000000004303,KWGGNW,OO 120574921,Cynthia Benjamin,True
1000000004304,THYGEL,XZ 897287024,April Gordon,False
1000000004305,PJWPUK,AX 310769070,Michael Gilmore,True
1000000004306,PJWPUK,RX 967443593,Laura Williams,True
1000000004307,PJWPUK,RF 615633606,Tara Mora,False
1000000004308,VDTYIR,FK 323123036,Michael Miller,True
1000000004309,VDTYIR,NU 081690350,Douglas Perez,False
1000000004310,VDTYIR,JV 289580424,Tracy Williams,True
1000000004311,YWQTZE,YP 688392114,Susan Fuller,True
1000000004312,PEYEMQ,HI 733466766,Kathleen Reed,True
1000000004313,LKTGXQ,BR 737038774,Amy Johnson,False
1000000004314,HQISUL,QK 825704455,Matthew Smith,True
1000000004315,LWLNZE,CW 742109438,Holly Hunt,True
1000000004316,LWLNZE,WB 948983018,Melissa Gibson,True
1000000004317,CBUKOG,CW 753939856,Susan Johnson,False
1000000004318,QGFREU,AW 042709839,Jessica Smith,True
1000000004319,QGFREU,AO 894338053,Dorothy Mckenzie,True
1000000004320,WOXZUY,OR 678047805,Richard Mccoy,False
1000000004321,PGLUYW,SI 292582491,Emily Bailey,True
1000000004322,PGLUYW,EY 218931058,Jerome Nguyen,True
1000000004323,AEDNQH,EQ 461841657,Jennifer Guzman,False
1000000004324,AEDNQH,AL 741056632,Jonathan Arnold,False
1000000004325,AEDNQH,EJ 025786535,Jenny Frederick,True
1000000004326,CVECWX,JB 603211245,James Valenzuela,False
1000000004327,CVECWX,MA 984418519,Spencer Olson,False
1000000004328,MOBLUG,HB 628908237,Melissa Castillo,False
1000000004329,SCYIOK,FY 339804732,Jason Villegas,True
1000000004330,SCYIOK,YV 758116259,Betty Lee,True
1000000004331,JMMQFC,HY 185114777,Natasha Fritz,False
1000000004332,RSOMVK,XH 380962786,Michael Gilbert,False
1000000004333,BHZYMF,QG 283440260,Paul Jones,True
1000000004334,LBOQGN,YU 897435408,Courtney Stanley,False
1000000004335,LBOQGN,YD 049549287,Kimberly Moore,True
1000000004336,CZIAXX,WL 866881453,Jessica Stewart,False
1000000004337,CZIAXX,HG 337332640,Megan Velasquez,True
1000000004338,AKIEVL,WN 902084273,Elizabeth Mitchell,False
1000000004339,RUUPHF,BF 578644829,Laura Anderson,True
1000000004340,MNKEGW,KS 287001906,Alexandria Nixon,True
1000000004341,MNKEGW,DA 122562443,Paul Hernandez,True
1000000004342,MNKEGW,DM 066545667,Sara Cisneros,False
1000000004343,WNJIZE,UI 095575388,Anthony Williams,False
1000000004344,WNJIZE,NG 371171856,Dr. Jody Scott,False
1000000004345,CBOYEK,JL 818875815,Michelle Kennedy,True
1000000004346,CBOYEK,PD 239378408,Kelsey Leach,False
1000000004347,FIYHTG,YK 621000471,Jackson Miller,True
1000000004348,HFODMI,IA 685900370,Amanda Rios,True
1000000004349,VBOSQY,EY 391027423,Sherri Howe MD,True
1000000004350,TWEKSE,ZR 623147012,Cheyenne Duke,True
1000000004351,TWEKSE,ID 292669236,Jacob Russell,True
1000000004352,IKPHNG,GZ 148763029,Dr. Crystal Thomas,True
1000000004353,IKPHNG,MV 968853591,Dr. Ashley Pierce MD,True
1000000004354,IKPHNG,VR 374788824,Jonathan Nunez,False
1000000004355,TZNDIS,WI 813391723,Belinda Meyer,True
1000000004356,TZNDIS,DX 927541387,Brooke Farmer,True
1000000004357,HLEQPB,MA 547553241,Donna Campbell,True
1000000004358,CVAQMV,GE 249914107,Miss Robin Johnson,False
1000000004359,CVAQMV,VF 753600454,Judy Cunningham,True
1000000004360,WDINJU,MC 373732695,Brenda Hensley,True
1000000004361,WDINJU,PO 712269514,Erik Hudson,True
1000000004362,VWQDPF,TV 009125853,Jennifer Martin,False
1000000004363,EZKNSW,BQ 089538970,Brandy Washington,True
1000000004364,EZKNSW,OF 748967826,Billy Branch,False
1000000004365,EZKNSW,QT 059931804,Cameron Sanders,False
1000000004366,ZCWEAM,AW 505159490,Lisa Downs,True
1000000004367,ZCWEAM,XM 270610500,Timothy Barnes,False
1000000004368,VNFJEI,VQ 953728177,Robert Mcpherson,True
1000000004369,RUCGCF,UV 797531154,Luis Warren,False
1000000004370,GOPWBE,CL 982883670,Edwin Mcgee,True
1000000004371,TYOBDB,GL 886828757,Samuel Horn,False
1000000004372,TYOBDB,PG 230755786,Kimberly Stevens,False
1000000004373,TYOBDB,SZ 300932206,Scott King,True
1000000004374,XYZMIM,UB 298361941,Jason Patterson,False
1000000004375,YRRVBJ,WM 296380264,Jonathan Estrada,True
1000000004376,YRRVBJ,UP 803151226,Nancy Whitaker,True
1000000004377,YRRVBJ,OA 729257836,Angela Bowers,False
1000000004378,EDYXYS,IO 325260011,Bethany Smith,False
1000000004379,IBSBJI,KF 073888012,Cody Winters,True
1000000004380,IBSBJI,VL 652101074,Mario Francis,True
1000000004381,HCHNXW,UG 009911971,Amber Bailey,False
1000000004382,MVBDPO,DE 115041225,Robert Burton,True
1000000004383,MVBDPO,DL 508267039,Christopher Gordon,True
1000000004384,FLAOAV,XH 493719104,Mr. Jeffrey Lawrence,False
1000000004385,WZYIKC,JO 817561095,David Padilla,True
1000000004386,WZYIKC,TE 591275362,Elizabeth Sharp,False
1000000004387,WZYIKC,EJ 233475091,Lisa Brown,True
1000000004388,ZAUPDE,GI 640585881,Nicholas Lee,True
1000000004389,ZAUPDE,ED 077576627,Jerry Miller,True
1000000004390,DICLSC,OJ 042030735,Michelle Garcia,True
1000000004391,UWMPPS,HB 597800786,Charles Mason,True
1000000004392,IMZEQH,GQ 347550748,Amy Meyer,False
1000000004393,QEEQIN,XN 446926626,Eric Farmer,False
1000000004394,FTVWOC,FU 813833494,Hailey Richards,True
1000000004395,FTVWOC,IN 927777135,Stephanie Berry,True
1000000004396,FTVWOC,GC 600131137,Samantha Jenkins,False
1000000004397,TTXXJS,DX 978929309,Tony Ruiz,False
1000000004398,PPHRUS,BL 840090625,John Fuentes,False
1000000004399,IGGDWA,VX 050689025,Denise Bush DDS,True
1000000004400,IGGDWA,QH 973784070,Shannon Meyer,False
1000000004401,TNFRFN,OC 161772379,Carrie Adams,True
1000000004402,TNFRFN,HB 533019251,Amanda Singleton,True
1000000004403,IHOTVJ,FH 502313744,Alejandro Rice,False
1000000004404,IHOTVJ,GO 371500748,Susan Howard,True
1000000004405,IHOTVJ,LD 012021526,Brittany Medina,True
1000000004406,NHXUYJ,YC 957571869,Dr. Richard Jennings,False
1000000004407,CPSCPW,LS 973658794,Alan Johnson,True
1000000004408,DHBFCR,FO 511081783,Stephen Clark,True
1000000004409,DHBFCR,GG 093661765,Jimmy Escobar,True
1000000004410,RLYTFD,WV 376061712,Richard Mercado,True
1000000004411,RLYTFD,RD 493917826,Stephanie Cooper,False
1000000004412,RLYTFD,SU 443402885,Tina Nelson,True
1000000004413,RNYFBY,FL 771756635,Toni Brown,False
1000000004414,RNYFBY,UN 186832007,Cory Yang,False
1000000004415,RNYFBY,LL 437011269,Melinda Murphy,True
1000000004416,YCCONY,FE 497619348,Judy Taylor,True
1000000004417,LQBIDQ,FH 109862453,Jane Davis,True
1000000004418,TCIWWB,HQ 265227106,Nicole Rodriguez,False
1000000004419,MWVQZW,FP 565840429,Ryan Wilkerson,False
1000000004420,MWVQZW,FS 736456712,Roger Adams,False
1000000004421,MWVQZW,RP 764155721,Lee Daniel,True
1000000004422,LNWBVU,KY 913968390,Vanessa Dominguez,True
1000000004423,LNWBVU,BP 722071135,Caitlin Hayes,True
1000000004424,LNWBVU,BE 949492783,Chelsea Gutierrez,False
1000000004425,NBBYUV,IQ 571955496,Mr. Cody Bernard,False
1000000004426,WDZGJY,FF 041281771,William Mcdaniel,False
1000000004427,URSIDB,LR 444283963,Kevin Dudley,True
1000000004428,URSIDB,OF 554712007,Steven Collins MD,True
1000000004429,URSIDB,ZS 824239977,Andrew Williams,True
1000000004430,KUKXHQ,KD 983918759,Mr. Cameron Hanson,True
1000000004431,KUKXHQ,HH 948246411,Joseph Pugh,True
1000000004432,KYDVPI,YQ 700616938,David Nelson,False
1000000004433,KYDVPI,JI 370721850,Jorge Johnson DDS,False
1000000004434,KYDVPI,BW 054649859,Austin Wright,True
1000000004435,ARZRRF,LQ 400175504,Gregory Jackson,False
1000000004436,ARZRRF,HF 127701533,Jerry Wilson,True
1000000004437,PXISVK,PJ 929123811,Brandy Ryan,False
1000000004438,PXISVK,UO 007432628,Diana Delgado,True
1000000004439,ZCNRXR,RR 760356729,Christopher Walker,True
1000000004440,QQYPZX,OT 226472833,Donna Olson,False
1000000004441,MAHTKQ,PW 322275617,Caitlin Gray,True
1000000004442,MAHTKQ,TV 173098181,Elizabeth Nelson,True
1000000004443,MAHTKQ,FX 241296359,Yesenia Thomas,True
1000000004444,UQLCDB,CB 209397498,Jose Romero,True
1000000004445,UQLCDB,RX 677851455,Lisa Carr,False
1000000004446,UQLCDB,MK 429737268,Emily Hill,True
1000000004447,CADCWE,IV 833755737,Christina Owen,False
1000000004448,OJNADL,WY 116531264,Wayne Gonzalez,True
1000000004449,OJNADL,NP 570571715,Lisa Wallace,False
1000000004450,OJNADL,NV 335625501,Joshua Odonnell,True
1000000004451,FRNJUE,BQ 034113732,Elizabeth Hodges,False
1000000004452,CLQXYR,ZO 738226068,Bethany Johnson,False
1000000004453,CLQXYR,ZS 663070996,Virginia Dominguez,True
1000000004454,QFIOOL,KN 998756819,Kimberly Lang,True
1000000004455,QFIOOL,HM 110298493,Evelyn Harrington,False
1000000004456,QFIOOL,VZ 753296948,Robert Sanchez,False
1000000004457,JNPDOH,MS 130653323,Michael Martinez,True
1000000004458,JNPDOH,FV 118664115,Susan Burch,True
1000000004459,JNPDOH,ME 465923965,Ronald Rowe,False
1000000004460,PCLRGC,AC 800470322,Jessica Smith,True
1000000004461,LUCJTO,PH 843913497,Samantha Gordon,False
1000000004462,LUCJTO,TA 388893129,Samantha Rasmussen,False
1000000004463,LUCJTO,QN 823616010,Shawn Nelson,False
1000000004464,DTQQBR,GX 893821210,Brittany Mcneil,False
1000000004465,WITCMP,RO 097849704,Abigail Perry,True
1000000004466,WGEGCH,VM 766310094,Andrew Kim,True
1000000004467,WGEGCH,FQ 422365327,Nicholas Tyler,False
1000000004468,WGEGCH,XC 507623327,Karen Benson,True
1000000004469,GEPNUK,AZ 483174936,Denise Parker,False
1000000004470,GEPNUK,EX 630737225,Jennifer Graham DDS,False
1000000004471,XRAEPB,IG 917013898,Kerry Powell,False
1000000004472,SJBUMY,IN 882233586,Keith Colon,False
1000000004473,XVAPXE,QO 342264101,Scott Douglas,False
1000000004474,XVAPXE,UW 056657760,Robert Lee,True
1000000004475,SNBKXC,TP 174342108,Mark Hernandez,True
1000000004476,SNBKXC,YB 390316964,Kimberly Hunt DDS,False
1000000004477,SNBKXC,BQ 687485117,Alexandra Farley,True
1000000004478,SJLBGM,BT 247685976,Michelle Simmons,False
1000000004479,NZUGTX,AN 590282774,Kristy Gillespie,False
1000000004480,VGYLTW,ZC 254576344,Diana Espinoza,True
1000000004481,NYLCQU,EP 137683528,Yolanda Williams,True
1000000004482,JYWPFE,VZ 465352170,Mr. Christopher Mullins,True
1000000004483,OKGKOJ,MC 779830020,Karen Gray,False
1000000004484,UAIUHH,ML 779001215,Curtis Knapp,True
1000000004485,ZDMEQH,HJ 995550627,Joshua Brown,False
1000000004486,HCURMK,UY 854480667,James Jones,False
1000000004487,SPVPZX,ZU 906516512,Walter Taylor,False
1000000004488,SPVPZX,JP 370421415,Danielle Alvarez,True
1000000004489,SPVPZX,WD 870009854,Jessica Solis,False
1000000004490,XODUVH,TP 763381235,Kyle Shaffer,True
1000000004491,XODUVH,IO 606203760,Tracy Delgado,True
1000000004492,SPCUAX,BM 373668031,Lorraine Johnson,False
1000000004493,FWJGEX,LW 904660055,Jessica Cole,True
1000000004494,PEMOCY,XN 934499161,Austin Riley,True
1000000004495,PEMOCY,TX 826225557,Richard Gonzales,False
1000000004496,AOKIIP,OR 089066036,Thomas Ball,True
1000000004497,XARLQI,YM 616931333,Matthew Mckinney,False
1000000004498,MQYSVU,XY 043326444,Riley Thompson,True
1000000004499,HFAAGJ,UN 461528681,Jennifer Richards,True
1000000004500,KFOXML,BB 079491790,Jason Turner,True
1000000004501,DAKHAQ,HU 125706029,Wendy Madden,True
1000000004502,DAKHAQ,MZ 971470675,Charles Durham,True
1000000004503,WJTEVG,TY 002197976,Amanda Patton,False
1000000004504,WJTEVG,TB 860165612,Adriana Collins,True
1000000004505,ICBBSK,LY 512516280,Gary Bright,False
1000000004506,EIGHYB,FH 422847469,Rachel Ochoa,True
1000000004507,WIZSJP,OV 819480446,Bryan Henderson,False
1000000004508,TSHVVL,GI 272917141,Tonya Cardenas,False
1000000004509,TSHVVL,OO 588841936,Christopher Williams,True
1000000004510,TSHVVL,GE 313494607,Caroline Mccoy,True
1000000004511,MNGUCE,NN 219385222,Caitlin Morgan,True
1000000004512,VWCAOC,QN 311547970,Austin Donovan,False
1000000004513,VWCAOC,LV 831206053,Melissa Tate,False
1000000004514,VBSWES,ID 284512993,Emily Todd,True
1000000004515,VBSWES,AR 107491487,Tammie Nelson,True
1000000004516,IULUXL,OM 920188706,Daniel Wiley,True
1000000004517,GFJALL,BF 924011628,Kimberly Hernandez,True
1000000004518,GFJALL,DF 732819750,Kimberly Johnson,False
1000000004519,XRPDYU,XO 906650565,Jonathan Greer,False
1000000004520,XRPDYU,CU 267161727,Steven Johnson,True
1000000004521,CLGULR,LH 543161186,Leslie Knight,False
1000000004522,XGOTFV,BS 218592930,Douglas Klein,True
1000000004523,XGOTFV,AX 946897616,Denise Thomas,True
1000000004524,XGOTFV,JS 010920737,Joseph Ford,True
1000000004525,DKHHLG,MQ 719557290,Frank Barnett,False
1000000004526,DKHHLG,KW 517673727,David Barnes,False
1000000004527,BSUYUW,QC 359312151,Rebecca Johnson,False
1000000004528,LJCVUN,NR 299824861,Kyle Munoz,True
1000000004529,LJCVUN,DR 807710912,Aaron Andrade,False
1000000004530,LJCVUN,QT 387959638,Glenn Chambers,True
1000000004531,BHRKNU,AM 681966230,Gabriel Hill,True
1000000004532,GWSKHS,UY 570815180,Crystal Gonzalez,True
1000000004533,GWSKHS,QX 368261446,Shawn Fernandez,False
1000000004534,GWSKHS,TC 310026689,Tonya West,True
1000000004535,RFCOKS,IN 714891255,Todd Wells,False
1000000004536,RFCOKS,QU 979447401,Jared Harris,True
1000000004537,QMWGOQ,VX 684927254,Kristen Gutierrez,False
1000000004538,RJGNJG,IK 240230891,Joseph Franco,True
1000000004539,RJGNJG,KT 971501023,Nichole Campbell,True
1000000004540,RJGNJG,UQ 900940177,Matthew Chambers,False
1000000004541,WKBMCI,LT 832495110,Susan Bradley,False
1000000004542,IZMAFB,OY 024911699,Michael Page,False
1000000004543,IZMAFB,MN 776297467,Jim Grant,True
1000000004544,XNSKBU,YB 178219279,Melissa Murray,True
1000000004545,XNSKBU,QC 464287345,Amy Yang,True
1000000004546,CHIDSH,UN 873111354,Cheryl Hooper,True
1000000004547,CHIDSH,HV 564431328,Justin Harrison,True
1000000004548,TTHCBF,AH 823329046,James Harris,False
1000000004549,QFIRUQ,GE 740724801,Jasmin Leblanc,True
1000000004550,HWZFVY,FC 790848152,Lisa Garcia,True
1000000004551,HWZFVY,LC 275073613,Andrea Navarro,False
1000000004552,OUEUKG,ZD 322362819,Robert Combs,True
1000000004553,OUEUKG,ZW 113073661,Taylor Miller,True
1000000004554,VRDOVG,YL 197969781,Michele Ellis,False
1000000004555,RXETSU,DC 168265970,John Todd,True
1000000004556,CBGTYH,ZC 127121519,Christopher Downs,False
1000000004557,CBGTYH,KN 627316734,Tina Lawson,True
1000000004558,UMJQOC,TI 786178405,Ryan Thomas,False
1000000004559,OOAPIL,AG 061268737,William Rodriguez,False
1000000004560,OOAPIL,JZ 877158927,Luke York,False
1000000004561,YORMQE,UQ 983399197,Nicholas Mcdaniel,False
1000000004562,YORMQE,AL 421511261,Jennifer Fisher,True
1000000004563,JFLUFS,ZJ 277565399,Misty Rose,False
1000000004564,IMOFHU,CN 732642667,Vanessa Patterson,True
1000000004565,VNABEF,DE 352794340,Dennis Anderson,False
1000000004566,VNABEF,BP 766478486,Stephanie Sullivan,True
1000000004567,JNNTLC,SF 310666029,David Cordova,False
1000000004568,JNNTLC,AZ 560990148,Eric Wilson,True
1000000004569,ASQNYO,KO 595036326,Amy Patterson,False
1000000004570,LPOWEH,RY 432260278,Alex Osborn,True
1000000004571,QLTOSQ,HE 068375945,Tammy Campbell,False
1000000004572,QLTOSQ,AC 071056400,Amy Thomas,False
1000000004573,FFYOZM,GU 795240874,Ashley Warren,True
1000000004574,WIESGO,YO 507576449,Mary Huff,False
1000000004575,HWWSAC,SX 481964240,Ricardo White,True
1000000004576,UPQBHL,BR 191600222,Jacob Garner,False
1000000004577,DUQHWS,RT 799266243,Erin Joseph,False
1000000004578,ZTIXEZ,UP 814808965,Anne Ford,True
1000000004579,FMARPB,WX 921193687,Janet Evans,True
1000000004580,SRGNYA,EZ 287670444,William Jackson,True
1000000004581,DJXUQR,AI 139040808,James Phillips,True
1000000004582,UAZZCB,LN 355714270,Kelly Lang,False
1000000004583,UAZZCB,US 125953532,Linda Acosta,True
1000000004584,ZQDRFU,AT 206856609,Scott Perry,False
1000000004585,OVOCTC,JY 111120150,Joshua Pope,True
1000000004586,OVOCTC,TW 542771410,Brandon Castaneda,False
1000000004587,AOKKIN,SU 468809049,Joseph Ruiz,False
1000000004588,XOHNNV,JX 185464137,Alexander Padilla,False
1000000004589,IMIBUB,GC 144886366,Ashley Jackson,True
1000000004590,IMIBUB,ZW 859975265,Evan Adams,False
1000000004591,IMIBUB,BC 443290811,Rodney Reed Jr.,True
1000000004592,ZYFXTV,UY 939561361,Linda Jenkins,True
1000000004593,WXXJEP,NG 749212096,Steven Smith,True
1000000004594,DHNXIM,IS 775715556,Amanda Steele,True
1000000004595,DHNXIM,NS 469145785,Michael Crawford,True
1000000004596,DHNXIM,XD 519809599,Mary Smith,False
1000000004597,KIZTOS,XP 266251031,Alan Lewis,True
1000000004598,ZKXVAN,VA 302467769,John Johnson,False
1000000004599,JUPACB,AE 064108091,Kristen Vincent,False
1000000004600,JUPACB,VO 672248551,Stephanie Mendez,True
1000000004601,WHGGZY,FO 491710035,Todd Scott,False
1000000004602,WHGGZY,DB 349437475,Stephen Perez,True
1000000004603,FCKSTB,PR 399286369,Steven Rosario,False
1000000004604,FCKSTB,WD 115256416,Crystal Mcgrath,True
1000000004605,FCKSTB,GR 305406965,Ryan Lewis,False
1000000004606,OOXSPC,DL 272563930,Janice Savage,False
1000000004607,RVHYYP,BF 411771553,Brittany Maldonado,True
1000000004608,ZIVRFE,VM 211521926,Michael Leon,False
1000000004609,EGUTWU,OF 707399551,Jennifer Lane,False
1000000004610,EGUTWU,GJ 868863594,David Atkinson,True
1000000004611,ABAVIM,MZ 567453770,Michael Kennedy,True
1000000004612,JGVLYZ,EX 385160312,Christopher Richardson,True
1000000004613,MMTYUB,ET 381454032,Angela Baker,True
1000000004614,GVBTRD,NL 225592271,Grant Hamilton,True
1000000004615,MGQPKE,MI 114862978,Alexandra Turner,False
1000000004616,MGQPKE,SA 812916604,Stacie Morris,False
1000000004617,YSBFOA,EE 098936870,Sheena Trujillo,True
1000000004618,JRESSI,QR 847440005,Trevor Benson,False
1000000004619,JRESSI,CK 222649232,Maria Mccann,True
1000000004620,GPYBFU,PR 503893476,Eric Parks,True
1000000004621,ZXWITG,OA 325377422,Lauren White,True
1000000004622,COKBZX,YC 435145462,Amy Roberts,True
1000000004623,COKBZX,KW 558859918,Darryl Clements,False
1000000004624,COKBZX,TM 744995853,Colleen Adams,False
1000000004625,OCXEKG,XB 130832121,Robyn Martinez,True
1000000004626,PTVJZO,OB 762519731,Thomas Juarez,True
1000000004627,FGJKNF,AD 331265281,Mark Burke,True
1000000004628,LPFJZN,HS 988871054,Diane Castaneda,True
1000000004629,LPFJZN,PE 800866658,Richard Brennan,True
1000000004630,EHUKWO,XB 622339364,Daniel Wright,False
1000000004631,DXFQAT,HX 659205488,Debra Frazier,True
1000000004632,VVJCUS,KA 791629077,Steven Hernandez,False
1000000004633,VVJCUS,VY 209966272,Holly Clark,True
1000000004634,VVJCUS,KI 008407588,Adam Taylor,True
1000000004635,KMAARS,EG 599317858,Cameron Edwards,False
1000000004636,KMAARS,AR 053867677,Tara Harris,True
1000000004637,KMAARS,AC 379672803,John Soto,False
1000000004638,NWJYFI,VE 994650123,Michelle Andrews,True
1000000004639,NWJYFI,BJ 949708340,Tina Gonzalez,False
1000000004640,NWJYFI,OS 644148777,Marcus Lowe,True
1000000004641,FUPPUD,HT 883680898,Nicholas Hill,False
1000000004642,FUPPUD,WW 079644817,Laurie Lee,True
1000000004643,FUPPUD,BW 391255250,Robin Conley,True
1000000004644,TEGJVU,DM 737602787,Amber Johnston,True
1000000004645,FGBSEY,IG 158363039,Danielle Ware,True
1000000004646,FGBSEY,HP 743604898,Kelly Grimes,False
1000000004647,IWAKHV,EI 175060947,Chad Dunn,False
1000000004648,HKMCHC,KK 695131914,Kelly Craig,True
1000000004649,BFKOZH,YE 746863864,Zachary Osborne,True
1000000004650,FIVJAZ,BU 127794917,Wayne Bryant,True
1000000004651,FIVJAZ,EC 988239162,Erica Hunt,True
1000000004652,ASHBSU,RP 185623338,Brian Moses,True
1000000004653,ASHBSU,HU 037247094,Jonathan Carpenter,True
1000000004654,RRHUNX,MW 074552900,Heather Miller,True
1000000004655,KPKJSH,PZ 570839226,Caroline Smith,False
1000000004656,RNZNTX,RX 783716429,Teresa Harris,True
1000000004657,HMQEDN,RA 579812331,Ashlee Mccoy,True
1000000004658,VVUIKH,BK 992563114,Samantha Williams,False
1000000004659,TEAUAL,FI 804027617,Hannah Holder,False
1000000004660,JEEATS,IQ 893323454,Caroline Vazquez,False
1000000004661,MMSGID,KE 177816214,Nicholas Caldwell,False
1000000004662,VGDNDM,UD 076214163,Matthew Morgan,True
1000000004663,VGDNDM,UV 061141064,Amy Lopez,False
1000000004664,KEWOJO,GM 941244516,Charlotte Johnson,False
1000000004665,WOAMRS,PZ 709238798,Jason Wright,False
1000000004666,BLUTXN,NT 367709895,Lori Jackson,True
1000000004667,BLUTXN,XW 135881215,Mrs. Patricia Crawford,True
1000000004668,XZQJIP,WG 993087130,Whitney Baker,False
1000000004669,QMELJG,DL 041121261,Shannon Mills,True
1000000004670,QMELJG,EC 102967469,Margaret Coleman,True
1000000004671,UNRLQK,XX 316393483,Cheryl Duncan,True
1000000004672,UNRLQK,AS 747177155,Kenneth Weaver,False
1000000004673,GIZHLP,OG 224696318,Melissa King,False
1000000004674,GIZHLP,DM 099326343,Joseph Austin,False
1000000004675,XYVKXL,XN 824015217,Christopher Hess,True
1000000004676,XYVKXL,QK 973324715,Amber Hopkins,False
1000000004677,XYVKXL,GW 999673903,Travis Travis,False
1000000004678,MRZVNQ,PY 818858407,Jeremy Thompson,False
1000000004679,ENKAYO,TD 857346986,Crystal Armstrong,True
1000000004680,ENKAYO,UX 015422709,Joshua Wheeler,False
1000000004681,NFZNJJ,DJ 200536889,Jesse Pearson,True
1000000004682,KEAUED,CS 382018776,Denise Edwards,False
1000000004683,KEAUED,SF 411530912,Shaun Duncan,True
1000000004684,IGZCBQ,RD 662062724,Renee Lee,True
1000000004685,IGZCBQ,OL 674507162,Samantha Perkins,True
1000000004686,EUTGWH,HK 555757681,Steven Anderson,False
1000000004687,EUTGWH,EZ 565553040,Sara Johnson,False
1000000004688,PJZYXY,TN 387270759,Christina Blackwell,False
1000000004689,PJZYXY,SJ 423844823,Manuel Li,False
1000000004690,PJZYXY,BH 106378118,Alexandria Manning,True
1000000004691,TEWTHU,JS 954345712,Rhonda Stephens,False
1000000004692,HFMNKO,KM 058870491,Daniel Hunter,False
1000000004693,HFMNKO,AI 233519509,Kimberly Murray,True
1000000004694,RTJBJC,NC 593898333,David Nelson,True
1000000004695,FSYQRH,HM 358058299,Katelyn Barnett,False
1000000004696,FSYQRH,VA 488059515,Laura Gordon,False
1000000004697,JBPWLB,DC 273006364,Jamie Anderson DVM,False
1000000004698,XDXQWU,NS 280489192,Joseph Brown,True
1000000004699,XDXQWU,XC 377993804,Debra Henderson,True
1000000004700,BNNJMY,VF 376049191,Ashley Larsen,True
1000000004701,XLVAMC,FV 797310802,Julie Hartman,False
1000000004702,XLVAMC,PJ 255784190,Darren Henderson,False
1000000004703,XHMALT,EA 886918660,Benjamin Robinson,False
1000000004704,XHMALT,VG 957241685,Elizabeth Vazquez,True
1000000004705,VGXQGA,AX 369810534,Mallory Bell,False
1000000004706,MRCPRP,YO 230810799,Jonathan Mitchell,True
1000000004707,MRCPRP,PU 390726745,Jared Jones,False
1000000004708,EZCSTQ,GU 999178027,James Stewart,True
1000000004709,RODKBT,YJ 226386171,Charles Young,False
1000000004710,EMODFL,JT 358178105,Peter Kelley,False
1000000004711,EVPWIZ,PX 783542113,Erica Lopez,True
1000000004712,EVPWIZ,KF 144400579,Kara Conner,True
1000000004713,GCXBNT,TB 522791107,Elizabeth Miller,False
1000000004714,JTVLIF,PK 302006865,Timothy Sullivan,False
1000000004715,JTVLIF,HS 042247042,Anthony Taylor,False
1000000004716,AHDCOT,PJ 367245089,Emily Gay,False
1000000004717,DUGIRM,MT 875219326,Sarah Rice,False
1000000004718,PNVBVR,PV 029120976,James Robinson,False
1000000004719,PNVBVR,DL 178620892,Cindy Howard,True
1000000004720,UTKLUX,ZG 329480742,Lisa King,True
1000000004721,HAQZAQ,PE 177547503,Barbara Bell,True
1000000004722,HAQZAQ,QM 815736640,Stacey Trujillo DVM,False
1000000004723,HAQZAQ,UD 003908197,Kristin Wilson,False
1000000004724,QDEMWG,VA 954408888,Jessica Morgan,True
1000000004725,QDEMWG,JI 930418084,John Jones,True
1000000004726,JURFLC,OI 462087384,Jennifer Marquez,True
1000000004727,JURFLC,PG 439768252,Jacob Myers,True
1000000004728,JURFLC,PY 329955755,Randall Kennedy,True
1000000004729,CRMMSG,PI 541390744,Crystal Johnson,False
1000000004730,ALOVAT,QO 022212370,Laura Vaughn,False
1000000004731,ALOVAT,DO 888970260,Robert Steele,False
1000000004732,RJWHVD,ER 108410697,Antonio Bradford,True
1000000004733,RJWHVD,JH 386377364,Gabrielle English,False
1000000004734,KSFKDF,FC 722804369,George Hays,False
1000000004735,KSFKDF,HD 380869191,Elizabeth Wall,True
1000000004736,HFLUFL,BQ 455275370,Kimberly Blankenship,True
1000000004737,ULOBXK,ZM 336286411,Sydney Thompson,False
1000000004738,ULOBXK,ZP 893136490,John Williams,False
1000000004739,YANOXD,BE 889729319,Garrett Jones,True
1000000004740,FUPTRP,BO 540574487,Bradley Bailey,False
1000000004741,FUPTRP,LP 174749079,Angelica Prince,True
1000000004742,FUPTRP,JZ 736230576,Jacob Young,True
1000000004743,MVWVIT,LT 669318585,Michele Murray,True
1000000004744,DYTSLR,FS 539563948,Teresa Graham,True
1000000004745,DYTSLR,AO 909342692,David Chandler,False
1000000004746,IKUAOM,NY 304105458,Elizabeth Evans,True
1000000004747,IKUAOM,BY 728675668,Kyle Walsh,False
1000000004748,RMLSQS,WU 710717806,Eric Horton DDS,True
1000000004749,CQFFWL,JA 223146420,Carolyn Turner,True
1000000004750,XWXPHC,OX 966758134,Jennifer Mayo,False
1000000004751,XWXPHC,CJ 762369663,Devin Hurley,True
1000000004752,XWXPHC,DQ 045977674,Jessica White,True
1000000004753,ORKCLY,BV 925191155,Suzanne Johnson,False
1000000004754,JIKNSB,AX 278136248,Rebecca Thompson,False
1000000004755,WPZRYS,OD 933839502,Jessica Harrison,True
1000000004756,NVSGJV,SM 631413503,Tonya Ashley,False
1000000004757,YRFGXN,FF 412011906,William Edwards,False
1000000004758,YRFGXN,IU 374761155,Jason Flores,False
1000000004759,QNDQCH,WJ 384008110,Tyler Juarez,False
1000000004760,QNDQCH,YW 766786198,Dennis Estrada,False
1000000004761,HQOLEI,FC 310747603,Mrs. Christina Black DDS,False
1000000004762,DLUXKY,KE 339641441,Jimmy Brewer,True
1000000004763,DLUXKY,MR 988027209,Jaclyn Velasquez,True
1000000004764,QLCUSG,FT 209875546,Christopher Diaz,False
1000000004765,OWAKAE,CM 870128087,Dustin Gomez,True
1000000004766,OWAKAE,MD 638610108,Timothy Beard,True
1000000004767,VVPGLW,IA 278005608,Cory Goodwin,True
1000000004768,TKDILW,QQ 419628419,Justin Keller,False
1000000004769,BCZNDL,KU 579232183,James Johnson,False
1000000004770,BCZNDL,MW 893356241,Dr. Stephen Cooper,False
1000000004771,KSBUZE,XJ 318927869,Steven Peters,False
1000000004772,PQUXMV,IH 967379956,Jennifer Harrison,True
1000000004773,PQUXMV,HE 966521634,Monica Holmes,True
1000000004774,PQUXMV,ZI 801051184,Sabrina Curry,False
1000000004775,ERZTCO,LU 102205835,Regina Leblanc,False
1000000004776,ERZTCO,LC 835262738,Patricia Mills,False
1000000004777,WGGABX,UP 706250917,Ronald Graham,True
1000000004778,WGGABX,PK 198095606,Shelby Bonilla,True
1000000004779,RKZLBK,WK 367365401,Misty Sanchez,True
1000000004780,RKZLBK,EF 202722163,Karen Wilson MD,False
1000000004781,GKTMSH,BM 938927334,Michael Davis,True
1000000004782,GKTMSH,QJ 469232662,Kimberly Sanchez,False
1000000004783,MKWIIQ,BN 663907426,Leslie Brennan,False
1000000004784,MKWIIQ,OX 228002370,Timothy Hanson,True
1000000004785,VYDFTY,YH 093141733,Meghan Cline,True
1000000004786,XJZWDZ,FS 189454975,Kevin Harris,False
1000000004787,KDAQJM,DT 858972506,Sherry Moore,True
1000000004788,KDAQJM,ZT 370903134,Charles Camacho,True
1000000004789,KDAQJM,SI 153395833,Darren Smith,True
1000000004790,LTTFLP,NO 901281848,Jessica Williams,False
1000000004791,NBFUPJ,PM 030067991,Elizabeth Burke,True
1000000004792,RJXXAE,EI 065612174,Justin Williams,False
1000000004793,KWGEJR,AY 887727538,Mrs. Christy Sweeney DVM,False
1000000004794,KWGEJR,RN 734218089,Melissa Zimmerman,True
1000000004795,KWGEJR,RO 237995342,Thomas Jacobs,False
1000000004796,ZSNEQY,WL 073526756,Erin Sullivan,False
1000000004797,DTPWGY,BR 805303610,Teresa Sherman,True
1000000004798,DTPWGY,CN 510019950,Teresa Huynh,False
1000000004799,IUWIZX,ZI 646271675,Kristin Harrison,True
1000000004800,USRUBM,QL 541572397,Heather Sanchez,True
1000000004801,USRUBM,WT 589199597,John Campbell,True
1000000004802,ZIEWFQ,LP 465631603,Gabriel Andrews,True
1000000004803,VLBOML,IB 489789417,Kristen Lawrence,True
1000000004804,VLBOML,TM 882808231,Melissa Kelly,False
