ticket_no,flight_id,fare_conditions,price,seat_no,boarding_no,boarding_time
1000000000000,160,Economy,8522.02,45E,1.0,2025-03-29 18:51:00
1000000000001,735,Business,36970.69,,,
1000000000002,456,Economy,5145.47,,,
1000000000002,13,Economy,3414.06,18C,1.0,2025-01-25 02:01:00
1000000000003,116,Economy,3399.07,,,
1000000000004,156,Comfort,14569.1,,,
1000000000004,28,Comfort,13480.37,18C,1.0,2025-10-09 02:03:00
1000000000005,275,Economy,7811.19,108B,1.0,2025-10-09 19:01:00
1000000000006,771,Economy,8019.25,,,
1000000000007,391,Economy,7634.89,42B,1.0,2025-10-17 02:16:00
1000000000008,511,Economy,6647.89,47C,1.0,2025-07-27 17:29:00
1000000000009,873,Economy,6901.66,,,
1000000000010,293,Comfort,14890.37,,,
1000000000011,25,Economy,4908.07,,,
1000000000012,582,Economy,2837.99,10C,1.0,2025-01-05 06:22:00
1000000000013,379,Comfort,7842.24,19C,1.0,2025-07-03 14:58:00
1000000000014,845,Economy,8284.99,1A,1.0,2025-10-09 04:31:00
1000000000015,340,Economy,3213.21,62E,1.0,2025-03-10 18:48:00
1000000000016,726,Economy,8205.54,44C,1.0,2025-08-09 04:33:00
1000000000016,658,Economy,6251.0,10A,1.0,2025-12-05 21:19:00
1000000000017,70,Economy,2899.33,46D,1.0,2025-08-04 07:32:00
1000000000018,395,Comfort,10059.37,47B,1.0,2025-01-18 07:58:00
1000000000019,650,Economy,4283.86,,,
1000000000020,489,Economy,4578.17,37D,1.0,2025-05-04 19:49:00
1000000000021,640,Economy,3170.21,,,
1000000000022,326,Economy,5407.96,83F,1.0,2025-10-29 21:13:00
1000000000023,37,Economy,8526.42,10C,1.0,2025-05-26 05:06:00
1000000000024,810,Economy,8333.48,39E,1.0,2025-11-10 05:39:00
1000000000024,673,Economy,5333.55,,,
1000000000025,529,Business,34093.2,,,
1000000000026,433,Economy,6213.36,,,
1000000000026,116,Comfort,10468.42,,,
1000000000027,754,Economy,3812.77,,,
1000000000028,424,Economy,8153.6,,,
1000000000029,886,Economy,8863.77,43C,1.0,2025-06-02 14:38:00
1000000000029,29,Economy,4817.49,,,
1000000000030,603,Economy,4626.47,34A,1.0,2025-04-29 16:16:00
1000000000031,374,Business,59432.5,,,
1000000000032,608,Comfort,11582.62,13C,1.0,2025-01-01 22:20:00
1000000000033,676,Economy,5542.81,49A,1.0,2025-07-18 20:39:00
1000000000034,45,Economy,4646.63,26A,1.0,2025-07-30 20:01:00
1000000000035,497,Economy,3852.11,,,
1000000000036,796,Economy,7626.51,,,
1000000000036,208,Economy,3524.34,68C,1.0,2025-06-08 12:03:00
1000000000037,394,Economy,6141.14,21A,1.0,2025-07-13 10:57:00
1000000000038,72,Economy,7771.54,,,
1000000000039,169,Economy,5866.08,28E,1.0,2025-02-13 15:01:00
1000000000039,328,Economy,4050.6,72C,1.0,2025-05-17 14:41:00
1000000000040,8,Business,56573.6,,,
1000000000040,549,Economy,7193.39,3A,1.0,2025-05-28 01:27:00
1000000000041,230,Comfort,14601.5,38B,1.0,2025-07-14 02:55:00
1000000000041,569,Economy,8479.05,,,
1000000000042,119,Comfort,11511.36,34D,1.0,2025-08-25 19:30:00
1000000000042,124,Economy,7261.17,45D,1.0,2025-12-14 21:51:00
1000000000043,204,Comfort,7553.31,36D,1.0,2025-12-22 14:45:00
1000000000043,2,Economy,2812.32,,,
1000000000044,879,Economy,3757.5,,,
1000000000045,501,Economy,6905.77,,,
1000000000046,757,Economy,8016.98,,,
1000000000047,458,Business,19227.1,62C,1.0,2025-06-09 23:40:00
1000000000048,597,Economy,3204.19,,,
1000000000049,625,Economy,7517.22,33B,1.0,2025-10-03 04:57:00
1000000000050,42,Economy,7202.29,,,
1000000000051,876,Economy,4369.22,,,
1000000000052,18,Economy,4883.2,,,
1000000000053,844,Comfort,15504.79,,,
1000000000054,389,Economy,3775.8,37B,1.0,2025-07-02 06:30:00
1000000000054,699,Business,23203.45,,,
1000000000055,594,Comfort,9194.9,4A,1.0,2025-06-15 22:27:00
1000000000055,78,Economy,7006.32,63A,1.0,2025-09-05 13:54:00
1000000000056,781,Economy,5703.47,,,
1000000000057,118,Economy,8640.45,,,
1000000000058,719,Economy,2950.08,,,
1000000000059,156,Economy,5775.48,,,
1000000000059,430,Economy,4766.22,,,
1000000000060,214,Economy,7990.52,14D,1.0,2025-11-23 23:27:00
1000000000061,875,Economy,4378.65,,,
1000000000061,209,Economy,3845.6,70F,1.0,2025-08-27 20:59:00
1000000000062,111,Economy,5118.98,,,
1000000000063,838,Economy,4076.03,,,
1000000000064,518,Business,32430.24,,,
1000000000064,424,Economy,7906.4,,,
1000000000065,24,Economy,8625.67,,,
1000000000065,898,Business,46170.3,,,
1000000000066,418,Economy,7561.42,9A,1.0,2025-07-04 21:16:00
1000000000066,434,Economy,4664.97,,,
1000000000067,607,Business,37412.7,17A,1.0,2025-10-16 16:18:00
1000000000067,171,Economy,7770.49,45C,1.0,2025-06-18 03:07:00
1000000000068,401,Economy,3061.34,,,
1000000000069,387,Comfort,9876.67,,,
1000000000070,573,Comfort,9518.23,9A,1.0,2025-10-04 07:22:00
1000000000071,411,Economy,2870.63,,,
1000000000071,668,Economy,7215.69,,,
1000000000072,328,Comfort,15186.19,58D,2.0,2025-05-17 15:15:00
1000000000072,431,Comfort,7804.68,,,
1000000000073,740,Economy,2840.7,20A,1.0,2025-03-03 20:25:00
1000000000074,455,Economy,7226.27,13F,1.0,2025-08-04 18:47:00
1000000000075,178,Economy,8664.31,,,
1000000000075,540,Economy,8686.96,,,
1000000000076,557,Comfort,12401.23,44A,1.0,2025-08-30 19:04:00
1000000000077,236,Economy,4206.33,,,
1000000000078,455,Economy,3075.38,16B,2.0,2025-08-04 19:05:00
1000000000079,659,Economy,7627.65,22A,1.0,2025-07-08 11:23:00
1000000000080,691,Economy,2934.07,,,
1000000000080,651,Comfort,14786.95,,,
1000000000081,799,Economy,7033.15,55B,1.0,2025-06-15 09:12:00
1000000000082,893,Business,24912.96,6C,1.0,2025-04-04 11:36:00
1000000000082,356,Business,45639.63,,,
1000000000083,691,Economy,2554.39,,,
1000000000083,799,Economy,5731.77,42D,2.0,2025-06-15 09:13:00
1000000000084,298,Business,19259.9,,,
1000000000085,128,Economy,3409.55,78C,1.0,2025-12-13 22:56:00
1000000000086,418,Economy,4813.86,2C,2.0,2025-07-04 21:42:00
1000000000087,498,Economy,6985.51,26A,1.0,2025-12-18 07:35:00
1000000000088,408,Comfort,8127.39,78D,1.0,2025-11-01 07:01:00
1000000000089,222,Business,34459.9,,,
1000000000089,419,Economy,6821.21,31B,1.0,2025-07-10 15:22:00
1000000000090,671,Economy,7543.59,,,
1000000000091,471,Business,22735.39,,,
1000000000092,436,Economy,5385.05,,,
1000000000093,528,Economy,6970.61,36E,1.0,2025-09-30 14:50:00
1000000000093,12,Economy,5068.63,,,
1000000000094,174,Economy,6665.35,21E,1.0,2025-07-04 23:02:00
1000000000094,192,Business,15030.41,47B,1.0,2025-11-26 04:55:00
1000000000095,580,Economy,4602.48,82A,1.0,2025-03-11 07:39:00
1000000000095,549,Economy,3489.91,53D,2.0,2025-05-28 01:22:00
1000000000096,26,Economy,3721.75,,,
1000000000097,760,Economy,4561.07,,,
1000000000098,728,Economy,5365.31,49B,1.0,2025-07-19 07:06:00
1000000000098,298,Economy,6084.33,,,
1000000000099,72,Business,21258.38,,,
1000000000100,884,Comfort,10158.27,,,
1000000000100,361,Economy,5963.7,6A,1.0,2025-10-30 14:41:00
1000000000101,316,Economy,2864.54,53A,1.0,2025-06-10 19:20:00
1000000000101,539,Economy,6422.55,54C,1.0,2025-02-10 18:06:00
1000000000102,654,Economy,8661.31,39F,1.0,2025-09-12 13:38:00
1000000000103,475,Business,43190.67,5A,1.0,2025-06-10 21:37:00
1000000000104,19,Economy,7252.06,34A,1.0,2025-09-06 01:12:00
1000000000105,66,Economy,5044.26,,,
1000000000106,506,Economy,6215.53,6C,1.0,2025-06-12 14:34:00
1000000000107,616,Economy,8970.51,19B,1.0,2025-12-24 06:26:00
1000000000108,418,Economy,3273.93,19B,3.0,2025-07-04 21:53:00
1000000000108,620,Economy,8261.83,,,
1000000000109,511,Economy,2628.78,18A,2.0,2025-07-27 17:22:00
1000000000110,395,Economy,3402.8,77F,2.0,2025-01-18 07:43:00
1000000000110,667,Economy,5552.23,109F,1.0,2025-06-23 20:49:00
1000000000111,715,Economy,8246.84,22A,1.0,2025-06-04 14:44:00
1000000000111,829,Comfort,13863.76,,,
1000000000112,680,Business,31536.54,,,
1000000000113,796,Business,26507.05,,,
1000000000114,556,Comfort,10256.98,28F,1.0,2025-04-18 11:08:00
1000000000114,505,Business,24849.14,,,
1000000000115,68,Economy,6759.56,,,
1000000000116,550,Comfort,10185.42,18B,1.0,2025-07-01 05:45:00
1000000000116,679,Economy,8171.78,,,
1000000000117,806,Economy,7319.16,,,
1000000000118,362,Economy,8640.55,20E,1.0,2025-04-30 16:50:00
1000000000119,853,Economy,8861.14,,,
1000000000119,507,Comfort,11658.27,,,
1000000000120,31,Comfort,14302.64,,,
1000000000121,538,Economy,8508.03,,,
1000000000122,298,Economy,8244.84,,,
1000000000122,250,Economy,7727.18,40F,1.0,2025-10-03 20:23:00
1000000000123,893,Business,34378.06,20A,2.0,2025-04-04 10:57:00
1000000000124,33,Economy,7206.39,30E,1.0,2025-12-12 06:45:00
1000000000124,365,Comfort,10250.6,22E,1.0,2025-02-13 17:36:00
1000000000125,545,Economy,5512.63,,,
1000000000126,9,Economy,4322.37,84E,1.0,2025-07-14 07:30:00
1000000000126,53,Economy,7030.13,,,
1000000000127,757,Economy,3422.21,,,
1000000000128,323,Economy,8493.56,21D,1.0,2025-09-19 02:40:00
1000000000128,277,Economy,8514.94,17A,1.0,2025-12-08 23:47:00
1000000000129,573,Business,19947.24,3A,2.0,2025-10-04 08:09:00
1000000000130,652,Economy,8950.97,,,
1000000000131,190,Business,19239.6,,,
1000000000132,233,Comfort,8253.42,,,
1000000000133,272,Comfort,13179.98,,,
1000000000134,845,Economy,5694.56,54B,2.0,2025-10-09 04:16:00
1000000000135,739,Economy,3153.71,,,
1000000000136,673,Economy,2689.75,,,
1000000000137,171,Economy,8251.98,25D,2.0,2025-06-18 03:06:00
1000000000137,411,Economy,7963.2,,,
1000000000138,188,Comfort,10095.51,,,
1000000000139,537,Economy,3952.39,39C,1.0,2025-09-18 11:00:00
1000000000140,359,Economy,8704.64,44C,1.0,2025-07-25 01:30:00
1000000000140,357,Business,50918.38,,,
1000000000141,641,Economy,4607.16,,,
1000000000141,83,Economy,6826.15,,,
1000000000142,353,Economy,7412.69,,,
1000000000142,849,Economy,5449.41,,,
1000000000143,784,Economy,5580.39,,,
1000000000144,111,Economy,3798.68,,,
1000000000145,395,Economy,7982.37,23A,3.0,2025-01-18 08:00:00
1000000000146,384,Economy,7456.23,,,
1000000000146,434,Economy,7446.83,,,
1000000000147,104,Economy,5258.05,,,
1000000000148,539,Economy,8842.09,98B,2.0,2025-02-10 17:44:00
1000000000149,15,Economy,8563.91,,,
1000000000150,240,Economy,7909.68,12A,1.0,2025-11-30 06:08:00
1000000000151,241,Economy,8673.83,,,
1000000000151,634,Economy,5711.47,8C,1.0,2025-10-05 03:16:00
1000000000152,730,Economy,6501.04,,,
1000000000153,147,Business,20626.92,46D,1.0,2025-10-15 08:47:00
1000000000154,693,Comfort,15528.79,,,
1000000000155,221,Comfort,14450.06,,,
1000000000155,288,Economy,6114.35,,,
1000000000156,316,Economy,8582.44,47B,2.0,2025-06-10 19:06:00
1000000000156,515,Economy,4900.43,,,
1000000000157,411,Economy,8083.64,,,
1000000000157,305,Economy,3642.08,48C,1.0,2025-10-01 15:55:00
1000000000158,262,Economy,4851.78,53F,1.0,2025-01-29 03:14:00
1000000000159,190,Economy,2915.5,,,
1000000000160,300,Economy,4354.04,,,
1000000000160,605,Economy,8319.45,77E,1.0,2025-07-25 15:45:00
1000000000161,255,Economy,6497.74,,,
1000000000162,815,Economy,2747.88,35A,1.0,2025-05-26 13:09:00
1000000000163,695,Economy,4584.51,60E,1.0,2025-06-26 01:22:00
1000000000164,118,Business,57125.74,,,
1000000000165,400,Business,58197.51,52B,1.0,2025-04-13 02:32:00
1000000000166,219,Economy,3225.03,,,
1000000000166,878,Economy,6954.5,,,
1000000000167,55,Economy,5679.62,,,
1000000000168,160,Economy,6074.64,32F,2.0,2025-03-29 19:16:00
1000000000168,161,Comfort,10983.88,,,
1000000000169,446,Comfort,8025.18,7C,1.0,2025-12-22 19:55:00
1000000000170,527,Economy,5667.61,80A,1.0,2025-09-16 20:48:00
1000000000171,610,Economy,7963.17,,,
1000000000172,885,Economy,4152.92,,,
1000000000173,11,Comfort,8598.23,,,
1000000000174,662,Economy,7744.96,24C,1.0,2025-11-11 17:22:00
1000000000175,36,Comfort,13702.98,,,
1000000000176,355,Comfort,8530.91,60B,1.0,2025-03-22 06:36:00
1000000000177,780,Economy,4045.31,13A,1.0,2025-06-04 02:06:00
1000000000178,800,Economy,3837.15,,,
1000000000179,707,Economy,4761.91,20E,1.0,2025-05-31 08:47:00
1000000000180,741,Economy,7627.25,,,
1000000000181,99,Economy,8276.33,,,
1000000000182,681,Economy,2965.86,49A,1.0,2025-01-26 03:28:00
1000000000182,136,Economy,4325.31,,,
1000000000183,559,Economy,3467.83,26A,1.0,2025-02-21 22:40:00
1000000000184,561,Economy,7674.61,37A,1.0,2025-06-11 15:06:00
1000000000185,758,Economy,2999.18,,,
1000000000185,202,Comfort,10480.62,,,
1000000000186,799,Economy,3944.71,3A,3.0,2025-06-15 09:40:00
1000000000187,693,Economy,3058.7,,,
1000000000188,491,Economy,6401.51,,,
1000000000188,252,Economy,5816.82,,,
1000000000189,664,Economy,3697.22,,,
1000000000189,498,Economy,4798.32,21C,2.0,2025-12-18 08:08:00
1000000000190,103,Comfort,15698.71,,,
1000000000191,468,Economy,4248.46,31D,1.0,2025-02-24 00:52:00
1000000000191,117,Comfort,13041.63,,,
1000000000192,329,Economy,5482.06,78C,1.0,2025-03-09 06:08:00
1000000000192,107,Economy,3215.84,,,
1000000000193,772,Economy,7690.56,59B,1.0,2025-02-27 21:09:00
1000000000193,83,Economy,4861.9,,,
1000000000194,146,Economy,4736.76,15D,1.0,2025-02-16 01:26:00
1000000000195,465,Economy,3008.61,,,
1000000000196,752,Economy,3256.14,,,
1000000000197,514,Economy,3418.88,,,
1000000000197,513,Economy,6300.25,,,
1000000000198,138,Economy,7471.93,33F,1.0,2025-05-22 02:59:00
1000000000199,26,Economy,5713.72,,,
1000000000200,201,Economy,8038.47,,,
1000000000201,294,Comfort,7418.84,,,
1000000000202,223,Economy,7163.02,28B,1.0,2025-05-28 01:37:00
1000000000202,704,Business,28586.67,,,
1000000000203,391,Economy,3831.16,48D,2.0,2025-10-17 03:25:00
1000000000203,181,Economy,6919.85,10A,1.0,2025-02-22 20:42:00
1000000000204,100,Economy,3631.75,21D,1.0,2025-08-29 11:12:00
1000000000205,303,Economy,3232.52,15E,1.0,2025-05-30 20:32:00
1000000000206,213,Economy,2676.89,25A,1.0,2025-01-15 00:51:00
1000000000206,426,Economy,6001.21,74B,1.0,2025-06-16 07:21:00
1000000000207,495,Business,24740.28,,,
1000000000208,799,Business,15134.55,57A,4.0,2025-06-15 09:01:00
1000000000209,700,Economy,6664.53,15F,1.0,2025-08-12 03:11:00
1000000000210,81,Comfort,12189.88,38A,1.0,2025-07-28 14:37:00
1000000000211,724,Economy,6685.02,,,
1000000000211,609,Economy,2874.73,30A,1.0,2025-04-24 05:42:00
1000000000212,45,Business,17244.58,47E,2.0,2025-07-30 20:37:00
1000000000213,84,Economy,3607.2,72E,1.0,2025-04-09 09:20:00
1000000000214,128,Economy,2632.74,88A,2.0,2025-12-13 23:11:00
1000000000215,598,Comfort,15514.0,,,
1000000000216,869,Comfort,10011.99,,,
1000000000217,628,Economy,7937.32,70C,1.0,2025-12-04 10:08:00
1000000000218,489,Economy,5417.17,41D,2.0,2025-05-04 19:48:00
1000000000218,292,Economy,8544.08,,,
1000000000219,503,Economy,4314.54,35A,1.0,2025-05-10 04:58:00
1000000000220,365,Economy,6093.8,18E,2.0,2025-02-13 17:27:00
1000000000220,530,Business,55112.36,,,
1000000000221,79,Economy,6606.98,52E,1.0,2025-05-05 13:33:00
1000000000222,97,Economy,3111.77,61E,1.0,2025-08-13 00:54:00
1000000000222,418,Comfort,11037.68,10A,4.0,2025-07-04 21:02:00
1000000000223,612,Economy,5168.38,,,
1000000000224,575,Economy,3076.42,,,
1000000000225,217,Comfort,13394.75,,,
1000000000225,539,Economy,8265.89,14C,3.0,2025-02-10 17:50:00
1000000000226,171,Economy,3239.89,22B,3.0,2025-06-18 03:24:00
1000000000227,437,Business,30662.66,,,
1000000000228,713,Economy,3941.72,,,
1000000000228,176,Business,23751.15,,,
1000000000229,822,Economy,5556.34,38C,1.0,2025-07-15 18:28:00
1000000000229,858,Economy,2738.1,,,
1000000000230,318,Economy,2865.84,82F,1.0,2025-03-01 04:50:00
1000000000230,706,Economy,7373.28,,,
1000000000231,796,Economy,3961.9,,,
1000000000232,841,Comfort,13120.74,,,
1000000000233,562,Comfort,8378.34,,,
1000000000233,777,Comfort,15992.71,,,
1000000000234,648,Economy,8420.04,,,
1000000000235,351,Economy,4270.14,41D,1.0,2025-02-14 12:17:00
1000000000235,109,Economy,8223.8,5A,1.0,2025-03-18 13:53:00
1000000000236,889,Comfort,15141.43,14C,1.0,2025-12-13 06:32:00
1000000000236,432,Economy,5137.8,,,
1000000000237,713,Economy,4016.26,,,
1000000000238,367,Economy,7861.29,,,
1000000000239,569,Economy,3109.8,,,
1000000000239,258,Economy,7543.88,41E,1.0,2025-04-02 16:54:00
1000000000240,791,Comfort,12380.34,70C,1.0,2025-03-31 16:42:00
1000000000241,637,Economy,5286.22,,,
1000000000241,48,Economy,4855.36,,,
1000000000242,552,Economy,4304.17,9A,1.0,2025-02-10 21:03:00
1000000000242,476,Economy,5495.86,87D,1.0,2025-11-29 04:46:00
1000000000243,779,Business,33834.17,,,
1000000000244,69,Comfort,8942.13,,,
1000000000245,197,Business,35376.96,74A,1.0,2025-05-31 09:23:00
1000000000246,673,Economy,4409.27,,,
1000000000247,185,Economy,6727.97,,,
1000000000248,753,Comfort,9433.36,,,
1000000000249,538,Comfort,14555.37,,,
1000000000250,829,Economy,6879.11,,,
1000000000251,752,Economy,4532.36,,,
1000000000252,97,Economy,7640.87,47A,2.0,2025-08-13 01:06:00
1000000000252,558,Economy,7445.07,,,
1000000000253,874,Economy,6851.11,,,
1000000000254,162,Economy,4090.23,,,
1000000000255,377,Economy,4499.73,68C,1.0,2025-11-11 18:11:00
1000000000255,8,Economy,8596.87,,,
1000000000256,754,Economy,6772.91,,,
1000000000257,427,Economy,7717.59,46D,1.0,2025-05-04 01:12:00
1000000000257,281,Economy,4785.09,,,
1000000000258,635,Economy,8332.16,65F,1.0,2025-12-28 15:51:00
1000000000259,851,Economy,4450.53,14B,1.0,2025-05-07 07:44:00
1000000000260,639,Economy,8410.44,20B,1.0,2025-02-10 21:36:00
1000000000261,684,Comfort,7244.45,43A,1.0,2025-11-26 21:45:00
1000000000261,842,Economy,6507.27,38A,1.0,2025-04-15 12:48:00
1000000000262,179,Economy,4984.5,,,
1000000000263,598,Economy,8993.36,,,
1000000000264,794,Economy,4755.33,11D,1.0,2025-12-01 20:02:00
1000000000265,583,Economy,7925.97,20E,1.0,2025-08-26 20:31:00
1000000000266,197,Economy,7932.54,46C,2.0,2025-05-31 09:01:00
1000000000266,624,Economy,6749.08,115D,1.0,2025-03-17 08:21:00
1000000000267,388,Economy,3654.89,,,
1000000000268,277,Economy,7738.7,73A,2.0,2025-12-08 23:32:00
1000000000268,420,Economy,8689.77,,,
1000000000269,484,Economy,8603.96,18D,1.0,2025-08-08 07:22:00
1000000000270,627,Economy,2742.34,34D,1.0,2025-04-13 21:24:00
1000000000271,180,Economy,6153.13,,,
1000000000271,292,Economy,6531.44,,,
1000000000272,338,Economy,5423.48,43A,1.0,2025-04-26 15:42:00
1000000000273,23,Comfort,8467.8,,,
1000000000273,592,Comfort,12034.98,,,
1000000000274,536,Economy,4925.91,,,
1000000000274,827,Economy,8905.77,,,
1000000000275,647,Comfort,9238.65,,,
1000000000276,620,Comfort,10797.54,,,
1000000000277,331,Economy,7956.79,69A,1.0,2025-09-21 22:19:00
1000000000278,265,Economy,7716.69,,,
1000000000279,5,Economy,6347.47,79B,1.0,2025-06-26 18:27:00
1000000000280,564,Economy,5459.64,,,
1000000000281,292,Economy,6692.87,,,
1000000000281,758,Economy,5856.24,,,
1000000000282,461,Economy,6473.39,,,
1000000000283,17,Economy,3192.2,47D,1.0,2025-03-20 10:53:00
1000000000284,888,Economy,2834.69,,,
1000000000284,876,Comfort,12591.03,,,
1000000000285,83,Business,24670.18,,,
1000000000285,27,Economy,7674.77,,,
1000000000286,459,Economy,5622.82,32F,1.0,2025-08-10 20:02:00
1000000000286,106,Economy,4617.65,,,
1000000000287,79,Economy,5783.69,6A,2.0,2025-05-05 14:13:00
1000000000288,679,Economy,6159.34,,,
1000000000289,186,Economy,3848.67,,,
1000000000289,210,Business,42481.33,,,
1000000000290,446,Economy,4629.83,57A,2.0,2025-12-22 19:59:00
1000000000291,18,Economy,5158.24,,,
1000000000291,662,Comfort,12189.53,23C,2.0,2025-11-11 17:23:00
1000000000292,47,Economy,7127.56,,,
1000000000293,183,Economy,2968.66,,,
1000000000293,815,Comfort,11833.53,36B,2.0,2025-05-26 13:28:00
1000000000294,128,Business,53001.8,70D,3.0,2025-12-13 23:18:00
1000000000294,308,Business,45712.0,,,
1000000000295,332,Comfort,15990.93,34B,1.0,2025-02-17 23:03:00
1000000000296,896,Economy,8952.66,10A,1.0,2025-12-02 14:33:00
1000000000296,851,Comfort,9244.31,21A,2.0,2025-05-07 07:19:00
1000000000297,777,Economy,8086.43,,,
1000000000298,688,Economy,5828.97,,,
1000000000298,395,Economy,7180.59,22C,4.0,2025-01-18 08:38:00
1000000000299,871,Economy,6070.26,32A,1.0,2025-10-14 00:13:00
1000000000299,783,Economy,7742.33,88E,1.0,2025-10-10 02:44:00
1000000000300,302,Economy,5774.15,,,
1000000000301,890,Business,37037.65,,,
1000000000302,386,Comfort,7438.95,44C,1.0,2025-06-14 23:51:00
1000000000303,151,Economy,3762.97,62A,1.0,2025-06-08 09:43:00
1000000000304,697,Economy,6587.64,25C,1.0,2025-08-10 21:34:00
1000000000305,613,Economy,7301.87,25A,1.0,2025-02-18 18:41:00
1000000000306,74,Economy,3478.5,23C,1.0,2025-06-09 17:38:00
1000000000307,432,Economy,7141.42,,,
1000000000308,49,Comfort,14543.79,64A,1.0,2025-02-25 18:47:00
1000000000308,460,Economy,4822.63,,,
1000000000309,439,Economy,5187.6,,,
1000000000310,251,Business,35002.33,49A,1.0,2025-07-05 01:35:00
1000000000311,568,Business,42245.41,,,
1000000000312,272,Economy,7526.99,,,
1000000000312,803,Economy,4272.0,,,
1000000000313,246,Business,52768.99,57D,1.0,2025-12-09 02:38:00
1000000000314,869,Economy,7374.38,,,
1000000000315,900,Comfort,15660.73,49C,1.0,2025-03-20 22:25:00
1000000000315,846,Economy,5229.3,36B,1.0,2025-06-02 01:49:00
1000000000316,894,Economy,8728.93,17D,1.0,2025-12-10 13:17:00
1000000000317,83,Economy,5393.49,,,
1000000000318,91,Economy,7403.48,,,
1000000000319,668,Economy,6542.94,,,
1000000000319,796,Economy,2710.07,,,
1000000000320,585,Economy,2717.73,,,
1000000000320,872,Economy,5089.78,,,
1000000000321,154,Economy,7195.28,30D,1.0,2025-02-11 07:54:00
1000000000321,248,Economy,8730.84,30B,1.0,2025-03-02 13:16:00
1000000000322,351,Business,56120.46,44F,2.0,2025-02-14 12:24:00
1000000000323,441,Economy,8450.24,,,
1000000000323,33,Economy,2587.61,5C,2.0,2025-12-12 06:52:00
1000000000324,876,Business,48158.81,,,
1000000000325,754,Economy,4499.82,,,
1000000000326,682,Comfort,7700.17,,,
1000000000326,371,Economy,7474.99,,,
1000000000327,606,Economy,7918.06,,,
1000000000328,89,Economy,8263.75,,,
1000000000328,561,Economy,7367.69,60D,2.0,2025-06-11 14:35:00
1000000000329,79,Economy,4491.68,64B,3.0,2025-05-05 13:31:00
1000000000330,523,Comfort,10675.26,,,
1000000000330,659,Economy,2500.39,65C,2.0,2025-07-08 10:48:00
1000000000331,667,Comfort,14505.04,89A,2.0,2025-06-23 21:07:00
1000000000332,17,Economy,3365.59,34F,2.0,2025-03-20 10:12:00
1000000000332,759,Business,41377.51,5A,1.0,2025-08-06 15:18:00
1000000000333,70,Economy,3566.46,45F,2.0,2025-08-04 07:11:00
1000000000334,185,Economy,3708.58,,,
1000000000335,293,Comfort,9839.91,,,
1000000000336,697,Economy,5245.15,18D,2.0,2025-08-10 22:17:00
1000000000336,248,Economy,4804.6,22D,2.0,2025-03-02 13:59:00
1000000000337,386,Economy,5649.6,71E,2.0,2025-06-15 00:09:00
1000000000338,605,Comfort,9279.97,95F,2.0,2025-07-25 15:06:00
1000000000339,268,Economy,8120.84,,,
1000000000340,3,Economy,4205.96,25A,1.0,2025-11-29 22:23:00
1000000000340,193,Business,48583.7,21E,1.0,2025-05-31 05:19:00
1000000000341,232,Economy,6693.41,,,
1000000000341,802,Comfort,15929.01,,,
1000000000342,766,Economy,7406.08,,,
1000000000343,318,Business,53903.74,83B,2.0,2025-03-01 04:32:00
1000000000344,93,Business,56340.3,,,
1000000000345,691,Economy,3418.8,,,
1000000000346,201,Economy,8640.4,,,
1000000000347,326,Economy,3010.48,47D,2.0,2025-10-29 21:03:00
1000000000348,374,Economy,3273.03,,,
1000000000348,654,Economy,4631.14,42D,2.0,2025-09-12 14:33:00
1000000000349,536,Economy,6903.21,,,
1000000000349,311,Business,56250.32,,,
1000000000350,568,Economy,7749.73,,,
1000000000350,385,Comfort,15757.01,15A,1.0,2025-01-11 15:37:00
1000000000351,777,Economy,3898.36,,,
1000000000352,875,Economy,3932.21,,,
1000000000353,586,Economy,8294.94,11C,1.0,2025-12-07 06:18:00
1000000000354,546,Comfort,14795.34,38C,1.0,2025-10-22 07:52:00
1000000000354,67,Economy,6443.55,10A,1.0,2025-12-09 20:46:00
1000000000355,106,Economy,4904.84,,,
1000000000355,706,Economy,7967.7,,,
1000000000356,868,Comfort,13619.55,7C,1.0,2025-04-19 22:03:00
1000000000356,54,Economy,4543.57,36A,1.0,2025-05-27 06:01:00
1000000000357,90,Economy,5110.25,,,
1000000000358,86,Economy,6667.24,,,
1000000000359,870,Economy,2908.02,,,
1000000000360,195,Economy,4497.53,,,
1000000000361,452,Economy,6866.17,26C,1.0,2025-03-31 01:04:00
1000000000362,759,Economy,6490.42,48B,2.0,2025-08-06 15:45:00
1000000000363,417,Economy,7101.48,42D,1.0,2025-03-11 15:01:00
1000000000364,311,Economy,6129.35,,,
1000000000365,612,Economy,5142.96,,,
1000000000365,606,Economy,8381.46,,,
1000000000366,157,Economy,4494.11,22A,1.0,2025-05-11 08:57:00
1000000000367,108,Business,48669.59,,,
1000000000368,390,Economy,2612.25,,,
1000000000368,707,Comfort,14993.69,18D,2.0,2025-05-31 08:39:00
1000000000369,257,Economy,7310.35,15F,1.0,2025-07-13 10:32:00
1000000000370,845,Economy,3318.65,22A,3.0,2025-10-09 03:37:00
1000000000371,654,Economy,6727.49,32B,3.0,2025-09-12 13:52:00
1000000000372,32,Economy,4261.44,,,
1000000000372,542,Economy,8560.59,,,
1000000000373,4,Economy,6196.57,34D,1.0,2025-08-05 09:25:00
1000000000374,779,Economy,6577.43,,,
1000000000375,207,Economy,2698.29,,,
1000000000376,677,Business,27029.91,30C,1.0,2025-09-24 20:07:00
1000000000376,475,Economy,4151.58,38D,2.0,2025-06-10 20:56:00
1000000000377,149,Economy,4419.07,38D,1.0,2025-10-12 10:35:00
1000000000377,625,Economy,8973.02,43C,2.0,2025-10-03 05:53:00
1000000000378,151,Business,32974.51,58C,2.0,2025-06-08 10:05:00
1000000000378,647,Economy,2686.42,,,
1000000000379,852,Economy,5220.31,,,
1000000000379,187,Economy,4452.83,,,
1000000000380,462,Business,32961.27,,,
1000000000381,350,Economy,2651.41,,,
1000000000381,43,Comfort,12711.08,,,
1000000000382,599,Economy,5048.93,,,
1000000000382,518,Economy,3827.55,,,
1000000000383,399,Economy,7966.48,,,
1000000000384,138,Economy,6132.62,40B,2.0,2025-05-22 02:50:00
1000000000385,454,Comfort,10128.35,81C,1.0,2025-06-25 04:10:00
1000000000385,746,Economy,5030.79,,,
1000000000386,427,Economy,8528.61,6C,2.0,2025-05-04 01:14:00
1000000000386,663,Business,50971.4,,,
1000000000387,570,Economy,4316.37,,,
1000000000387,392,Comfort,9493.85,,,
1000000000388,82,Economy,2600.25,72C,1.0,2025-04-24 11:53:00
1000000000388,772,Economy,3288.15,94F,2.0,2025-02-27 21:23:00
1000000000389,534,Comfort,13887.67,,,
1000000000389,601,Economy,6140.78,46D,1.0,2025-12-02 14:03:00
1000000000390,604,Economy,3293.23,61D,1.0,2025-02-24 20:04:00
1000000000391,239,Economy,6145.16,,,
1000000000391,316,Economy,8237.58,57B,3.0,2025-06-10 18:25:00
1000000000392,58,Comfort,9982.43,49B,1.0,2025-12-02 21:24:00
1000000000393,404,Economy,7750.88,44A,1.0,2025-10-29 05:35:00
1000000000394,414,Economy,7363.4,,,
1000000000394,835,Economy,7697.89,,,
1000000000395,677,Economy,8290.97,31E,2.0,2025-09-24 20:02:00
1000000000396,894,Comfort,11729.83,9D,2.0,2025-12-10 13:02:00
1000000000397,779,Economy,3919.17,,,
1000000000397,783,Economy,3862.85,70D,2.0,2025-10-10 02:05:00
1000000000398,438,Economy,4437.17,16C,1.0,2025-07-15 22:38:00
1000000000399,655,Economy,6470.28,15F,1.0,2025-11-04 18:05:00
1000000000399,508,Economy,6085.82,,,
1000000000400,276,Economy,6234.46,40D,1.0,2025-03-13 22:25:00
1000000000401,82,Economy,6635.16,21C,2.0,2025-04-24 10:54:00
1000000000402,353,Economy,7109.28,,,
1000000000403,163,Business,46500.91,,,
1000000000404,551,Economy,8774.89,23A,1.0,2025-05-04 07:47:00
1000000000405,299,Economy,8267.6,19C,1.0,2025-06-18 13:16:00
1000000000405,540,Economy,7443.98,,,
1000000000406,668,Comfort,12569.37,,,
1000000000406,121,Economy,4675.19,,,
1000000000407,417,Economy,4568.91,52F,2.0,2025-03-11 14:45:00
1000000000408,115,Economy,5363.9,41D,1.0,2025-02-05 06:16:00
1000000000409,740,Economy,7758.14,19C,2.0,2025-03-03 20:29:00
1000000000410,517,Comfort,7549.23,,,
1000000000411,804,Economy,2744.65,,,
1000000000412,336,Economy,6655.46,35C,1.0,2025-12-02 10:35:00
1000000000412,590,Economy,5908.12,,,
1000000000413,811,Economy,7519.91,,,
1000000000413,763,Economy,5617.38,,,
1000000000414,50,Economy,5879.35,25D,1.0,2025-05-11 00:30:00
1000000000415,51,Business,51200.9,,,
1000000000416,35,Economy,3825.88,67F,1.0,2025-07-22 03:00:00
1000000000416,282,Economy,7950.28,,,
1000000000417,225,Economy,4073.07,56C,1.0,2025-01-24 00:04:00
1000000000418,498,Business,29683.32,52B,3.0,2025-12-18 07:47:00
1000000000418,107,Comfort,10105.45,,,
1000000000419,403,Economy,8288.45,67C,1.0,2025-05-18 17:06:00
1000000000420,845,Economy,3395.61,30D,4.0,2025-10-09 04:34:00
1000000000420,413,Economy,7371.01,15E,1.0,2025-07-22 09:17:00
1000000000421,65,Economy,6990.68,47F,1.0,2025-01-11 17:18:00
1000000000422,358,Economy,6572.49,33A,1.0,2025-02-09 17:06:00
1000000000422,419,Economy,2776.73,11C,2.0,2025-07-10 14:40:00
1000000000423,740,Comfort,14545.88,11B,3.0,2025-03-03 20:24:00
1000000000423,871,Comfort,13062.2,35C,2.0,2025-10-14 00:12:00
1000000000424,563,Economy,3531.65,,,
1000000000424,143,Economy,4188.84,80E,1.0,2025-05-21 18:23:00
1000000000425,657,Economy,4375.71,,,
1000000000426,457,Economy,7548.95,3C,1.0,2025-12-17 21:54:00
1000000000427,85,Comfort,12063.19,19C,1.0,2025-10-29 15:58:00
1000000000427,683,Economy,2920.38,63D,1.0,2025-08-27 17:08:00
1000000000428,157,Economy,6971.95,58F,2.0,2025-05-11 08:58:00
1000000000429,619,Economy,3839.06,,,
1000000000429,800,Economy,8464.74,,,
1000000000430,183,Economy,6874.27,,,
1000000000431,800,Economy,6809.26,,,
1000000000432,451,Economy,4778.28,,,
1000000000433,597,Economy,4850.69,,,
1000000000433,38,Economy,6482.92,40B,1.0,2025-12-06 02:16:00
1000000000434,785,Economy,5559.88,68A,1.0,2025-01-12 02:12:00
1000000000435,421,Comfort,8572.49,,,
1000000000436,3,Comfort,9390.68,14C,2.0,2025-11-29 21:23:00
1000000000437,711,Economy,8123.34,,,
1000000000438,369,Economy,5533.04,7C,1.0,2025-04-17 14:04:00
1000000000439,342,Economy,5505.23,,,
1000000000440,785,Economy,4208.4,19A,2.0,2025-01-12 01:52:00
1000000000440,295,Economy,5644.42,20A,1.0,2025-07-16 23:25:00
1000000000441,480,Economy,4154.66,41C,1.0,2025-04-25 22:42:00
1000000000441,513,Economy,8781.62,,,
1000000000442,317,Economy,5970.79,45C,1.0,2025-12-11 21:23:00
1000000000443,635,Economy,3485.72,32A,2.0,2025-12-28 14:47:00
1000000000444,382,Economy,2614.74,49A,1.0,2025-04-23 17:41:00
1000000000445,613,Economy,5670.69,39A,2.0,2025-02-18 18:58:00
1000000000446,413,Economy,7618.2,18D,2.0,2025-07-22 09:22:00
1000000000447,121,Comfort,10694.9,,,
1000000000448,760,Economy,7616.14,,,
1000000000449,455,Economy,2618.58,7C,3.0,2025-08-04 19:23:00
1000000000450,608,Business,35006.47,22D,2.0,2025-01-01 22:28:00
1000000000451,505,Economy,5679.41,,,
1000000000452,841,Economy,4390.5,,,
1000000000452,711,Economy,7138.69,,,
1000000000453,43,Economy,3908.89,,,
1000000000454,382,Comfort,7333.72,35E,2.0,2025-04-23 18:22:00
1000000000454,732,Economy,7860.2,13C,1.0,2025-12-05 06:08:00
1000000000455,357,Economy,2703.06,,,
1000000000456,777,Economy,2729.23,,,
1000000000456,108,Economy,6223.06,,,
1000000000457,589,Economy,6029.47,79F,1.0,2025-05-04 23:18:00
1000000000458,321,Economy,5086.15,31D,1.0,2025-09-11 13:11:00
1000000000458,322,Economy,4873.57,49B,1.0,2025-04-23 08:10:00
1000000000459,790,Comfort,12268.39,16E,1.0,2025-09-26 08:49:00
1000000000460,362,Business,50576.4,17E,2.0,2025-04-30 16:40:00
1000000000461,690,Comfort,13329.08,57A,1.0,2025-05-01 04:35:00
1000000000462,466,Economy,5970.86,,,
1000000000463,798,Economy,3888.6,30E,1.0,2025-05-29 08:27:00
1000000000464,627,Economy,3732.15,41E,2.0,2025-04-13 21:11:00
1000000000464,8,Business,28944.94,,,
1000000000465,318,Business,25201.99,76F,3.0,2025-03-01 04:42:00
1000000000466,730,Comfort,12109.99,,,
1000000000467,840,Comfort,15556.25,13A,1.0,2025-11-23 16:19:00
1000000000468,201,Comfort,15760.53,,,
1000000000468,721,Economy,6817.26,37A,1.0,2025-01-30 18:26:00
1000000000469,793,Economy,4870.92,,,
1000000000469,644,Comfort,10508.49,,,
1000000000470,179,Business,30421.73,,,
1000000000471,686,Economy,7241.49,,,
1000000000471,426,Comfort,15513.78,18A,2.0,2025-06-16 07:52:00
1000000000472,885,Economy,5289.57,,,
1000000000472,782,Economy,3074.99,,,
1000000000473,132,Business,50854.38,,,
1000000000474,271,Economy,3581.54,,,
1000000000475,825,Economy,3203.34,17E,1.0,2025-08-23 23:31:00
1000000000475,387,Economy,8859.92,,,
1000000000476,830,Comfort,10548.83,,,
1000000000476,634,Comfort,9866.26,25D,2.0,2025-10-05 03:21:00
1000000000477,382,Economy,3675.61,45B,3.0,2025-04-23 17:45:00
1000000000478,79,Economy,3134.11,71C,4.0,2025-05-05 13:42:00
1000000000479,392,Business,23441.11,,,
1000000000480,704,Economy,3839.5,,,
1000000000480,347,Comfort,12791.21,,,
1000000000481,608,Economy,7943.76,22E,3.0,2025-01-01 21:46:00
1000000000482,800,Economy,7560.86,,,
1000000000483,509,Business,26707.69,,,
1000000000484,170,Economy,2984.26,,,
1000000000485,250,Economy,4603.68,16A,2.0,2025-10-03 20:43:00
1000000000486,454,Economy,3845.88,62B,2.0,2025-06-25 04:39:00
1000000000487,521,Economy,7555.12,53F,1.0,2025-04-28 12:11:00
1000000000488,48,Economy,8944.0,,,
1000000000488,750,Economy,5640.6,,,
1000000000489,557,Economy,5522.71,37C,2.0,2025-08-30 18:23:00
1000000000490,432,Economy,6978.78,,,
1000000000491,427,Economy,3109.76,30D,3.0,2025-05-04 01:20:00
1000000000492,537,Comfort,10552.77,13C,2.0,2025-09-18 11:32:00
1000000000493,400,Comfort,9001.33,23D,2.0,2025-04-13 02:20:00
1000000000494,305,Economy,7672.99,25D,2.0,2025-10-01 15:31:00
1000000000495,112,Economy,3041.54,,,
1000000000496,736,Business,48872.92,,,
1000000000497,21,Economy,8426.2,,,
1000000000498,583,Business,47369.32,17E,2.0,2025-08-26 21:39:00
1000000000498,34,Economy,3349.47,,,
1000000000499,118,Business,35278.29,,,
1000000000499,723,Economy,6090.02,60F,1.0,2025-08-21 08:13:00
1000000000500,558,Economy,5043.19,,,
1000000000501,474,Economy,8744.72,24D,1.0,2025-08-20 03:47:00
1000000000501,284,Economy,6644.51,32F,1.0,2025-03-29 02:08:00
1000000000502,350,Economy,2522.41,,,
1000000000502,176,Economy,5252.38,,,
1000000000503,775,Economy,5815.29,31D,1.0,2025-10-31 20:50:00
1000000000503,26,Economy,3420.17,,,
1000000000504,618,Economy,8958.76,,,
1000000000504,238,Economy,7414.03,,,
1000000000505,197,Comfort,12749.01,2A,3.0,2025-05-31 08:48:00
1000000000505,699,Economy,4055.54,,,
1000000000506,872,Economy,4697.47,,,
1000000000506,87,Economy,6230.42,,,
1000000000507,723,Economy,8194.53,21C,2.0,2025-08-21 07:47:00
1000000000507,354,Economy,7750.75,23C,1.0,2025-02-02 07:21:00
1000000000508,251,Economy,4647.72,63C,2.0,2025-07-05 01:39:00
1000000000508,194,Business,30249.36,61A,1.0,2025-05-10 00:43:00
1000000000509,505,Economy,5658.56,,,
1000000000510,34,Economy,5752.06,,,
1000000000511,587,Economy,4148.72,45E,1.0,2025-10-09 14:52:00
1000000000511,311,Economy,3105.95,,,
1000000000512,554,Comfort,13846.9,73C,1.0,2025-04-24 17:14:00
1000000000513,459,Economy,4182.64,49F,2.0,2025-08-10 19:57:00
1000000000514,414,Economy,6837.0,,,
1000000000514,469,Comfort,7084.51,27B,1.0,2025-04-07 02:57:00
1000000000515,672,Comfort,15380.98,,,
1000000000516,466,Economy,7973.23,,,
1000000000516,693,Comfort,12751.47,,,
1000000000517,243,Economy,3967.69,,,
1000000000518,811,Economy,7886.66,,,
1000000000519,342,Business,55326.16,,,
1000000000519,774,Economy,8143.83,,,
1000000000520,1,Economy,4325.89,,,
1000000000521,45,Economy,7055.91,34E,3.0,2025-07-30 20:28:00
1000000000522,555,Business,32415.75,30D,1.0,2025-12-18 04:48:00
1000000000522,95,Economy,2834.52,,,
1000000000523,870,Economy,8605.43,,,
1000000000524,736,Comfort,10722.01,,,
1000000000524,307,Economy,3198.77,17D,1.0,2025-01-06 02:10:00
1000000000525,461,Economy,6878.47,,,
1000000000526,350,Economy,5826.28,,,
1000000000527,156,Economy,6248.0,,,
1000000000527,171,Economy,4696.05,45A,4.0,2025-06-18 03:22:00
1000000000528,594,Economy,4175.84,54E,2.0,2025-06-15 22:18:00
1000000000528,11,Comfort,13674.79,,,
1000000000529,445,Economy,6335.86,,,
1000000000530,887,Business,47302.29,63E,1.0,2025-07-08 15:47:00
1000000000531,136,Business,50180.45,,,
1000000000532,640,Comfort,10985.73,,,
1000000000533,468,Economy,4934.8,6A,2.0,2025-02-24 00:29:00
1000000000534,846,Economy,4945.62,37B,2.0,2025-06-02 01:26:00
1000000000535,764,Comfort,15305.18,9C,1.0,2025-01-17 09:15:00
1000000000536,449,Comfort,15895.2,8B,1.0,2025-03-24 01:09:00
1000000000537,430,Economy,6794.48,,,
1000000000538,553,Business,44392.11,,,
1000000000539,207,Economy,3751.85,,,
1000000000540,248,Comfort,8941.08,41A,3.0,2025-03-02 13:41:00
1000000000540,54,Economy,4964.05,49D,2.0,2025-05-27 05:34:00
1000000000541,29,Comfort,15528.86,,,
1000000000541,855,Economy,8833.03,11D,1.0,2025-01-18 07:40:00
1000000000542,353,Economy,3739.74,,,
1000000000543,402,Economy,3413.74,,,
1000000000544,140,Economy,4075.86,4A,1.0,2025-02-28 22:36:00
1000000000545,883,Economy,8257.58,39E,1.0,2025-10-19 03:12:00
1000000000545,272,Economy,5612.7,,,
1000000000546,252,Economy,6261.27,,,
1000000000546,110,Comfort,14196.01,109B,1.0,2025-05-03 18:24:00
1000000000547,371,Economy,4521.62,,,
1000000000548,822,Economy,4109.28,34F,2.0,2025-07-15 18:18:00
1000000000549,310,Economy,7704.64,63B,1.0,2025-06-28 13:46:00
1000000000549,136,Economy,6644.02,,,
1000000000550,407,Economy,3672.77,,,
1000000000551,605,Business,22595.27,54D,3.0,2025-07-25 16:01:00
1000000000552,36,Economy,7161.03,,,
1000000000552,96,Economy,5108.34,61C,1.0,2025-10-19 08:59:00
1000000000553,795,Economy,6009.65,66B,1.0,2025-02-04 18:03:00
1000000000553,591,Comfort,8435.32,38A,1.0,2025-07-02 18:52:00
1000000000554,817,Economy,4135.39,,,
1000000000555,318,Economy,7681.82,43A,4.0,2025-03-01 04:56:00
1000000000556,683,Economy,4513.11,26C,2.0,2025-08-27 17:01:00
1000000000557,200,Comfort,11877.12,39B,1.0,2025-08-13 00:55:00
1000000000558,20,Economy,7060.29,,,
1000000000559,500,Economy,6951.04,31A,1.0,2025-11-21 04:08:00
1000000000560,164,Economy,6764.54,1C,1.0,2025-12-02 01:45:00
1000000000561,501,Economy,8656.25,,,
1000000000561,370,Economy,4290.27,68D,1.0,2025-12-27 21:23:00
1000000000562,713,Economy,8144.88,,,
1000000000563,426,Economy,5532.04,5C,3.0,2025-06-16 07:58:00
1000000000564,416,Economy,6212.49,12C,1.0,2025-09-06 15:35:00
1000000000565,53,Economy,7188.52,,,
1000000000566,548,Business,30374.45,,,
1000000000567,825,Economy,6223.62,15B,2.0,2025-08-23 23:36:00
1000000000567,194,Business,21379.14,42D,2.0,2025-05-10 00:28:00
1000000000568,725,Economy,5270.59,,,
1000000000569,886,Economy,8855.85,36C,2.0,2025-06-02 14:56:00
1000000000569,266,Economy,5655.27,,,
1000000000570,680,Economy,5751.09,,,
1000000000571,650,Economy,3121.75,,,
1000000000572,110,Economy,5726.28,114D,2.0,2025-05-03 17:24:00
1000000000573,29,Economy,4777.58,,,
1000000000574,48,Economy,6155.28,,,
1000000000575,739,Economy,4048.79,,,
1000000000576,579,Comfort,14482.07,78A,1.0,2025-11-17 06:45:00
1000000000576,461,Comfort,12269.42,,,
1000000000577,608,Business,30465.2,20E,4.0,2025-01-01 21:53:00
1000000000578,831,Economy,7975.07,80D,1.0,2025-06-06 02:14:00
1000000000578,128,Economy,6410.02,5C,4.0,2025-12-13 22:26:00
1000000000579,471,Economy,8084.87,,,
1000000000580,318,Economy,7769.57,112F,5.0,2025-03-01 04:40:00
1000000000580,188,Economy,3529.93,,,
1000000000581,616,Economy,8516.89,24A,2.0,2025-12-24 06:47:00
1000000000582,669,Economy,8848.76,,,
1000000000583,482,Economy,7438.21,97C,1.0,2025-08-15 06:15:00
1000000000583,746,Economy,5497.07,,,
1000000000584,770,Economy,3743.25,,,
1000000000585,645,Comfort,14739.35,61E,1.0,2025-01-21 16:19:00
1000000000586,619,Business,31937.63,,,
1000000000587,346,Business,48870.75,,,
1000000000588,229,Comfort,12828.31,33C,1.0,2025-10-24 17:49:00
1000000000588,531,Comfort,9037.55,,,
1000000000589,663,Economy,3314.85,,,
1000000000589,20,Economy,8116.94,,,
1000000000590,642,Economy,6189.56,,,
1000000000590,32,Economy,2927.8,,,
1000000000591,495,Economy,5198.8,,,
1000000000592,172,Economy,7014.4,47B,1.0,2025-03-14 10:53:00
1000000000593,268,Economy,8498.48,,,
1000000000594,801,Economy,2844.83,48C,1.0,2025-02-22 05:45:00
1000000000595,275,Economy,2881.21,26C,2.0,2025-10-09 19:28:00
1000000000595,851,Economy,4071.22,22C,3.0,2025-05-07 07:41:00
1000000000596,189,Economy,4519.8,17C,1.0,2025-12-09 01:37:00
1000000000596,840,Economy,8130.84,16B,2.0,2025-11-23 17:24:00
1000000000597,650,Economy,3318.18,,,
1000000000597,68,Economy,3948.03,,,
1000000000598,626,Business,27280.38,59C,1.0,2025-12-24 20:20:00
1000000000598,541,Economy,6001.58,43A,1.0,2025-04-10 00:14:00
1000000000599,701,Economy,7008.01,51B,1.0,2025-11-16 04:24:00
1000000000600,85,Economy,6368.34,9D,2.0,2025-10-29 15:49:00
1000000000600,362,Economy,8433.04,13E,3.0,2025-04-30 16:11:00
1000000000601,242,Economy,2777.59,,,
1000000000601,413,Economy,6433.24,2A,3.0,2025-07-22 09:51:00
1000000000602,652,Economy,7975.77,,,
1000000000602,57,Economy,8120.32,97C,1.0,2025-11-09 01:46:00
1000000000603,463,Economy,4121.23,56E,1.0,2025-09-13 13:30:00
1000000000604,54,Economy,4346.91,43C,3.0,2025-05-27 05:54:00
1000000000605,635,Economy,3433.45,16C,3.0,2025-12-28 15:00:00
1000000000606,373,Comfort,9408.76,91A,1.0,2025-04-12 11:42:00
1000000000607,314,Business,45775.95,15F,1.0,2025-12-27 05:53:00
1000000000608,875,Economy,7556.17,,,
1000000000609,188,Comfort,13200.01,,,
1000000000610,481,Economy,3945.81,,,
1000000000611,255,Comfort,14433.96,,,
1000000000612,227,Economy,8572.65,,,
1000000000613,349,Economy,8337.95,40A,1.0,2025-03-20 07:34:00
1000000000614,236,Economy,3159.56,,,
1000000000615,301,Comfort,15400.64,2A,1.0,2025-05-05 09:17:00
1000000000616,732,Comfort,8415.54,24B,2.0,2025-12-05 05:41:00
1000000000617,332,Business,32989.25,17A,2.0,2025-02-17 22:54:00
1000000000618,335,Comfort,11387.26,23C,1.0,2025-08-21 23:39:00
1000000000618,99,Business,29591.98,,,
1000000000619,56,Economy,8781.33,,,
1000000000619,824,Economy,7038.72,,,
1000000000620,156,Comfort,14360.38,,,
1000000000621,350,Economy,2962.84,,,
1000000000622,161,Economy,4919.7,,,
1000000000623,329,Economy,7705.1,10A,2.0,2025-03-09 05:53:00
1000000000624,78,Economy,4121.53,51E,2.0,2025-09-05 14:23:00
1000000000624,601,Economy,7329.0,47A,2.0,2025-12-02 14:01:00
1000000000625,261,Business,58834.79,,,
1000000000626,896,Economy,4665.68,37B,2.0,2025-12-02 14:45:00
1000000000627,125,Comfort,10530.99,,,
1000000000628,178,Economy,3354.5,,,
1000000000628,528,Economy,4099.2,51A,2.0,2025-09-30 14:45:00
1000000000629,421,Economy,8038.48,,,
1000000000630,894,Economy,4870.45,22D,3.0,2025-12-10 13:15:00
1000000000631,135,Economy,7564.17,,,
1000000000632,75,Economy,4379.55,15A,1.0,2025-12-17 18:00:00
1000000000633,676,Economy,7756.39,44C,2.0,2025-07-18 20:47:00
1000000000634,472,Comfort,9754.65,,,
1000000000635,710,Business,16079.04,,,
1000000000636,44,Comfort,7341.48,3C,1.0,2025-03-21 06:45:00
1000000000636,764,Business,49438.07,33E,2.0,2025-01-17 09:13:00
1000000000637,751,Economy,5656.35,,,
1000000000637,222,Economy,5755.44,,,
1000000000638,609,Economy,4326.81,32E,2.0,2025-04-24 05:56:00
1000000000639,249,Economy,3240.23,69C,1.0,2025-11-11 05:55:00
1000000000640,752,Economy,7812.45,,,
1000000000640,361,Economy,5233.02,20A,2.0,2025-10-30 14:50:00
1000000000641,643,Economy,4981.76,34E,1.0,2025-07-14 22:02:00
1000000000641,37,Comfort,10421.74,43C,2.0,2025-05-26 04:18:00
1000000000642,491,Business,47154.1,,,
1000000000643,2,Economy,8892.85,,,
1000000000644,685,Business,28067.24,9B,1.0,2025-12-25 20:46:00
1000000000645,361,Economy,2615.33,18C,3.0,2025-10-30 14:27:00
1000000000646,730,Economy,5967.54,,,
1000000000646,800,Economy,5102.22,,,
1000000000647,533,Comfort,12255.89,,,
1000000000648,381,Economy,4753.42,,,
1000000000648,106,Economy,6066.06,,,
1000000000649,82,Economy,5625.24,77A,3.0,2025-04-24 11:51:00
1000000000650,389,Economy,5216.07,33D,2.0,2025-07-02 06:47:00
1000000000650,540,Comfort,10038.64,,,
1000000000651,104,Economy,4478.09,,,
1000000000652,360,Economy,7671.43,,,
1000000000653,213,Economy,7378.21,37C,2.0,2025-01-15 01:34:00
1000000000653,311,Business,44511.95,,,
1000000000654,151,Economy,2710.42,55E,3.0,2025-06-08 09:03:00
1000000000655,355,Economy,7641.55,47C,2.0,2025-03-22 06:40:00
1000000000655,439,Economy,5633.72,,,
1000000000656,694,Economy,4960.43,,,
1000000000657,493,Economy,7587.97,113F,1.0,2025-12-17 11:47:00
1000000000658,290,Economy,6876.44,1C,1.0,2025-04-27 11:12:00
1000000000659,681,Economy,8700.59,47A,2.0,2025-01-26 02:57:00
1000000000660,674,Economy,4723.66,92E,1.0,2025-08-16 15:36:00
1000000000661,763,Economy,6827.75,,,
1000000000662,564,Comfort,12112.26,,,
1000000000663,647,Economy,5882.78,,,
1000000000664,318,Economy,5046.23,4A,6.0,2025-03-01 04:45:00
1000000000665,791,Economy,3928.43,16A,2.0,2025-03-31 17:22:00
1000000000665,289,Economy,3016.54,,,
1000000000666,162,Economy,6520.0,,,
1000000000667,19,Economy,8828.78,52E,2.0,2025-09-06 01:42:00
1000000000668,582,Economy,6684.82,14A,2.0,2025-01-05 06:06:00
1000000000669,397,Economy,6524.78,,,
1000000000670,368,Economy,6436.63,,,
1000000000671,149,Economy,5440.22,56F,2.0,2025-10-12 09:49:00
1000000000672,170,Economy,2742.81,,,
1000000000673,294,Economy,4984.57,,,
1000000000674,874,Comfort,15581.08,,,
1000000000675,81,Economy,5871.27,12A,2.0,2025-07-28 14:22:00
1000000000676,529,Comfort,8494.02,,,
1000000000677,13,Economy,5116.56,3C,2.0,2025-01-25 01:46:00
1000000000677,345,Comfort,14648.21,48D,1.0,2025-07-17 02:39:00
1000000000678,567,Economy,4290.17,96D,1.0,2025-06-12 20:06:00
1000000000679,391,Comfort,10746.56,70B,3.0,2025-10-17 03:08:00
1000000000680,627,Economy,6085.76,28A,3.0,2025-04-13 21:32:00
1000000000681,16,Economy,7695.09,,,
1000000000682,569,Economy,5988.49,,,
1000000000683,196,Economy,8143.99,,,
1000000000683,742,Economy,2999.26,64D,1.0,2025-05-05 17:35:00
1000000000684,76,Comfort,14843.39,,,
1000000000685,33,Economy,6913.76,44D,3.0,2025-12-12 07:10:00
1000000000685,713,Business,50459.38,,,
1000000000686,255,Economy,5156.97,,,
1000000000687,26,Economy,8549.42,,,
1000000000688,895,Economy,7338.32,,,
1000000000688,514,Comfort,14331.24,,,
1000000000689,631,Economy,8005.49,,,
1000000000689,129,Economy,6775.55,41D,1.0,2025-10-02 03:07:00
1000000000690,744,Economy,6089.38,44A,1.0,2025-12-22 14:18:00
1000000000690,498,Economy,2794.23,51C,4.0,2025-12-18 08:30:00
1000000000691,203,Comfort,11641.02,,,
1000000000692,879,Business,40306.33,,,
1000000000693,10,Business,30381.27,11C,1.0,2025-06-11 11:41:00
1000000000694,652,Economy,8180.18,,,
1000000000695,318,Economy,2750.59,73A,7.0,2025-03-01 04:17:00
1000000000696,763,Economy,2810.48,,,
1000000000697,396,Economy,6793.78,,,
1000000000697,465,Economy,5922.69,,,
1000000000698,203,Economy,7760.61,,,
1000000000699,400,Economy,5579.71,50B,3.0,2025-04-13 02:21:00
1000000000700,678,Business,41983.96,109E,1.0,2025-05-22 17:04:00
1000000000701,275,Economy,3896.16,80E,3.0,2025-10-09 19:37:00
1000000000702,643,Economy,8487.2,40A,2.0,2025-07-14 22:13:00
1000000000703,236,Economy,3192.53,,,
1000000000704,766,Business,42669.18,,,
1000000000705,836,Economy,8762.57,,,
1000000000706,854,Economy,3956.96,62C,1.0,2025-02-16 06:13:00
1000000000707,67,Economy,6117.39,14E,2.0,2025-12-09 20:23:00
1000000000708,407,Economy,7937.35,,,
1000000000708,248,Economy,8976.93,41E,4.0,2025-03-02 13:19:00
1000000000709,303,Economy,3115.04,14B,2.0,2025-05-30 21:12:00
1000000000710,398,Business,15959.32,,,
1000000000711,298,Business,33000.26,,,
1000000000712,898,Economy,7536.83,,,
1000000000713,836,Economy,4265.56,,,
1000000000714,72,Economy,8338.19,,,
1000000000715,828,Economy,8923.48,,,
1000000000716,467,Economy,7397.71,66F,1.0,2025-12-04 05:38:00
1000000000716,818,Business,49434.85,,,
1000000000717,493,Economy,8398.45,93A,2.0,2025-12-17 12:15:00
1000000000718,836,Economy,3171.21,,,
1000000000718,38,Business,18324.8,25C,2.0,2025-12-06 02:01:00
1000000000719,38,Economy,3606.44,23D,3.0,2025-12-06 02:21:00
1000000000719,285,Economy,3059.85,31B,1.0,2025-04-19 21:43:00
1000000000720,434,Economy,4010.35,,,
1000000000720,459,Economy,5873.39,45F,3.0,2025-08-10 20:03:00
1000000000721,351,Business,25296.53,14C,3.0,2025-02-14 11:39:00
1000000000721,384,Comfort,7238.62,,,
1000000000722,240,Economy,8394.66,4C,2.0,2025-11-30 05:31:00
1000000000723,817,Economy,3670.73,,,
1000000000724,357,Economy,5008.46,,,
1000000000725,758,Economy,6709.36,,,
1000000000726,107,Business,24740.52,,,
1000000000727,311,Comfort,13250.24,,,
1000000000728,519,Economy,7198.03,,,
1000000000729,201,Economy,6141.02,,,
1000000000729,812,Economy,5919.34,14C,1.0,2025-12-24 17:24:00
1000000000730,158,Economy,7778.46,61A,1.0,2025-04-28 15:59:00
1000000000730,887,Economy,3008.57,49D,2.0,2025-07-08 15:20:00
1000000000731,811,Economy,7473.19,,,
1000000000732,400,Business,34368.95,33B,4.0,2025-04-13 01:54:00
1000000000732,451,Economy,3158.24,,,
1000000000733,845,Economy,3314.42,29A,5.0,2025-10-09 03:51:00
1000000000733,328,Economy,2659.23,76A,3.0,2025-05-17 15:16:00
1000000000734,380,Economy,4464.69,22B,1.0,2025-11-02 05:32:00
1000000000734,769,Economy,5411.09,,,
1000000000735,304,Economy,6584.55,53F,1.0,2025-05-10 20:09:00
1000000000736,868,Comfort,12393.7,12A,2.0,2025-04-19 21:53:00
1000000000737,487,Economy,8884.23,,,
1000000000738,405,Business,41243.6,9B,1.0,2025-05-01 14:24:00
1000000000738,408,Economy,6428.19,88E,2.0,2025-11-01 08:03:00
1000000000739,637,Business,32524.36,,,
1000000000740,50,Economy,7594.52,51D,2.0,2025-05-11 01:11:00
1000000000741,768,Economy,7816.85,16C,1.0,2025-10-25 21:46:00
1000000000742,867,Economy,3751.42,,,
1000000000743,259,Business,48614.33,69F,1.0,2025-12-11 23:15:00
1000000000744,90,Comfort,7010.87,,,
1000000000745,570,Economy,6758.47,,,
1000000000746,875,Economy,8814.84,,,
1000000000747,640,Comfort,13179.39,,,
1000000000747,53,Comfort,13379.97,,,
1000000000748,415,Economy,3778.17,,,
1000000000749,76,Economy,4205.6,,,
1000000000749,63,Economy,6895.75,,,
1000000000750,478,Economy,8947.06,,,
1000000000750,644,Comfort,15448.2,,,
1000000000751,743,Economy,3400.27,,,
1000000000751,430,Business,49744.5,,,
1000000000752,140,Comfort,7188.92,11B,2.0,2025-02-28 22:30:00
1000000000753,408,Comfort,8094.08,66A,3.0,2025-11-01 08:02:00
1000000000754,643,Business,25050.49,4C,3.0,2025-07-14 22:51:00
1000000000755,269,Comfort,13212.5,34D,1.0,2025-02-07 05:25:00
1000000000756,194,Economy,6566.89,17C,3.0,2025-05-10 00:03:00
1000000000757,445,Economy,4084.82,,,
1000000000757,281,Economy,6253.13,,,
1000000000758,586,Economy,6780.83,58B,2.0,2025-12-07 06:08:00
1000000000759,547,Comfort,12715.58,,,
1000000000759,153,Economy,5452.39,,,
1000000000760,390,Comfort,9163.6,,,
1000000000761,620,Comfort,12109.03,,,
1000000000762,170,Economy,8395.48,,,
1000000000762,191,Economy,4172.21,54E,1.0,2025-05-04 21:34:00
1000000000763,255,Comfort,13722.94,,,
1000000000764,721,Economy,5327.54,15A,2.0,2025-01-30 18:41:00
1000000000765,802,Business,24935.39,,,
1000000000766,25,Economy,5878.29,,,
1000000000767,512,Economy,7965.92,60C,1.0,2025-07-20 06:26:00
1000000000768,676,Comfort,7502.08,43B,3.0,2025-07-18 20:51:00
1000000000769,171,Comfort,11775.82,42A,5.0,2025-06-18 03:19:00
1000000000770,365,Economy,6972.62,2A,3.0,2025-02-13 17:06:00
1000000000771,242,Economy,5180.97,,,
1000000000771,480,Comfort,15699.63,56A,2.0,2025-04-25 23:23:00
1000000000772,195,Economy,4430.22,,,
1000000000773,7,Economy,4576.59,81F,1.0,2025-04-30 02:23:00
1000000000774,233,Economy,8806.11,,,
1000000000775,201,Comfort,15790.71,,,
1000000000775,617,Comfort,9842.62,,,
1000000000776,578,Business,51725.57,44A,1.0,2025-07-22 05:58:00
1000000000777,88,Economy,5616.65,,,
1000000000778,401,Business,35522.23,,,
1000000000779,541,Economy,8748.45,55F,2.0,2025-04-09 23:56:00
1000000000780,107,Economy,8662.49,,,
1000000000780,106,Economy,8026.06,,,
1000000000781,32,Comfort,11887.36,,,
1000000000782,256,Economy,8660.26,22B,1.0,2025-05-27 12:37:00
1000000000783,171,Economy,8962.47,39F,6.0,2025-06-18 03:08:00
1000000000784,229,Business,52735.22,35B,2.0,2025-10-24 17:41:00
1000000000785,484,Economy,5891.07,10D,2.0,2025-08-08 08:00:00
1000000000786,452,Economy,5273.93,59A,2.0,2025-03-31 00:33:00
1000000000787,153,Economy,5567.59,,,
1000000000788,632,Economy,2646.29,28D,1.0,2025-05-12 11:23:00
1000000000789,260,Comfort,7624.19,34A,1.0,2025-02-27 00:23:00
1000000000790,441,Comfort,8884.07,,,
1000000000791,68,Economy,7253.9,,,
1000000000792,340,Economy,7110.93,5C,2.0,2025-03-10 19:09:00
1000000000793,34,Economy,4473.23,,,
1000000000793,526,Economy,4163.56,,,
1000000000794,440,Comfort,8871.92,13A,1.0,2025-02-22 12:09:00
1000000000795,11,Business,21058.82,,,
1000000000796,40,Economy,6752.26,,,
1000000000797,723,Business,45134.95,33A,3.0,2025-08-21 07:50:00
1000000000798,468,Economy,3830.62,15C,3.0,2025-02-24 00:00:00
1000000000799,145,Business,16356.11,,,
1000000000799,870,Economy,8162.8,,,
1000000000800,227,Economy,8349.04,,,
1000000000800,127,Economy,5005.8,,,
1000000000801,745,Economy,2560.12,43B,1.0,2025-12-21 00:55:00
1000000000802,286,Business,17892.49,,,
1000000000803,102,Economy,4215.37,,,
1000000000804,32,Economy,4368.06,,,
1000000000805,340,Economy,4639.79,89B,3.0,2025-03-10 19:43:00
1000000000805,566,Economy,4445.6,,,
1000000000806,423,Comfort,8529.61,,,
1000000000807,133,Economy,3273.6,1A,1.0,2025-07-09 20:45:00
1000000000808,670,Business,33357.54,,,
1000000000808,625,Economy,7083.01,13C,3.0,2025-10-03 05:31:00
1000000000809,857,Economy,4654.21,32B,1.0,2025-06-17 13:09:00
1000000000810,137,Economy,8867.52,7A,1.0,2025-02-05 16:14:00
1000000000811,562,Economy,5464.19,,,
1000000000812,312,Economy,8488.02,15C,1.0,2025-10-10 04:31:00
1000000000813,415,Economy,4709.11,,,
1000000000814,204,Economy,7515.32,12A,2.0,2025-12-22 14:41:00
1000000000814,611,Business,49933.21,,,
1000000000815,328,Economy,7926.36,65D,4.0,2025-05-17 14:43:00
1000000000815,519,Economy,6089.06,,,
1000000000816,42,Economy,8890.63,,,
1000000000817,602,Economy,4046.74,25B,1.0,2025-11-12 06:55:00
1000000000818,547,Economy,7093.54,,,
1000000000818,817,Economy,3265.26,,,
1000000000819,70,Comfort,14645.91,52C,3.0,2025-08-04 07:24:00
1000000000820,226,Economy,7066.37,,,
1000000000821,787,Economy,4869.02,,,
1000000000821,303,Comfort,7406.76,23A,3.0,2025-05-30 20:55:00
1000000000822,454,Economy,5723.52,80E,3.0,2025-06-25 04:29:00
1000000000823,193,Comfort,15904.95,19A,2.0,2025-05-31 05:12:00
1000000000824,313,Comfort,11209.62,35B,1.0,2025-12-03 12:29:00
1000000000825,333,Comfort,7936.72,15D,1.0,2025-08-08 06:25:00
1000000000825,786,Economy,8862.89,,,
1000000000826,544,Economy,8665.86,27B,1.0,2025-11-07 05:41:00
1000000000826,585,Economy,8767.69,,,
1000000000827,796,Economy,4962.95,,,
1000000000828,796,Economy,2550.46,,,
1000000000829,279,Economy,6924.93,10A,1.0,2025-09-30 17:09:00
1000000000830,651,Economy,5855.4,,,
1000000000831,233,Economy,8924.53,,,
1000000000832,400,Business,48321.31,49D,5.0,2025-04-13 02:09:00
1000000000833,586,Comfort,11312.48,79E,3.0,2025-12-07 06:09:00
1000000000833,619,Economy,6617.11,,,
1000000000834,713,Business,56056.44,,,
1000000000834,404,Comfort,8982.94,63E,2.0,2025-10-29 05:31:00
1000000000835,693,Comfort,8309.8,,,
1000000000835,362,Economy,6677.6,19B,4.0,2025-04-30 16:05:00
1000000000836,668,Economy,7524.29,,,
1000000000837,241,Business,36033.52,,,
1000000000838,53,Economy,8327.54,,,
1000000000839,5,Economy,5726.87,53B,2.0,2025-06-26 18:32:00
1000000000840,321,Economy,6676.71,43F,2.0,2025-09-11 12:46:00
1000000000840,474,Economy,8024.99,6C,2.0,2025-08-20 02:58:00
1000000000841,849,Economy,5269.28,,,
1000000000842,790,Business,27816.42,11D,2.0,2025-09-26 09:02:00
1000000000843,851,Business,19910.63,15E,4.0,2025-05-07 07:52:00
1000000000843,364,Business,48013.16,54D,1.0,2025-05-24 00:57:00
1000000000844,528,Economy,6472.96,31E,3.0,2025-09-30 15:34:00
1000000000845,621,Economy,6219.96,,,
1000000000846,519,Comfort,11053.96,,,
1000000000847,689,Economy,6828.96,,,
1000000000847,509,Comfort,7648.39,,,
1000000000848,317,Business,24813.64,30E,2.0,2025-12-11 22:06:00
1000000000849,711,Economy,8974.51,,,
1000000000850,101,Comfort,14561.78,,,
1000000000851,398,Economy,8487.84,,,
1000000000852,198,Economy,2666.01,20E,1.0,2025-12-20 14:10:00
1000000000853,548,Economy,6295.14,,,
1000000000854,203,Economy,5756.82,,,
1000000000855,242,Business,33396.01,,,
1000000000856,349,Economy,6103.12,12A,2.0,2025-03-20 07:17:00
1000000000857,784,Business,21221.01,,,
1000000000858,821,Economy,3531.04,46B,1.0,2025-09-12 06:15:00
1000000000858,403,Economy,7121.08,28C,2.0,2025-05-18 17:04:00
1000000000859,160,Economy,6984.82,21A,3.0,2025-03-29 19:08:00
1000000000860,252,Economy,2986.44,,,
1000000000860,275,Economy,6480.43,117F,4.0,2025-10-09 20:06:00
1000000000861,728,Economy,4892.94,45D,2.0,2025-07-19 06:58:00
1000000000862,43,Economy,5171.98,,,
1000000000862,153,Economy,2978.68,,,
1000000000863,317,Economy,8566.76,33A,3.0,2025-12-11 21:35:00
1000000000864,819,Economy,3540.76,19A,1.0,2025-04-30 12:54:00
1000000000864,402,Business,41867.94,,,
1000000000865,152,Economy,7412.86,,,
1000000000865,490,Economy,5220.09,8C,1.0,2025-05-12 16:14:00
1000000000866,106,Economy,3471.28,,,
1000000000866,158,Business,44209.83,7C,2.0,2025-04-28 15:24:00
1000000000867,291,Economy,7017.34,,,
1000000000868,5,Business,31694.03,56D,3.0,2025-06-26 18:27:00
1000000000869,53,Economy,5151.28,,,
1000000000870,439,Economy,5667.38,,,
1000000000870,7,Economy,7713.07,55D,2.0,2025-04-30 02:58:00
1000000000871,141,Economy,8075.87,45C,1.0,2025-01-23 23:03:00
1000000000872,844,Economy,2690.01,,,
1000000000873,760,Comfort,10602.77,,,
1000000000874,677,Business,52581.58,34A,3.0,2025-09-24 21:08:00
1000000000875,703,Economy,2903.45,16E,1.0,2025-10-23 09:53:00
1000000000876,693,Economy,5476.43,,,
1000000000876,24,Economy,5305.83,,,
1000000000877,474,Business,18021.08,30D,3.0,2025-08-20 03:42:00
1000000000877,25,Economy,2862.81,,,
1000000000878,214,Economy,6475.41,17A,2.0,2025-11-23 23:30:00
1000000000879,168,Business,32207.66,48E,1.0,2025-04-07 10:16:00
1000000000880,199,Economy,7406.91,23D,1.0,2025-12-10 20:16:00
1000000000881,162,Business,50243.85,,,
1000000000881,592,Economy,3231.09,,,
1000000000882,230,Economy,3537.5,35C,2.0,2025-07-14 03:50:00
1000000000882,26,Comfort,15079.44,,,
1000000000883,149,Economy,6740.39,66F,3.0,2025-10-12 10:05:00
1000000000884,799,Economy,4359.47,81A,5.0,2025-06-15 09:29:00
1000000000885,555,Economy,5391.88,19C,2.0,2025-12-18 04:15:00
1000000000886,64,Economy,3532.07,,,
1000000000886,410,Economy,7898.87,49D,1.0,2025-08-03 03:22:00
1000000000887,172,Business,39903.28,30A,2.0,2025-03-14 10:37:00
1000000000887,432,Economy,5224.06,,,
1000000000888,332,Economy,8226.75,36F,3.0,2025-02-17 22:33:00
1000000000889,582,Economy,7001.97,2A,3.0,2025-01-05 05:46:00
1000000000890,272,Economy,6579.58,,,
1000000000890,451,Business,59969.57,,,
1000000000891,473,Economy,6075.73,47B,1.0,2025-06-14 15:53:00
1000000000892,561,Business,26739.21,60A,3.0,2025-06-11 15:10:00
1000000000893,716,Economy,4567.52,17B,1.0,2025-05-28 13:27:00
1000000000893,621,Comfort,7475.72,,,
1000000000894,146,Business,38127.71,20B,2.0,2025-02-16 00:42:00
1000000000895,157,Economy,5092.76,16C,3.0,2025-05-11 08:53:00
1000000000895,559,Economy,8927.88,118D,2.0,2025-02-21 22:19:00
1000000000896,73,Economy,7413.28,,,
1000000000897,449,Economy,4720.4,17F,2.0,2025-03-24 01:16:00
1000000000898,435,Economy,5016.75,,,
1000000000899,556,Economy,3808.22,45C,2.0,2025-04-18 10:49:00
1000000000899,528,Economy,8996.47,42B,4.0,2025-09-30 14:53:00
1000000000900,148,Economy,5904.03,16C,1.0,2025-11-04 08:48:00
1000000000901,269,Economy,4846.26,31F,2.0,2025-02-07 05:21:00
1000000000901,137,Economy,5092.91,3A,2.0,2025-02-05 16:45:00
1000000000902,88,Business,40036.51,,,
1000000000903,21,Economy,2517.96,,,
1000000000904,483,Economy,7566.39,,,
1000000000904,2,Economy,5658.34,,,
1000000000905,376,Economy,5537.71,,,
1000000000905,175,Economy,8668.84,73D,1.0,2025-02-09 08:04:00
1000000000906,232,Economy,8837.77,,,
1000000000907,750,Economy,4965.5,,,
1000000000908,664,Business,33552.77,,,
1000000000909,336,Business,19121.58,74E,2.0,2025-12-02 11:10:00
1000000000910,481,Economy,3189.88,,,
1000000000911,371,Economy,3647.97,,,
1000000000912,153,Economy,4378.89,,,
1000000000913,703,Comfort,12640.46,21F,2.0,2025-10-23 10:18:00
1000000000914,13,Business,22746.69,17C,3.0,2025-01-25 02:09:00
1000000000915,810,Economy,6714.74,50E,2.0,2025-11-10 06:11:00
1000000000915,618,Comfort,10800.35,,,
1000000000916,767,Business,48667.47,,,
1000000000917,779,Economy,3483.76,,,
1000000000918,697,Economy,7322.97,44D,3.0,2025-08-10 22:04:00
1000000000919,86,Economy,3234.54,,,
1000000000920,217,Economy,8617.53,,,
1000000000920,452,Comfort,14657.09,24C,3.0,2025-03-31 00:46:00
1000000000921,800,Business,49530.77,,,
1000000000922,809,Comfort,10559.23,,,
1000000000922,434,Economy,7591.89,,,
1000000000923,389,Economy,7333.03,33E,3.0,2025-07-02 06:55:00
1000000000924,328,Economy,3074.62,65A,5.0,2025-05-17 15:02:00
1000000000924,352,Economy,2801.77,64B,1.0,2025-01-06 04:19:00
1000000000925,741,Economy,5809.41,,,
1000000000926,603,Economy,5850.8,47A,2.0,2025-04-29 16:42:00
1000000000927,176,Economy,2793.36,,,
1000000000928,262,Economy,2674.26,59D,2.0,2025-01-29 03:44:00
1000000000929,383,Comfort,9856.04,,,
1000000000930,755,Economy,8358.85,24A,1.0,2025-02-26 14:18:00
1000000000930,606,Business,38313.52,,,
1000000000931,883,Business,26262.84,44F,2.0,2025-10-19 03:01:00
1000000000931,73,Comfort,12487.19,,,
1000000000932,745,Economy,3945.42,38A,2.0,2025-12-21 00:46:00
1000000000933,847,Economy,3265.6,90A,1.0,2025-02-27 17:14:00
1000000000934,675,Economy,7013.9,45E,1.0,2025-06-17 02:32:00
1000000000935,778,Economy,3515.28,89C,1.0,2025-05-02 01:47:00
1000000000936,355,Economy,8663.76,89F,3.0,2025-03-22 07:23:00
1000000000937,872,Economy,6053.22,,,
1000000000938,589,Economy,8248.41,70B,2.0,2025-05-04 22:30:00
1000000000939,736,Economy,2917.55,,,
1000000000939,625,Comfort,9537.24,45A,4.0,2025-10-03 05:23:00
1000000000940,553,Economy,4482.81,,,
1000000000941,179,Economy,8580.59,,,
1000000000942,494,Economy,4138.45,,,
1000000000942,739,Economy,7663.61,,,
1000000000943,269,Economy,5477.07,37B,3.0,2025-02-07 05:12:00
1000000000944,829,Economy,7703.96,,,
1000000000945,186,Economy,8117.77,,,
1000000000946,635,Economy,6521.29,76B,4.0,2025-12-28 14:46:00
1000000000946,516,Economy,8614.6,30A,1.0,2025-08-29 13:03:00
1000000000947,526,Economy,5437.47,,,
1000000000948,71,Economy,2527.76,,,
1000000000949,140,Business,59600.61,11B,3.0,2025-02-28 21:47:00
1000000000949,740,Business,56262.26,22A,4.0,2025-03-03 20:13:00
1000000000950,446,Economy,4663.66,17A,3.0,2025-12-22 20:14:00
1000000000950,187,Economy,8322.78,,,
1000000000951,28,Economy,7961.93,18D,2.0,2025-10-09 02:04:00
1000000000952,491,Economy,7171.99,,,
1000000000952,619,Economy,5146.3,,,
1000000000953,72,Economy,7721.56,,,
1000000000953,369,Economy,3360.03,24B,2.0,2025-04-17 14:03:00
1000000000954,831,Economy,5222.76,81C,2.0,2025-06-06 02:38:00
1000000000954,477,Economy,8131.53,11D,1.0,2025-10-01 09:12:00
1000000000955,135,Economy,5421.82,,,
1000000000956,248,Economy,7940.48,44E,5.0,2025-03-02 13:48:00
1000000000956,255,Comfort,15222.31,,,
1000000000957,504,Economy,6632.31,,,
1000000000957,70,Economy,4438.63,56A,4.0,2025-08-04 06:47:00
1000000000958,65,Comfort,7946.26,44C,2.0,2025-01-11 18:16:00
1000000000959,716,Economy,6039.45,10B,2.0,2025-05-28 13:23:00
1000000000960,818,Economy,5068.1,,,
1000000000961,714,Comfort,10120.45,,,
1000000000962,340,Economy,4005.7,70B,4.0,2025-03-10 19:14:00
1000000000962,526,Economy,4426.94,,,
1000000000963,30,Economy,8054.34,21F,1.0,2025-07-19 07:19:00
1000000000964,143,Economy,3613.81,73D,2.0,2025-05-21 18:01:00
1000000000965,599,Economy,8514.62,,,
1000000000966,629,Economy,8495.23,48E,1.0,2025-02-20 10:03:00
1000000000966,280,Economy,8288.65,46E,1.0,2025-12-24 20:28:00
1000000000967,337,Economy,3015.08,44E,1.0,2025-12-25 07:04:00
1000000000967,158,Comfort,11863.55,61D,3.0,2025-04-28 15:59:00
1000000000968,773,Economy,7347.65,5A,1.0,2025-08-31 10:59:00
1000000000968,886,Comfort,15501.81,77F,3.0,2025-06-02 14:30:00
1000000000969,130,Economy,8172.54,36D,1.0,2025-12-12 06:16:00
1000000000969,807,Economy,5278.59,,,
1000000000970,680,Comfort,8675.37,,,
1000000000971,474,Economy,8880.12,46E,4.0,2025-08-20 03:24:00
1000000000972,518,Business,36740.27,,,
1000000000973,852,Economy,8804.67,,,
1000000000974,8,Economy,5990.14,,,
1000000000974,417,Comfort,9393.64,51F,3.0,2025-03-11 14:53:00
1000000000975,351,Comfort,8561.36,43E,4.0,2025-02-14 12:24:00
1000000000976,872,Economy,6688.06,,,
1000000000976,860,Comfort,7503.41,,,
1000000000977,348,Economy,7087.17,,,
1000000000978,63,Business,49917.71,,,
1000000000979,652,Economy,3322.66,,,
1000000000980,836,Business,35167.3,,,
1000000000981,320,Economy,4154.73,,,
1000000000981,727,Comfort,15738.63,,,
1000000000982,346,Economy,5168.54,,,
1000000000983,809,Economy,3949.06,,,
1000000000984,461,Comfort,15847.58,,,
1000000000985,301,Economy,5201.2,19B,2.0,2025-05-05 09:17:00
1000000000986,71,Comfort,10791.93,,,
1000000000986,369,Comfort,9569.4,43D,3.0,2025-04-17 13:12:00
1000000000987,401,Comfort,15878.45,,,
1000000000988,624,Economy,8765.41,56C,2.0,2025-03-17 07:35:00
1000000000989,271,Economy,5303.02,,,
1000000000990,213,Economy,6553.4,10A,3.0,2025-01-15 01:20:00
1000000000990,192,Economy,6414.87,52C,2.0,2025-11-26 04:17:00
1000000000991,707,Economy,2568.69,16C,3.0,2025-05-31 08:35:00
1000000000992,630,Economy,4533.11,,,
1000000000993,694,Economy,3537.79,,,
1000000000993,863,Economy,5673.23,,,
1000000000994,569,Economy,3841.14,,,
1000000000995,736,Economy,8086.46,,,
1000000000996,524,Economy,3262.63,,,
1000000000997,517,Economy,7434.84,,,
1000000000997,511,Economy,3955.0,32F,3.0,2025-07-27 17:01:00
1000000000998,55,Economy,8269.5,,,
1000000000999,78,Economy,2609.91,26D,3.0,2025-09-05 13:39:00
1000000000999,40,Comfort,8860.35,,,
1000000001000,828,Economy,5124.05,,,
1000000001001,652,Economy,5691.51,,,
1000000001002,472,Economy,4572.01,,,
1000000001003,623,Economy,6536.47,17B,1.0,2025-04-30 05:33:00
1000000001004,507,Economy,4731.19,,,
1000000001005,377,Economy,4726.92,88E,2.0,2025-11-11 18:25:00
1000000001006,397,Economy,7115.48,,,
1000000001007,118,Economy,4869.57,,,
1000000001008,860,Comfort,12032.36,,,
1000000001008,294,Economy,8623.39,,,
1000000001009,135,Economy,6808.23,,,
1000000001010,829,Business,57408.19,,,
1000000001011,793,Economy,5754.05,,,
1000000001011,543,Comfort,7668.75,43E,1.0,2025-12-27 01:00:00
1000000001012,69,Economy,7113.48,,,
1000000001013,853,Business,37114.17,,,
1000000001014,328,Economy,3829.31,30D,6.0,2025-05-17 14:40:00
1000000001014,153,Economy,7472.72,,,
1000000001015,475,Economy,7249.23,30A,3.0,2025-06-10 21:17:00
1000000001015,208,Business,23484.88,59F,2.0,2025-06-08 11:55:00
1000000001016,94,Comfort,13640.44,13C,1.0,2025-12-18 06:34:00
1000000001017,720,Economy,3801.79,,,
1000000001018,240,Economy,7662.94,2A,3.0,2025-11-30 05:38:00
1000000001018,297,Economy,7681.91,,,
1000000001019,565,Business,31276.38,,,
1000000001020,169,Economy,4560.4,40B,2.0,2025-02-13 15:48:00
1000000001020,363,Economy,4335.04,,,
1000000001021,623,Economy,7703.1,21B,2.0,2025-04-30 05:40:00
1000000001021,259,Business,29621.29,60E,2.0,2025-12-11 23:24:00
1000000001022,609,Economy,8782.48,15C,3.0,2025-04-24 05:44:00
1000000001023,759,Business,26789.38,65B,3.0,2025-08-06 15:39:00
1000000001023,748,Economy,3813.84,,,
1000000001024,703,Economy,6997.38,17B,3.0,2025-10-23 09:46:00
1000000001025,90,Economy,4054.91,,,
1000000001026,119,Economy,2668.48,38A,2.0,2025-08-25 19:59:00
1000000001026,787,Comfort,13369.74,,,
1000000001027,230,Economy,4384.99,30E,3.0,2025-07-14 03:51:00
1000000001028,539,Business,17283.27,88F,4.0,2025-02-10 17:33:00
1000000001029,593,Economy,4463.12,64A,1.0,2025-01-21 15:05:00
1000000001029,389,Economy,7859.26,14C,4.0,2025-07-02 06:51:00
1000000001030,72,Economy,3749.26,,,
1000000001031,576,Economy,7025.24,,,
1000000001032,156,Economy,5301.75,,,
1000000001033,409,Economy,4452.55,,,
1000000001033,501,Business,54599.82,,,
1000000001034,496,Economy,6758.77,,,
1000000001034,88,Economy,8362.43,,,
1000000001035,118,Comfort,14138.65,,,
1000000001036,37,Economy,8134.25,29C,3.0,2025-05-26 04:55:00
1000000001037,801,Economy,8267.8,24D,2.0,2025-02-22 05:21:00
1000000001037,163,Business,26857.35,,,
1000000001038,29,Business,18447.59,,,
1000000001039,487,Economy,2877.2,,,
1000000001039,789,Economy,5449.58,93C,1.0,2025-08-06 23:06:00
1000000001040,881,Economy,3488.15,,,
1000000001041,387,Comfort,8880.71,,,
1000000001042,856,Economy,5733.51,43C,1.0,2025-08-05 01:51:00
1000000001043,96,Business,45232.7,15A,2.0,2025-10-19 08:45:00
1000000001043,668,Comfort,13210.24,,,
1000000001044,868,Business,57934.79,19D,3.0,2025-04-19 21:37:00
1000000001045,211,Economy,8152.7,6C,1.0,2025-09-23 08:39:00
1000000001045,62,Economy,6448.98,56E,1.0,2025-11-17 06:20:00
1000000001046,620,Economy,7152.14,,,
1000000001047,254,Economy,2885.22,64C,1.0,2025-12-11 08:27:00
1000000001047,224,Economy,4568.79,,,
1000000001048,801,Economy,8133.21,9A,3.0,2025-02-22 05:20:00
1000000001048,28,Economy,6136.31,10D,3.0,2025-10-09 02:09:00
1000000001049,306,Economy,2699.04,63D,1.0,2025-05-08 20:27:00
1000000001050,797,Economy,8230.95,,,
1000000001050,503,Economy,5919.86,21D,2.0,2025-05-10 05:19:00
1000000001051,344,Economy,2533.83,,,
1000000001052,191,Economy,8030.97,56E,2.0,2025-05-04 21:31:00
1000000001053,145,Economy,8646.08,,,
1000000001053,703,Economy,4814.46,8A,4.0,2025-10-23 10:13:00
1000000001054,118,Comfort,15593.34,,,
1000000001055,220,Economy,3573.11,,,
1000000001055,319,Comfort,10855.29,18F,1.0,2025-09-07 19:29:00
1000000001056,501,Economy,8207.22,,,
1000000001057,198,Business,38935.01,3A,2.0,2025-12-20 13:37:00
1000000001057,149,Economy,5172.76,66C,4.0,2025-10-12 09:54:00
1000000001058,424,Economy,7697.16,,,
1000000001059,756,Economy,7126.12,13C,1.0,2025-10-23 16:05:00
1000000001060,786,Economy,2750.84,,,
1000000001061,469,Economy,8286.7,42B,2.0,2025-04-07 02:29:00
1000000001062,39,Economy,4829.28,51E,1.0,2025-04-18 22:10:00
1000000001063,114,Economy,4250.81,11A,1.0,2025-12-12 16:38:00
1000000001064,558,Economy,4525.44,,,
1000000001065,389,Comfort,7654.22,40D,5.0,2025-07-02 06:07:00
1000000001066,315,Economy,2701.81,,,
1000000001067,385,Economy,5856.58,20A,2.0,2025-01-11 15:34:00
1000000001068,23,Economy,4708.6,,,
1000000001068,802,Economy,4964.04,,,
1000000001069,265,Economy,5088.54,,,
1000000001070,389,Comfort,15324.09,50F,6.0,2025-07-02 06:26:00
1000000001070,519,Economy,3081.78,,,
1000000001071,28,Economy,8202.35,21E,4.0,2025-10-09 02:06:00
1000000001072,323,Economy,4696.76,19C,2.0,2025-09-19 01:55:00
1000000001073,807,Economy,2557.63,,,
1000000001074,872,Economy,8709.33,,,
1000000001074,89,Economy,3394.83,,,
1000000001075,154,Business,58590.33,32A,2.0,2025-02-11 07:25:00
1000000001076,704,Economy,6735.61,,,
1000000001076,129,Economy,7478.69,47E,2.0,2025-10-02 02:59:00
1000000001077,544,Economy,4889.73,15A,2.0,2025-11-07 05:44:00
1000000001078,647,Economy,7634.96,,,
1000000001078,462,Economy,2690.95,,,
1000000001079,588,Economy,8471.69,,,
1000000001079,88,Economy,6033.37,,,
1000000001080,422,Comfort,14116.49,48A,1.0,2025-12-16 00:23:00
1000000001081,836,Economy,4137.2,,,
1000000001082,893,Economy,5580.1,17B,3.0,2025-04-04 11:36:00
1000000001083,431,Economy,5665.59,,,
1000000001084,730,Economy,4680.0,,,
1000000001085,313,Economy,8705.26,55A,2.0,2025-12-03 12:49:00
1000000001085,831,Economy,5016.79,78A,3.0,2025-06-06 02:28:00
1000000001086,856,Economy,7322.21,45E,2.0,2025-08-05 01:55:00
1000000001087,715,Comfort,8173.88,14D,2.0,2025-06-04 14:34:00
1000000001087,363,Economy,8786.99,,,
1000000001088,761,Comfort,14991.39,,,
1000000001089,69,Business,24211.22,,,
1000000001089,664,Economy,6269.73,,,
1000000001090,714,Economy,3696.81,,,
1000000001090,770,Economy,3264.03,,,
1000000001091,218,Economy,7851.53,65A,1.0,2025-05-29 11:50:00
1000000001092,527,Economy,3092.13,100D,2.0,2025-09-16 21:20:00
1000000001092,621,Economy,5392.21,,,
1000000001093,106,Economy,7128.67,,,
1000000001094,672,Economy,5132.73,,,
1000000001095,757,Economy,8066.83,,,
1000000001096,797,Economy,4331.97,,,
1000000001096,580,Economy,8045.72,37A,2.0,2025-03-11 08:09:00
1000000001097,360,Comfort,14084.58,,,
1000000001098,555,Economy,5642.06,44E,3.0,2025-12-18 04:17:00
1000000001098,207,Comfort,13416.48,,,
1000000001099,675,Economy,6106.17,40A,2.0,2025-06-17 03:34:00
1000000001099,504,Business,33655.02,,,
1000000001100,281,Economy,8678.81,,,
1000000001101,848,Economy,5864.74,31C,1.0,2025-11-04 03:02:00
1000000001102,887,Business,45381.11,73D,3.0,2025-07-08 15:20:00
1000000001102,480,Economy,7189.96,1C,3.0,2025-04-25 22:23:00
1000000001103,124,Business,20366.71,30C,2.0,2025-12-14 22:04:00
1000000001103,119,Economy,4981.86,88E,3.0,2025-08-25 20:00:00
1000000001104,597,Economy,2892.28,,,
1000000001104,877,Economy,4861.07,,,
1000000001105,750,Comfort,14858.47,,,
1000000001106,750,Comfort,13034.62,,,
1000000001107,879,Comfort,15730.61,,,
1000000001107,668,Economy,5730.77,,,
1000000001108,495,Economy,7952.09,,,
1000000001108,300,Economy,5480.19,,,
1000000001109,574,Economy,3286.5,9A,1.0,2025-11-22 17:42:00
1000000001110,343,Business,22057.09,76C,1.0,2025-10-11 19:07:00
1000000001111,168,Comfort,10655.61,42A,2.0,2025-04-07 10:18:00
1000000001112,682,Economy,7232.08,,,
1000000001113,441,Economy,7173.01,,,
1000000001114,221,Comfort,12819.29,,,
1000000001115,65,Economy,5116.32,52F,3.0,2025-01-11 17:18:00
1000000001116,112,Comfort,7010.47,,,
1000000001117,700,Business,36257.39,23B,2.0,2025-08-12 03:38:00
1000000001118,831,Economy,5881.22,16C,4.0,2025-06-06 02:03:00
1000000001119,770,Economy,8473.82,,,
1000000001120,446,Comfort,12220.37,38A,4.0,2025-12-22 20:36:00
1000000001120,770,Economy,7964.24,,,
1000000001121,36,Business,55055.38,,,
1000000001121,585,Economy,5779.95,,,
1000000001122,689,Economy,5328.76,,,
1000000001123,554,Comfort,15404.83,36A,2.0,2025-04-24 17:03:00
1000000001123,451,Economy,8040.74,,,
1000000001124,690,Economy,4712.04,49C,2.0,2025-05-01 03:44:00
1000000001124,885,Economy,5560.79,,,
1000000001125,283,Economy,6387.54,,,
1000000001126,106,Economy,6308.86,,,
1000000001127,592,Economy,8084.18,,,
1000000001128,199,Economy,3360.45,18C,2.0,2025-12-10 20:18:00
1000000001128,315,Economy,8837.3,,,
1000000001129,232,Economy,3312.55,,,
1000000001130,680,Economy,8694.7,,,
1000000001130,262,Economy,5381.46,42F,3.0,2025-01-29 04:09:00
1000000001131,733,Comfort,15991.85,17B,1.0,2025-04-08 03:07:00
1000000001132,41,Economy,4677.57,,,
1000000001132,751,Economy,4728.39,,,
1000000001133,279,Economy,7340.11,31E,2.0,2025-09-30 17:10:00
1000000001134,726,Economy,5634.22,87C,2.0,2025-08-09 05:37:00
1000000001135,818,Economy,7948.84,,,
1000000001136,741,Business,33368.76,,,
1000000001137,199,Economy,3998.56,25C,3.0,2025-12-10 20:09:00
1000000001137,140,Economy,8633.9,15F,4.0,2025-02-28 22:20:00
1000000001138,790,Economy,3408.78,11C,3.0,2025-09-26 08:37:00
1000000001138,533,Economy,3710.55,,,
1000000001139,213,Economy,7764.44,46D,4.0,2025-01-15 00:40:00
1000000001139,105,Comfort,13600.14,4A,1.0,2025-04-26 03:25:00
1000000001140,599,Economy,6757.37,,,
1000000001141,35,Economy,5397.51,55A,2.0,2025-07-22 03:45:00
1000000001142,780,Economy,3304.63,86E,2.0,2025-06-04 01:32:00
1000000001143,527,Economy,4886.37,96C,3.0,2025-09-16 21:15:00
1000000001143,216,Economy,6696.85,39C,1.0,2025-03-15 10:09:00
1000000001144,225,Economy,6350.87,54A,2.0,2025-01-24 00:41:00
1000000001145,432,Economy,5006.68,,,
1000000001146,669,Economy,4422.65,,,
1000000001147,366,Economy,7907.99,18A,1.0,2025-12-06 03:43:00
1000000001147,315,Economy,6826.97,,,
1000000001148,228,Economy,6846.66,34D,1.0,2025-12-11 02:48:00
1000000001149,212,Economy,6590.05,64C,1.0,2025-10-01 01:30:00
1000000001150,617,Economy,5940.58,,,
1000000001151,270,Economy,3363.11,89E,1.0,2025-03-02 22:58:00
1000000001152,586,Economy,6421.0,81C,4.0,2025-12-07 05:26:00
1000000001153,694,Economy,3915.0,,,
1000000001153,689,Economy,7007.01,,,
1000000001154,169,Economy,5813.76,48B,3.0,2025-02-13 15:02:00
1000000001155,818,Comfort,13128.42,,,
1000000001155,372,Economy,3330.48,1C,1.0,2025-10-09 05:50:00
1000000001156,898,Business,44220.77,,,
1000000001157,688,Comfort,10629.45,,,
1000000001158,305,Economy,5561.7,30C,3.0,2025-10-01 15:17:00
1000000001159,146,Economy,4829.44,20C,3.0,2025-02-16 01:29:00
1000000001160,1,Economy,3703.79,,,
1000000001160,237,Economy,5553.07,9D,1.0,2025-04-14 16:51:00
1000000001161,361,Economy,5102.87,21E,4.0,2025-10-30 13:59:00
1000000001162,587,Economy,5195.11,41C,2.0,2025-10-09 15:08:00
1000000001163,611,Economy,3806.91,,,
1000000001164,329,Comfort,9573.97,64B,3.0,2025-03-09 06:00:00
1000000001165,669,Economy,5554.55,,,
1000000001165,377,Economy,3911.8,14C,3.0,2025-11-11 18:36:00
1000000001166,94,Economy,7285.96,17B,2.0,2025-12-18 06:44:00
1000000001166,17,Economy,4944.28,46E,3.0,2025-03-20 10:34:00
1000000001167,400,Economy,5497.83,48C,6.0,2025-04-13 02:17:00
1000000001168,748,Economy,8467.81,,,
1000000001169,578,Economy,8867.98,58E,2.0,2025-07-22 06:05:00
1000000001170,99,Economy,2717.0,,,
1000000001171,562,Economy,5076.15,,,
1000000001172,24,Economy,8845.06,,,
1000000001172,766,Economy,5186.78,,,
1000000001173,774,Economy,7497.16,,,
1000000001174,644,Economy,5548.69,,,
1000000001174,708,Economy,4859.94,27B,1.0,2025-02-01 20:14:00
1000000001175,442,Comfort,14082.03,,,
1000000001176,24,Economy,5721.72,,,
1000000001177,300,Economy,6802.06,,,
1000000001177,790,Economy,6134.98,1C,4.0,2025-09-26 09:04:00
1000000001178,503,Comfort,13441.95,35D,3.0,2025-05-10 04:45:00
1000000001179,856,Economy,5709.42,22C,3.0,2025-08-05 02:26:00
1000000001179,308,Economy,7492.74,,,
1000000001180,763,Comfort,15502.84,,,
1000000001180,790,Economy,5757.63,19D,5.0,2025-09-26 09:37:00
1000000001181,399,Economy,8469.54,,,
1000000001182,196,Economy,7692.51,,,
1000000001183,461,Economy,6357.2,,,
1000000001184,553,Economy,5392.89,,,
1000000001184,515,Economy,4216.15,,,
1000000001185,840,Economy,4572.92,11B,3.0,2025-11-23 16:21:00
1000000001186,162,Economy,2875.43,,,
1000000001187,524,Comfort,12804.32,,,
1000000001188,400,Economy,6453.69,44F,7.0,2025-04-13 02:19:00
1000000001188,288,Economy,3944.89,,,
1000000001189,238,Economy,5137.05,,,
1000000001189,367,Economy,8978.85,,,
1000000001190,105,Economy,5027.69,12A,2.0,2025-04-26 02:21:00
1000000001191,6,Economy,2792.54,57B,1.0,2025-05-31 19:31:00
1000000001192,298,Economy,2504.5,,,
1000000001193,822,Economy,5600.11,25C,3.0,2025-07-15 18:14:00
1000000001194,441,Economy,6288.45,,,
1000000001195,84,Economy,3710.71,29D,2.0,2025-04-09 08:57:00
1000000001196,773,Economy,6234.59,56F,2.0,2025-08-31 10:45:00
1000000001197,565,Economy,5767.6,,,
1000000001197,808,Business,18155.84,,,
1000000001198,655,Economy,7620.89,13E,2.0,2025-11-04 18:25:00
1000000001199,617,Economy,3908.39,,,
1000000001200,557,Economy,7148.3,76D,3.0,2025-08-30 19:10:00
1000000001201,229,Economy,4551.75,1A,3.0,2025-10-24 17:52:00
1000000001202,347,Comfort,11337.28,,,
1000000001203,12,Business,54792.49,,,
1000000001203,109,Economy,8061.19,14F,2.0,2025-03-18 13:26:00
1000000001204,555,Economy,4936.09,8A,4.0,2025-12-18 04:36:00
1000000001205,670,Economy,4418.82,,,
1000000001205,828,Economy,6259.59,,,
1000000001206,411,Economy,7206.15,,,
1000000001207,365,Economy,6241.31,21D,4.0,2025-02-13 17:12:00
1000000001208,591,Economy,3029.65,34C,2.0,2025-07-02 18:52:00
1000000001208,422,Economy,2550.61,2A,2.0,2025-12-15 23:46:00
1000000001209,152,Economy,3826.05,,,
1000000001210,856,Business,53232.46,46D,4.0,2025-08-05 02:09:00
1000000001211,719,Economy,5246.67,,,
1000000001212,606,Economy,7783.07,,,
1000000001213,200,Economy,4794.59,18A,2.0,2025-08-13 00:50:00
1000000001214,881,Comfort,9386.68,,,
1000000001215,847,Economy,8173.08,19C,2.0,2025-02-27 16:40:00
1000000001216,535,Economy,5004.82,60D,1.0,2025-10-13 14:23:00
1000000001217,398,Economy,2943.91,,,
1000000001218,186,Comfort,13665.91,,,
1000000001218,425,Economy,6722.83,,,
1000000001219,398,Business,31676.92,,,
1000000001219,607,Economy,4567.01,46C,2.0,2025-10-16 16:44:00
1000000001220,121,Economy,2812.43,,,
1000000001221,556,Economy,3289.35,47A,3.0,2025-04-18 11:24:00
1000000001222,728,Comfort,14873.21,42B,3.0,2025-07-19 07:27:00
1000000001222,661,Economy,3683.71,52E,1.0,2025-09-05 22:05:00
1000000001223,595,Business,17680.54,,,
1000000001223,738,Comfort,8990.46,,,
1000000001224,836,Economy,5298.09,,,
1000000001224,679,Economy,5781.82,,,
1000000001225,867,Comfort,14612.37,,,
1000000001226,721,Economy,6209.68,34F,3.0,2025-01-30 17:45:00
1000000001226,397,Economy,4373.35,,,
1000000001227,168,Economy,3416.38,7A,3.0,2025-04-07 09:58:00
1000000001228,7,Economy,7609.15,27A,3.0,2025-04-30 03:24:00
1000000001228,532,Economy,7356.48,,,
1000000001229,860,Comfort,13313.22,,,
1000000001229,44,Economy,5747.16,7C,2.0,2025-03-21 06:23:00
1000000001230,794,Economy,4034.56,16C,2.0,2025-12-01 20:29:00
1000000001231,580,Comfort,7268.53,63C,3.0,2025-03-11 08:39:00
1000000001232,832,Comfort,9991.76,,,
1000000001233,514,Economy,3356.07,,,
1000000001233,36,Business,26802.41,,,
1000000001234,609,Economy,6947.67,43B,4.0,2025-04-24 05:01:00
1000000001235,357,Economy,5666.23,,,
1000000001235,586,Economy,8888.21,21A,5.0,2025-12-07 05:46:00
1000000001236,634,Economy,4387.31,31B,3.0,2025-10-05 02:57:00
1000000001237,667,Business,23061.37,114E,3.0,2025-06-23 21:01:00
1000000001237,454,Economy,6576.15,53D,4.0,2025-06-25 03:42:00
1000000001238,400,Economy,8207.89,52A,8.0,2025-04-13 01:56:00
1000000001239,99,Economy,8068.42,,,
1000000001240,143,Economy,6595.1,30D,3.0,2025-05-21 18:10:00
1000000001241,689,Economy,5871.89,,,
1000000001241,730,Economy,2593.11,,,
1000000001242,703,Economy,7743.15,15D,5.0,2025-10-23 10:30:00
1000000001242,397,Economy,5036.49,,,
1000000001243,737,Economy,5330.01,41B,1.0,2025-11-30 23:46:00
1000000001244,131,Economy,8617.99,,,
1000000001245,609,Business,45380.52,36D,5.0,2025-04-24 06:05:00
1000000001245,647,Economy,4902.26,,,
1000000001246,510,Economy,7839.88,58D,1.0,2025-04-11 07:35:00
1000000001247,373,Comfort,11475.16,34C,2.0,2025-04-12 11:44:00
1000000001248,152,Economy,4277.86,,,
1000000001249,349,Economy,7328.02,9C,3.0,2025-03-20 07:40:00
1000000001249,156,Economy,7343.31,,,
1000000001250,635,Economy,5038.11,17A,5.0,2025-12-28 14:58:00
1000000001251,371,Business,17545.44,,,
1000000001252,9,Economy,7258.98,46A,2.0,2025-07-14 07:13:00
1000000001252,641,Economy,3069.77,,,
1000000001253,528,Economy,5189.11,31E,5.0,2025-09-30 15:11:00
1000000001253,279,Economy,3471.19,18C,3.0,2025-09-30 17:09:00
1000000001254,729,Economy,3053.78,,,
1000000001254,127,Economy,8208.17,,,
1000000001255,265,Comfort,9035.99,,,
1000000001256,834,Economy,7039.27,,,
1000000001257,288,Economy,8371.76,,,
1000000001257,883,Business,36846.49,23A,3.0,2025-10-19 03:22:00
1000000001258,820,Comfort,13128.23,20F,1.0,2025-09-01 20:26:00
1000000001259,494,Comfort,8360.17,,,
1000000001259,606,Comfort,7406.19,,,
1000000001260,118,Economy,5950.87,,,
1000000001261,223,Economy,8612.1,45A,2.0,2025-05-28 01:19:00
1000000001262,112,Economy,8740.74,,,
1000000001263,581,Economy,4519.76,,,
1000000001263,393,Business,30471.16,,,
1000000001264,791,Economy,7735.96,44D,3.0,2025-03-31 16:43:00
1000000001265,485,Economy,4334.56,62F,1.0,2025-03-20 09:24:00
1000000001266,786,Economy,5764.75,,,
1000000001267,148,Economy,8948.91,42E,2.0,2025-11-04 08:51:00
1000000001267,201,Economy,4420.28,,,
1000000001268,655,Economy,4625.08,5A,3.0,2025-11-04 17:41:00
1000000001269,696,Comfort,11981.85,30A,1.0,2025-10-09 00:35:00
1000000001269,571,Business,26329.44,,,
1000000001270,568,Economy,3713.47,,,
1000000001271,163,Business,34862.13,,,
1000000001271,8,Economy,4967.99,,,
1000000001272,46,Economy,6012.18,17F,1.0,2025-04-13 13:32:00
1000000001273,714,Comfort,11020.71,,,
1000000001274,133,Economy,4537.14,5C,2.0,2025-07-09 20:58:00
1000000001274,57,Economy,5035.17,73A,2.0,2025-11-09 02:01:00
1000000001275,796,Comfort,8226.38,,,
1000000001276,673,Economy,5624.97,,,
1000000001277,85,Economy,8705.52,11C,3.0,2025-10-29 16:10:00
1000000001278,125,Economy,5019.98,,,
1000000001279,294,Economy,6340.73,,,
1000000001280,392,Economy,5498.85,,,
1000000001280,314,Economy,3830.82,5A,2.0,2025-12-27 04:54:00
1000000001281,126,Economy,4855.76,46A,1.0,2025-03-09 16:39:00
1000000001282,805,Business,22408.24,,,
1000000001282,595,Economy,6499.22,,,
1000000001283,26,Comfort,13716.81,,,
1000000001284,310,Economy,6398.41,64E,2.0,2025-06-28 13:54:00
1000000001284,232,Economy,6027.8,,,
1000000001285,565,Economy,6574.84,,,
1000000001286,537,Economy,8561.84,72E,3.0,2025-09-18 11:19:00
1000000001286,519,Economy,7118.61,,,
1000000001287,134,Economy,6339.96,,,
1000000001287,119,Economy,4158.33,72B,4.0,2025-08-25 19:15:00
1000000001288,225,Economy,8369.65,12C,3.0,2025-01-24 00:29:00
1000000001288,528,Economy,3541.16,21B,6.0,2025-09-30 15:11:00
1000000001289,330,Economy,8540.96,,,
1000000001289,271,Economy,4383.95,,,
1000000001290,121,Business,47932.61,,,
1000000001291,899,Economy,5076.23,81F,1.0,2025-11-17 16:16:00
1000000001291,538,Economy,7199.87,,,
1000000001292,7,Economy,3937.67,61F,4.0,2025-04-30 02:33:00
1000000001293,781,Economy,2524.26,,,
1000000001293,362,Business,31993.13,8D,5.0,2025-04-30 16:50:00
1000000001294,563,Economy,8125.46,,,
1000000001294,873,Economy,6968.36,,,
1000000001295,124,Economy,8531.55,39A,3.0,2025-12-14 22:02:00
1000000001296,551,Economy,7635.89,107C,2.0,2025-05-04 06:59:00
1000000001296,169,Economy,4199.28,22D,4.0,2025-02-13 15:29:00
1000000001297,12,Business,47486.51,,,
1000000001298,601,Business,34389.99,19C,3.0,2025-12-02 14:36:00
1000000001299,411,Business,16460.77,,,
1000000001299,676,Economy,4790.04,23D,4.0,2025-07-18 21:28:00
1000000001300,259,Economy,4220.06,55A,3.0,2025-12-11 22:19:00
1000000001301,284,Comfort,12061.79,15A,2.0,2025-03-29 01:19:00
1000000001301,593,Economy,8879.41,70B,2.0,2025-01-21 14:41:00
1000000001302,268,Economy,2689.08,,,
1000000001303,241,Economy,6934.36,,,
1000000001304,725,Economy,6134.22,,,
1000000001305,231,Economy,6568.47,38D,1.0,2025-03-19 12:43:00
1000000001305,809,Economy,5170.0,,,
1000000001306,359,Business,48215.09,54A,2.0,2025-07-25 01:52:00
1000000001307,638,Economy,6229.75,21C,1.0,2025-11-10 18:57:00
1000000001308,874,Economy,8412.33,,,
1000000001309,591,Economy,5677.6,35E,3.0,2025-07-02 19:01:00
1000000001310,488,Economy,6191.71,31C,1.0,2025-07-04 08:01:00
1000000001311,854,Comfort,7803.69,47F,2.0,2025-02-16 07:01:00
1000000001312,226,Comfort,15962.89,,,
1000000001313,561,Economy,7696.41,37D,4.0,2025-06-11 14:15:00
1000000001314,876,Economy,6450.74,,,
1000000001314,134,Economy,7774.17,,,
1000000001315,118,Comfort,7298.42,,,
1000000001315,373,Economy,3955.63,28A,3.0,2025-04-12 11:28:00
1000000001316,1,Economy,3692.29,,,
1000000001317,258,Economy,3515.85,10C,2.0,2025-04-02 16:52:00
1000000001318,619,Economy,8116.04,,,
1000000001318,14,Economy,5059.57,,,
1000000001319,394,Comfort,14409.83,17A,2.0,2025-07-13 11:23:00
1000000001319,796,Economy,6587.46,,,
1000000001320,618,Business,30418.22,,,
1000000001320,585,Business,25087.73,,,
1000000001321,28,Economy,6485.13,19D,5.0,2025-10-09 01:52:00
1000000001322,237,Economy,3679.8,3A,2.0,2025-04-14 16:20:00
1000000001323,821,Economy,3758.87,36C,2.0,2025-09-12 06:00:00
1000000001324,691,Economy,4864.92,,,
1000000001325,582,Economy,3528.5,13A,4.0,2025-01-05 05:54:00
1000000001325,580,Economy,5548.32,60A,4.0,2025-03-11 07:54:00
1000000001326,455,Economy,7493.44,17E,4.0,2025-08-04 18:56:00
1000000001326,633,Economy,3251.6,61F,1.0,2025-07-15 15:16:00
1000000001327,99,Comfort,11198.9,,,
1000000001328,641,Comfort,13571.42,,,
1000000001329,5,Business,34080.47,58A,4.0,2025-06-26 18:18:00
1000000001329,837,Economy,6971.09,58B,1.0,2025-08-07 06:02:00
1000000001330,775,Economy,6878.08,36B,2.0,2025-10-31 21:00:00
1000000001331,513,Business,36548.22,,,
1000000001331,388,Comfort,15283.89,,,
1000000001332,850,Economy,7029.6,,,
1000000001333,876,Economy,4265.02,,,
1000000001334,173,Economy,3477.47,62E,1.0,2025-10-14 11:07:00
1000000001335,822,Comfort,10155.85,32E,4.0,2025-07-15 18:37:00
1000000001336,531,Economy,5017.1,,,
1000000001336,456,Economy,7825.22,,,
1000000001337,454,Economy,4767.66,82D,5.0,2025-06-25 04:10:00
1000000001338,454,Business,53859.05,10A,6.0,2025-06-25 04:24:00
1000000001339,794,Economy,5377.44,9D,3.0,2025-12-01 21:10:00
1000000001340,280,Economy,7362.24,56B,2.0,2025-12-24 20:45:00
1000000001341,658,Economy,8203.94,46B,2.0,2025-12-05 20:59:00
1000000001341,639,Comfort,10144.58,39D,2.0,2025-02-10 22:21:00
1000000001342,494,Economy,3992.22,,,
1000000001342,538,Economy,7241.08,,,
1000000001343,413,Economy,3712.44,20B,4.0,2025-07-22 09:40:00
1000000001344,616,Economy,8844.12,38C,3.0,2025-12-24 06:50:00
1000000001345,284,Comfort,7262.58,23A,3.0,2025-03-29 01:27:00
1000000001346,823,Comfort,7786.25,1A,1.0,2025-09-10 13:06:00
1000000001347,831,Business,26590.55,8C,5.0,2025-06-06 02:30:00
1000000001348,822,Economy,3417.49,31C,5.0,2025-07-15 18:04:00
1000000001349,546,Economy,6279.27,39F,2.0,2025-10-22 08:00:00
1000000001350,405,Economy,5275.77,22A,2.0,2025-05-01 14:20:00
1000000001350,479,Comfort,13710.1,,,
1000000001351,872,Comfort,8228.42,,,
1000000001352,842,Comfort,12573.98,51D,2.0,2025-04-15 12:56:00
1000000001353,151,Comfort,13378.41,75A,4.0,2025-06-08 09:34:00
1000000001354,72,Comfort,7190.33,,,
1000000001354,55,Economy,5335.37,,,
1000000001355,547,Economy,8180.04,,,
1000000001356,402,Economy,5865.36,,,
1000000001357,473,Economy,6620.01,22B,2.0,2025-06-14 15:19:00
1000000001358,242,Comfort,7195.55,,,
1000000001359,258,Economy,4589.31,43F,3.0,2025-04-02 16:38:00
1000000001360,485,Economy,3867.43,62C,2.0,2025-03-20 09:38:00
1000000001361,353,Comfort,12771.94,,,
1000000001361,685,Economy,2706.08,17B,2.0,2025-12-25 21:07:00
1000000001362,882,Economy,5312.64,,,
1000000001362,541,Economy,5625.75,27B,3.0,2025-04-10 00:35:00
1000000001363,245,Comfort,10592.14,13A,1.0,2025-06-01 17:28:00
1000000001364,131,Economy,5501.18,,,
1000000001365,661,Economy,8775.05,25A,2.0,2025-09-05 22:44:00
1000000001366,255,Economy,5753.57,,,
1000000001366,511,Economy,8458.33,39B,4.0,2025-07-27 17:54:00
1000000001367,68,Comfort,12651.72,,,
1000000001368,866,Economy,8261.91,62C,1.0,2025-12-13 05:51:00
1000000001368,657,Economy,2732.78,,,
1000000001369,210,Comfort,13126.57,,,
1000000001370,544,Economy,5829.89,38C,3.0,2025-11-07 06:24:00
1000000001371,530,Comfort,10161.42,,,
1000000001372,887,Economy,4350.86,2C,4.0,2025-07-08 15:18:00
1000000001373,636,Economy,5841.47,85E,1.0,2025-02-04 16:39:00
1000000001373,133,Economy,8134.66,19A,3.0,2025-07-09 20:21:00
1000000001374,680,Comfort,14232.3,,,
1000000001375,758,Business,34261.02,,,
1000000001376,334,Economy,7886.09,26A,1.0,2025-09-06 09:06:00
1000000001376,765,Comfort,11957.43,,,
1000000001377,324,Business,41443.06,,,
1000000001378,191,Business,16515.34,82C,3.0,2025-05-04 21:53:00
1000000001379,866,Economy,4724.81,62A,2.0,2025-12-13 06:19:00
1000000001380,371,Economy,7917.13,,,
1000000001381,134,Economy,6387.76,,,
1000000001382,391,Economy,2638.65,93D,4.0,2025-10-17 03:04:00
1000000001383,367,Business,30868.09,,,
1000000001383,871,Business,59031.22,4C,3.0,2025-10-13 23:59:00
1000000001384,608,Economy,4795.93,4C,5.0,2025-01-01 22:17:00
1000000001385,214,Business,16159.02,9A,3.0,2025-11-23 23:40:00
1000000001386,572,Business,29686.11,,,
1000000001387,132,Economy,6817.96,,,
1000000001388,717,Economy,8978.62,,,
1000000001389,530,Comfort,7499.2,,,
1000000001389,130,Economy,3308.9,45D,2.0,2025-12-12 07:21:00
1000000001390,58,Business,30596.56,87D,2.0,2025-12-02 21:04:00
1000000001391,223,Economy,7417.17,36E,3.0,2025-05-28 01:28:00
1000000001391,529,Comfort,12282.22,,,
1000000001392,767,Economy,7901.68,,,
1000000001393,697,Economy,5920.73,14A,4.0,2025-08-10 21:38:00
1000000001394,549,Economy,8087.16,37C,3.0,2025-05-28 01:20:00
1000000001394,161,Comfort,10929.32,,,
1000000001395,135,Economy,8142.48,,,
1000000001396,352,Economy,4855.19,88D,2.0,2025-01-06 04:26:00
1000000001397,793,Economy,5918.67,,,
1000000001398,345,Economy,4083.91,86A,2.0,2025-07-17 02:40:00
1000000001398,347,Economy,7231.55,,,
1000000001399,636,Comfort,9356.22,76A,2.0,2025-02-04 15:42:00
1000000001399,337,Economy,6888.85,54F,2.0,2025-12-25 07:24:00
1000000001400,781,Economy,4331.21,,,
1000000001400,302,Economy,8251.04,,,
1000000001401,755,Economy,3385.5,47E,2.0,2025-02-26 13:49:00
1000000001401,32,Economy,4388.13,,,
1000000001402,341,Economy,8563.05,,,
1000000001403,370,Economy,4789.93,43F,2.0,2025-12-27 20:53:00
1000000001404,521,Economy,2903.02,32A,2.0,2025-04-28 12:51:00
1000000001404,524,Economy,7543.77,,,
1000000001405,787,Comfort,12648.27,,,
1000000001406,279,Economy,3669.48,28A,4.0,2025-09-30 17:10:00
1000000001406,382,Economy,5843.04,18B,4.0,2025-04-23 17:49:00
1000000001407,832,Economy,6374.88,,,
1000000001407,831,Economy,2610.67,16C,6.0,2025-06-06 02:34:00
1000000001408,373,Business,39633.86,68E,4.0,2025-04-12 11:17:00
1000000001408,615,Economy,4223.49,48C,1.0,2025-11-21 20:12:00
1000000001409,136,Economy,6163.66,,,
1000000001410,675,Economy,3501.25,53C,3.0,2025-06-17 03:12:00
1000000001410,866,Economy,2694.17,35A,3.0,2025-12-13 05:28:00
1000000001411,270,Economy,7643.03,74C,2.0,2025-03-02 22:47:00
1000000001412,159,Business,59357.85,70F,1.0,2025-06-10 18:07:00
1000000001413,407,Economy,7734.25,,,
1000000001414,837,Business,46204.38,39D,2.0,2025-08-07 05:35:00
1000000001414,377,Economy,8391.61,87E,4.0,2025-11-11 18:49:00
1000000001415,290,Business,30137.55,12A,2.0,2025-04-27 10:48:00
1000000001416,638,Business,54947.86,31D,2.0,2025-11-10 18:15:00
1000000001417,126,Business,58034.01,89F,2.0,2025-03-09 16:43:00
1000000001417,435,Economy,7663.16,,,
1000000001418,496,Business,49393.04,,,
1000000001418,717,Economy,2850.8,,,
1000000001419,628,Comfort,9713.7,75D,2.0,2025-12-04 10:29:00
1000000001419,365,Economy,5212.94,22D,5.0,2025-02-13 17:34:00
1000000001420,82,Economy,4908.62,57A,4.0,2025-04-24 10:55:00
1000000001421,785,Economy,6567.36,75C,3.0,2025-01-12 01:27:00
1000000001422,229,Economy,4994.15,12C,4.0,2025-10-24 17:24:00
1000000001423,685,Economy,5902.83,18C,3.0,2025-12-25 20:06:00
1000000001423,697,Economy,6700.49,4A,5.0,2025-08-10 22:14:00
1000000001424,381,Comfort,11966.81,,,
1000000001425,96,Economy,7967.92,35C,3.0,2025-10-19 09:20:00
1000000001426,292,Economy,6472.08,,,
1000000001427,695,Economy,7099.5,74E,2.0,2025-06-26 00:45:00
1000000001428,602,Economy,8412.71,44C,2.0,2025-11-12 07:10:00
1000000001429,652,Economy,3602.14,,,
1000000001430,65,Economy,6497.1,40B,4.0,2025-01-11 17:47:00
1000000001431,461,Economy,7392.49,,,
1000000001432,464,Economy,4115.03,13A,1.0,2025-10-13 16:23:00
1000000001433,557,Economy,7045.84,44D,4.0,2025-08-30 18:33:00
1000000001433,239,Economy,7478.51,,,
1000000001434,493,Economy,7231.55,77D,3.0,2025-12-17 12:01:00
1000000001435,31,Economy,6713.59,,,
1000000001436,701,Comfort,13854.63,43B,2.0,2025-11-16 04:30:00
1000000001437,453,Economy,6732.83,38A,1.0,2025-03-12 20:44:00
1000000001438,563,Economy,7861.13,,,
1000000001439,625,Economy,4522.15,38C,5.0,2025-10-03 04:58:00
1000000001440,314,Business,26575.97,20C,3.0,2025-12-27 05:28:00
1000000001441,583,Economy,4120.59,14B,3.0,2025-08-26 20:58:00
1000000001441,632,Comfort,10630.38,43F,2.0,2025-05-12 11:22:00
1000000001442,286,Economy,3491.88,,,
1000000001443,813,Economy,2572.21,,,
1000000001444,579,Comfort,9414.42,79B,2.0,2025-11-17 06:21:00
1000000001445,684,Business,38371.23,29A,2.0,2025-11-26 21:17:00
1000000001446,143,Economy,7639.36,49E,4.0,2025-05-21 18:53:00
1000000001447,574,Economy,3707.3,4A,2.0,2025-11-22 17:57:00
1000000001448,236,Economy,6126.98,,,
1000000001449,397,Economy,2918.09,,,
1000000001450,504,Business,46807.98,,,
1000000001451,335,Economy,2834.48,55F,2.0,2025-08-21 23:43:00
1000000001451,508,Economy,5002.77,,,
1000000001452,334,Comfort,12963.33,45C,2.0,2025-09-06 08:53:00
1000000001452,692,Comfort,11143.37,34A,1.0,2025-12-17 19:25:00
1000000001453,362,Economy,8023.24,8C,6.0,2025-04-30 16:20:00
1000000001454,491,Economy,4197.4,,,
1000000001455,617,Economy,8792.75,,,
1000000001456,170,Economy,5172.06,,,
1000000001456,479,Economy,5323.55,,,
1000000001457,258,Comfort,8598.14,8C,4.0,2025-04-02 16:48:00
1000000001458,702,Economy,5380.0,,,
1000000001459,103,Comfort,8235.59,,,
1000000001460,85,Economy,3102.47,18D,4.0,2025-10-29 15:26:00
1000000001461,674,Economy,4712.15,74B,2.0,2025-08-16 15:28:00
1000000001462,325,Comfort,11925.97,13C,1.0,2025-01-17 13:01:00
1000000001463,270,Business,56059.85,113C,3.0,2025-03-02 23:02:00
1000000001464,513,Business,55456.93,,,
1000000001464,889,Economy,8968.17,20D,2.0,2025-12-13 05:53:00
1000000001465,709,Economy,7566.2,,,
1000000001466,210,Economy,2510.16,,,
1000000001467,762,Comfort,12540.42,,,
1000000001468,844,Economy,2748.04,,,
1000000001469,618,Economy,4237.26,,,
1000000001470,859,Economy,7917.48,,,
1000000001471,852,Comfort,10256.65,,,
1000000001472,342,Comfort,11257.73,,,
1000000001473,360,Economy,3121.94,,,
1000000001473,632,Economy,4384.56,29D,3.0,2025-05-12 10:36:00
1000000001474,46,Business,15280.76,17D,2.0,2025-04-13 13:09:00
1000000001474,320,Economy,7323.08,,,
1000000001475,227,Economy,2999.27,,,
1000000001476,157,Comfort,15805.22,28C,4.0,2025-05-11 08:19:00
1000000001477,467,Economy,7723.25,40C,2.0,2025-12-04 05:42:00
1000000001478,458,Economy,7923.42,12A,2.0,2025-06-09 23:19:00
1000000001479,625,Economy,4333.02,12A,6.0,2025-10-03 05:33:00
1000000001480,422,Economy,8063.31,20A,3.0,2025-12-15 23:57:00
1000000001481,89,Business,58560.98,,,
1000000001482,23,Economy,3446.05,,,
1000000001483,340,Economy,5236.41,34D,5.0,2025-03-10 19:49:00
1000000001484,415,Economy,5574.95,,,
1000000001485,466,Economy,3232.78,,,
1000000001486,365,Business,53045.64,21F,6.0,2025-02-13 16:45:00
1000000001487,43,Economy,2517.81,,,
1000000001488,78,Comfort,15743.24,22A,4.0,2025-09-05 13:19:00
1000000001489,393,Economy,6973.01,,,
1000000001490,185,Business,31423.89,,,
1000000001491,589,Economy,7025.7,48E,3.0,2025-05-04 23:38:00
1000000001491,823,Economy,4908.74,46C,2.0,2025-09-10 13:15:00
1000000001492,892,Economy,7815.05,16E,1.0,2025-08-26 20:33:00
1000000001492,429,Economy,8094.46,102D,1.0,2025-10-01 19:18:00
1000000001493,152,Economy,5073.64,,,
1000000001494,768,Economy,4673.13,21F,2.0,2025-10-25 21:13:00
1000000001495,588,Economy,2724.39,,,
1000000001495,26,Economy,7536.3,,,
1000000001496,331,Economy,5778.76,55F,2.0,2025-09-21 22:58:00
1000000001496,728,Economy,3938.82,28A,4.0,2025-07-19 07:05:00
1000000001497,741,Economy,5208.21,,,
1000000001497,254,Comfort,7058.62,63C,2.0,2025-12-11 07:53:00
1000000001498,199,Economy,8158.32,1A,4.0,2025-12-10 19:16:00
1000000001499,123,Comfort,9371.92,,,
1000000001499,416,Economy,5418.33,20F,2.0,2025-09-06 15:52:00
1000000001500,474,Economy,8783.27,26B,5.0,2025-08-20 02:59:00
1000000001501,839,Economy,7074.46,,,
1000000001502,174,Comfort,14512.07,11C,2.0,2025-07-04 23:43:00
1000000001502,566,Business,43241.38,,,
1000000001503,482,Economy,6672.63,114D,2.0,2025-08-15 06:01:00
1000000001504,542,Economy,4960.84,,,
1000000001505,38,Economy,3113.56,42D,4.0,2025-12-06 02:25:00
1000000001506,719,Economy,2871.83,,,
1000000001507,372,Comfort,12306.96,15C,2.0,2025-10-09 05:30:00
1000000001508,735,Economy,5672.82,,,
1000000001509,385,Economy,5747.19,39E,3.0,2025-01-11 15:53:00
1000000001510,45,Economy,7162.94,42F,4.0,2025-07-30 20:18:00
1000000001510,395,Business,54155.1,34A,5.0,2025-01-18 07:58:00
1000000001511,862,Economy,2639.45,38F,1.0,2025-04-28 01:37:00
1000000001512,7,Economy,3669.52,4A,5.0,2025-04-30 02:25:00
1000000001512,591,Economy,6712.21,34A,4.0,2025-07-02 19:37:00
1000000001513,739,Economy,3219.29,,,
1000000001514,164,Economy,7440.57,87B,2.0,2025-12-02 01:06:00
1000000001515,839,Economy,5334.72,,,
1000000001515,67,Comfort,7179.71,8B,3.0,2025-12-09 21:22:00
1000000001516,807,Economy,2520.98,,,
1000000001516,226,Economy,6332.19,,,
1000000001517,4,Economy,6748.92,13C,2.0,2025-08-05 10:04:00
1000000001517,835,Comfort,15951.97,,,
1000000001518,416,Economy,5927.98,14E,3.0,2025-09-06 15:03:00
1000000001519,844,Economy,5722.47,,,
1000000001520,285,Economy,5516.95,45E,2.0,2025-04-19 21:36:00
1000000001521,103,Economy,4683.04,,,
1000000001522,792,Economy,8406.94,,,
1000000001523,29,Business,35231.92,,,
1000000001524,609,Economy,7019.87,40A,6.0,2025-04-24 05:56:00
1000000001525,838,Economy,4801.66,,,
1000000001525,172,Comfort,14598.71,22C,3.0,2025-03-14 10:23:00
1000000001526,877,Business,52525.88,,,
1000000001527,679,Comfort,13575.46,,,
1000000001527,471,Comfort,12488.3,,,
1000000001528,50,Economy,3187.96,37D,3.0,2025-05-11 00:51:00
1000000001529,740,Economy,5573.74,15A,5.0,2025-03-03 19:46:00
1000000001529,538,Economy,3349.67,,,
1000000001530,745,Economy,5812.35,57C,3.0,2025-12-20 23:52:00
1000000001531,245,Economy,8901.88,42D,2.0,2025-06-01 17:13:00
1000000001532,315,Economy,4028.78,,,
1000000001533,593,Economy,7386.22,39C,3.0,2025-01-21 14:41:00
1000000001534,37,Comfort,12504.71,16C,4.0,2025-05-26 04:37:00
1000000001535,437,Economy,3466.58,,,
1000000001535,656,Comfort,8007.42,,,
1000000001536,431,Business,40883.82,,,
1000000001537,245,Economy,3883.77,10C,3.0,2025-06-01 17:24:00
1000000001538,490,Economy,4586.09,62D,2.0,2025-05-12 16:03:00
1000000001538,571,Economy,7685.98,,,
1000000001539,489,Economy,4641.26,30A,3.0,2025-05-04 19:33:00
1000000001539,383,Economy,3615.82,,,
1000000001540,692,Economy,6067.59,38D,2.0,2025-12-17 18:53:00
1000000001541,127,Economy,6130.45,,,
1000000001542,876,Economy,3780.29,,,
1000000001543,126,Economy,8828.1,33B,3.0,2025-03-09 16:53:00
1000000001543,463,Economy,3037.58,68B,2.0,2025-09-13 13:05:00
1000000001544,9,Comfort,12108.92,56F,3.0,2025-07-14 06:59:00
1000000001545,777,Economy,2860.63,,,
1000000001546,494,Economy,5717.17,,,
1000000001547,866,Economy,5481.42,43C,4.0,2025-12-13 06:16:00
1000000001548,686,Economy,6664.8,,,
1000000001548,309,Economy,4109.63,,,
1000000001549,79,Economy,5717.2,9A,5.0,2025-05-05 14:07:00
1000000001549,71,Comfort,11134.85,,,
1000000001550,279,Economy,7264.97,21A,5.0,2025-09-30 16:37:00
1000000001551,876,Economy,6683.74,,,
1000000001552,191,Economy,3796.54,26C,4.0,2025-05-04 21:48:00
1000000001552,627,Economy,8284.43,35D,4.0,2025-04-13 22:10:00
1000000001553,550,Economy,5098.28,13A,2.0,2025-07-01 05:41:00
1000000001553,323,Comfort,12212.89,13A,3.0,2025-09-19 02:06:00
1000000001554,62,Economy,2601.67,30C,2.0,2025-11-17 06:08:00
1000000001554,805,Comfort,12337.04,,,
1000000001555,198,Economy,7969.71,9B,3.0,2025-12-20 13:56:00
1000000001556,2,Comfort,14197.27,,,
1000000001556,110,Economy,8202.39,94E,3.0,2025-05-03 17:32:00
1000000001557,638,Economy,3891.83,18D,3.0,2025-11-10 18:39:00
1000000001558,329,Economy,4493.46,76B,4.0,2025-03-09 06:46:00
1000000001559,333,Economy,2744.29,10C,2.0,2025-08-08 05:47:00
1000000001560,406,Economy,3101.31,57C,1.0,2025-10-20 20:19:00
1000000001561,900,Economy,3717.95,57D,2.0,2025-03-20 22:44:00
1000000001561,704,Economy,8929.43,,,
1000000001562,183,Business,52373.8,,,
1000000001563,257,Comfort,12606.85,22B,2.0,2025-07-13 11:19:00
1000000001564,256,Economy,2525.78,6A,2.0,2025-05-27 11:59:00
1000000001565,303,Economy,5001.99,4C,4.0,2025-05-30 20:57:00
1000000001566,266,Economy,7184.83,,,
1000000001566,484,Economy,2829.7,12B,3.0,2025-08-08 07:03:00
1000000001567,79,Economy,8968.88,56D,6.0,2025-05-05 14:12:00
1000000001567,53,Economy,4692.43,,,
1000000001568,648,Comfort,7768.67,,,
1000000001569,175,Economy,6615.2,74F,2.0,2025-02-09 07:57:00
1000000001570,393,Economy,8385.4,,,
1000000001571,260,Economy,3058.31,54D,2.0,2025-02-27 00:51:00
1000000001572,224,Economy,5325.88,,,
1000000001573,823,Economy,5866.28,18A,3.0,2025-09-10 13:13:00
1000000001574,714,Comfort,11967.33,,,
1000000001574,778,Economy,6482.06,90B,2.0,2025-05-02 01:53:00
1000000001575,562,Economy,7075.28,,,
1000000001575,175,Economy,7719.46,83F,3.0,2025-02-09 08:18:00
1000000001576,834,Economy,3254.93,,,
1000000001577,667,Economy,6207.79,94B,4.0,2025-06-23 20:51:00
1000000001578,298,Economy,2544.46,,,
1000000001579,836,Economy,4851.81,,,
1000000001580,592,Economy,3286.48,,,
1000000001580,596,Comfort,10709.69,,,
1000000001581,124,Comfort,14387.12,4C,4.0,2025-12-14 22:42:00
1000000001582,44,Economy,6525.32,18A,3.0,2025-03-21 06:17:00
1000000001583,447,Business,38107.04,39F,1.0,2025-03-12 11:50:00
1000000001583,634,Economy,6557.57,39B,4.0,2025-10-05 03:46:00
1000000001584,151,Economy,8606.72,29B,5.0,2025-06-08 09:39:00
1000000001585,469,Comfort,9942.54,43D,3.0,2025-04-07 03:12:00
1000000001586,320,Economy,6248.64,,,
1000000001586,280,Business,58499.86,38D,3.0,2025-12-24 21:06:00
1000000001587,574,Economy,3118.17,10C,3.0,2025-11-22 18:18:00
1000000001587,671,Economy,8237.35,,,
1000000001588,368,Economy,8205.84,,,
1000000001589,242,Economy,4129.59,,,
1000000001589,297,Economy,2580.4,,,
1000000001590,744,Comfort,15290.22,59E,2.0,2025-12-22 14:33:00
1000000001591,489,Economy,4077.52,19A,4.0,2025-05-04 19:54:00
1000000001591,854,Business,29091.06,47D,3.0,2025-02-16 06:50:00
1000000001592,435,Economy,2755.8,,,
1000000001593,395,Economy,7522.93,81E,6.0,2025-01-18 08:15:00
1000000001594,650,Business,44730.46,,,
1000000001595,506,Economy,8348.51,62E,2.0,2025-06-12 14:25:00
1000000001595,656,Economy,8813.72,,,
1000000001596,886,Economy,3371.61,11A,4.0,2025-06-02 14:28:00
1000000001596,512,Economy,3660.11,58B,2.0,2025-07-20 07:04:00
1000000001597,853,Economy,2732.67,,,
1000000001598,875,Economy,6875.89,,,
1000000001598,75,Comfort,12385.12,68A,2.0,2025-12-17 18:22:00
1000000001599,474,Comfort,8238.12,26C,6.0,2025-08-20 03:32:00
1000000001600,297,Comfort,10931.81,,,
1000000001601,545,Economy,6357.93,,,
1000000001601,607,Economy,7986.02,49E,3.0,2025-10-16 16:26:00
1000000001602,327,Economy,3926.95,98C,1.0,2025-04-16 00:57:00
1000000001603,174,Business,40945.12,15C,3.0,2025-07-04 23:46:00
1000000001603,815,Business,43195.12,68B,3.0,2025-05-26 13:00:00
1000000001604,529,Economy,8250.15,,,
1000000001605,41,Economy,8196.62,,,
1000000001605,281,Economy,8441.56,,,
1000000001606,237,Economy,6413.55,19E,3.0,2025-04-14 16:40:00
1000000001606,81,Economy,3024.18,65C,3.0,2025-07-28 14:32:00
1000000001607,667,Economy,4121.4,102E,5.0,2025-06-23 20:26:00
1000000001608,355,Comfort,15850.65,89B,4.0,2025-03-22 07:40:00
1000000001608,8,Economy,4937.22,,,
1000000001609,565,Business,40485.41,,,
1000000001609,793,Economy,6461.24,,,
1000000001610,410,Comfort,11104.62,39B,2.0,2025-08-03 02:32:00
1000000001610,203,Economy,5194.92,,,
1000000001611,244,Business,51534.0,75C,1.0,2025-02-27 09:10:00
1000000001611,560,Economy,7577.43,,,
1000000001612,287,Economy,4306.38,9D,1.0,2025-06-03 04:35:00
1000000001613,597,Economy,3774.94,,,
1000000001613,341,Comfort,8700.35,,,
1000000001614,336,Economy,4781.62,25C,3.0,2025-12-02 10:18:00
1000000001615,706,Economy,8484.67,,,
1000000001616,102,Economy,5736.25,,,
1000000001616,27,Economy,6871.41,,,
1000000001617,827,Economy,7416.01,,,
1000000001617,440,Economy,2563.81,54D,2.0,2025-02-22 12:07:00
1000000001618,504,Economy,8238.87,,,
1000000001619,145,Economy,5228.76,,,
1000000001619,243,Economy,7981.31,,,
1000000001620,478,Business,16779.23,,,
1000000001620,890,Economy,8242.88,,,
1000000001621,177,Economy,6042.45,,,
1000000001621,222,Economy,3021.16,,,
1000000001622,812,Comfort,14344.07,21B,2.0,2025-12-24 17:26:00
1000000001623,882,Economy,5380.28,,,
1000000001624,768,Economy,3403.68,8B,3.0,2025-10-25 21:46:00
1000000001625,452,Economy,6278.74,49F,4.0,2025-03-31 00:07:00
1000000001625,768,Comfort,8957.12,6C,4.0,2025-10-25 21:16:00
1000000001626,211,Economy,8922.16,118F,2.0,2025-09-23 08:38:00
1000000001627,516,Economy,4064.8,34C,2.0,2025-08-29 12:58:00
1000000001627,413,Comfort,12233.19,12D,5.0,2025-07-22 09:52:00
1000000001628,834,Business,19298.62,,,
1000000001629,250,Economy,6056.42,54A,3.0,2025-10-03 20:44:00
1000000001629,722,Economy,8465.02,17C,1.0,2025-07-12 20:47:00
1000000001630,312,Economy,4143.38,23A,2.0,2025-10-10 04:13:00
1000000001631,531,Economy,5247.27,,,
1000000001632,564,Economy,5396.5,,,
1000000001633,197,Comfort,9533.94,85A,4.0,2025-05-31 08:39:00
1000000001633,189,Comfort,14686.33,43D,2.0,2025-12-09 01:54:00
1000000001634,287,Economy,6817.9,12C,2.0,2025-06-03 04:28:00
1000000001634,193,Economy,4494.11,8C,3.0,2025-05-31 05:27:00
1000000001635,370,Economy,2792.4,6A,3.0,2025-12-27 21:03:00
1000000001636,2,Economy,4399.92,,,
1000000001636,68,Economy,4023.68,,,
1000000001637,764,Economy,4472.5,7A,3.0,2025-01-17 08:25:00
1000000001638,151,Economy,6913.6,56C,6.0,2025-06-08 09:16:00
1000000001638,702,Comfort,15959.74,,,
1000000001639,673,Economy,4955.52,,,
1000000001640,728,Comfort,12399.19,48C,5.0,2025-07-19 06:45:00
1000000001640,536,Economy,6099.22,,,
1000000001641,465,Economy,7281.07,,,
1000000001641,503,Business,53914.57,23B,4.0,2025-05-10 04:36:00
1000000001642,673,Economy,7633.92,,,
1000000001643,87,Economy,6229.44,,,
1000000001644,659,Economy,3544.79,49E,3.0,2025-07-08 10:36:00
1000000001645,40,Economy,3259.91,,,
1000000001646,350,Economy,5164.28,,,
1000000001647,849,Economy,7287.54,,,
1000000001648,742,Economy,3237.55,80E,2.0,2025-05-05 17:37:00
1000000001649,593,Economy,7562.59,95C,4.0,2025-01-21 15:20:00
1000000001650,649,Comfort,10130.52,83E,1.0,2025-02-16 07:30:00
1000000001651,635,Economy,6196.73,72A,6.0,2025-12-28 15:14:00
1000000001652,401,Economy,2714.29,,,
1000000001653,848,Economy,7486.85,78E,2.0,2025-11-04 02:47:00
1000000001653,314,Economy,6882.77,14A,4.0,2025-12-27 05:23:00
1000000001654,421,Economy,4541.09,,,
1000000001655,468,Economy,8851.29,47D,4.0,2025-02-23 23:56:00
1000000001656,77,Economy,5481.14,21C,1.0,2025-11-22 13:20:00
1000000001656,787,Economy,6964.09,,,
1000000001657,699,Economy,7173.43,,,
1000000001658,690,Economy,8590.3,10A,3.0,2025-05-01 03:43:00
1000000001658,328,Comfort,15265.55,61B,7.0,2025-05-17 14:42:00
1000000001659,516,Comfort,11842.42,41A,3.0,2025-08-29 13:19:00
1000000001660,748,Economy,8827.31,,,
1000000001661,33,Economy,5460.96,18B,4.0,2025-12-12 07:24:00
1000000001662,23,Comfort,9793.2,,,
1000000001662,788,Comfort,7612.46,,,
1000000001663,178,Economy,3186.73,,,
1000000001664,685,Economy,7003.53,13B,4.0,2025-12-25 20:58:00
1000000001665,24,Business,39837.83,,,
1000000001665,711,Economy,3031.82,,,
1000000001666,280,Economy,5317.12,47B,4.0,2025-12-24 20:47:00
1000000001667,510,Economy,6159.18,68E,2.0,2025-04-11 06:40:00
1000000001667,61,Economy,7733.83,27A,1.0,2025-03-23 22:21:00
1000000001668,798,Economy,4074.22,29F,2.0,2025-05-29 07:41:00
1000000001669,710,Economy,3956.84,,,
1000000001669,293,Comfort,11172.23,,,
1000000001670,861,Economy,5250.44,,,
1000000001671,629,Comfort,12915.42,44B,2.0,2025-02-20 10:18:00
1000000001672,655,Economy,7687.62,11D,4.0,2025-11-04 17:35:00
1000000001672,795,Business,51125.96,63E,2.0,2025-02-04 18:06:00
1000000001673,588,Economy,7969.63,,,
1000000001673,147,Economy,5536.25,27C,2.0,2025-10-15 08:33:00
1000000001674,697,Economy,3106.09,34B,6.0,2025-08-10 21:49:00
1000000001675,254,Economy,4217.87,52E,3.0,2025-12-11 07:52:00
1000000001676,100,Comfort,8494.46,15B,2.0,2025-08-29 11:15:00
1000000001676,523,Comfort,11271.67,,,
1000000001677,278,Economy,7433.04,26B,1.0,2025-09-16 13:45:00
1000000001678,159,Comfort,14254.59,69A,2.0,2025-06-10 17:48:00
1000000001678,363,Economy,7781.37,,,
1000000001679,706,Economy,3397.47,,,
1000000001679,339,Economy,6721.12,36D,1.0,2025-02-06 06:59:00
1000000001680,842,Economy,3209.93,18A,3.0,2025-04-15 12:56:00
1000000001681,28,Economy,2680.49,1C,6.0,2025-10-09 01:38:00
1000000001682,755,Economy,6289.87,14C,3.0,2025-02-26 14:21:00
1000000001683,132,Economy,8855.51,,,
1000000001684,168,Economy,5254.91,36C,4.0,2025-04-07 09:54:00
1000000001685,375,Economy,4225.84,17C,1.0,2025-01-22 13:00:00
1000000001685,836,Comfort,8079.27,,,
1000000001686,112,Economy,7468.91,,,
1000000001686,702,Economy,6472.21,,,
1000000001687,146,Economy,7061.55,18E,4.0,2025-02-16 01:05:00
1000000001688,338,Economy,7460.73,60C,2.0,2025-04-26 15:17:00
1000000001688,323,Business,33066.42,8C,4.0,2025-09-19 01:53:00
1000000001689,110,Economy,6478.27,112A,4.0,2025-05-03 17:46:00
1000000001690,188,Economy,3766.55,,,
1000000001690,819,Economy,6355.55,14E,2.0,2025-04-30 12:20:00
1000000001691,212,Business,48156.43,54C,2.0,2025-10-01 01:34:00
1000000001692,31,Economy,8519.37,,,
1000000001693,47,Comfort,13444.64,,,
1000000001694,600,Economy,8296.25,,,
1000000001695,828,Economy,7624.36,,,
1000000001695,217,Comfort,15208.62,,,
1000000001696,288,Economy,5576.85,,,
1000000001697,260,Economy,8413.36,74B,3.0,2025-02-27 00:36:00
1000000001698,602,Economy,4489.77,28A,3.0,2025-11-12 07:34:00
1000000001699,9,Economy,5958.47,76F,4.0,2025-07-14 07:38:00
1000000001700,560,Economy,8741.83,,,
1000000001701,373,Comfort,14220.94,84E,5.0,2025-04-12 11:11:00
1000000001702,805,Comfort,15977.86,,,
1000000001703,668,Comfort,12879.02,,,
1000000001704,597,Economy,3288.34,,,
1000000001705,261,Economy,8088.1,,,
1000000001705,25,Economy,8855.46,,,
1000000001706,618,Economy,7411.83,,,
1000000001706,446,Economy,7920.1,85E,5.0,2025-12-22 20:12:00
1000000001707,648,Economy,5546.78,,,
1000000001708,147,Economy,3384.49,46B,3.0,2025-10-15 09:27:00
1000000001709,304,Economy,5062.57,15C,2.0,2025-05-10 20:28:00
1000000001709,207,Economy,2881.66,,,
1000000001710,768,Business,49964.39,13E,5.0,2025-10-25 21:24:00
1000000001710,697,Economy,6383.66,38D,7.0,2025-08-10 21:52:00
1000000001711,159,Economy,4823.67,49E,3.0,2025-06-10 17:31:00
1000000001711,471,Economy,8032.56,,,
1000000001712,271,Economy,7218.41,,,
1000000001713,818,Economy,7041.22,,,
1000000001714,729,Economy,5466.72,,,
1000000001714,639,Economy,3253.84,35A,3.0,2025-02-10 22:01:00
1000000001715,505,Comfort,13129.49,,,
1000000001715,727,Comfort,14209.18,,,
1000000001716,110,Economy,3362.7,38A,5.0,2025-05-03 17:50:00
1000000001717,166,Economy,3856.35,,,
1000000001717,219,Comfort,15228.04,,,
1000000001718,105,Economy,8467.79,13A,3.0,2025-04-26 03:22:00
1000000001719,284,Economy,8499.6,30C,4.0,2025-03-29 01:39:00
1000000001719,42,Economy,3561.91,,,
1000000001720,517,Economy,3298.0,,,
1000000001721,7,Business,46830.73,31D,6.0,2025-04-30 02:17:00
1000000001722,166,Economy,6724.02,,,
1000000001722,39,Economy,4700.31,56C,2.0,2025-04-18 21:49:00
1000000001723,539,Business,34905.9,119A,5.0,2025-02-10 17:47:00
1000000001723,736,Economy,7664.83,,,
1000000001724,640,Economy,7044.88,,,
1000000001725,771,Economy,6651.88,,,
1000000001726,199,Comfort,13439.06,38B,5.0,2025-12-10 19:58:00
1000000001726,749,Economy,7503.29,,,
1000000001727,82,Comfort,10102.41,11C,5.0,2025-04-24 11:54:00
1000000001728,2,Economy,7417.84,,,
1000000001729,199,Comfort,12639.76,45E,6.0,2025-12-10 19:19:00
1000000001730,899,Economy,7617.43,109E,2.0,2025-11-17 16:12:00
1000000001731,509,Economy,8366.93,,,
1000000001732,115,Business,31024.33,1C,2.0,2025-02-05 06:46:00
1000000001733,465,Economy,6824.23,,,
1000000001734,371,Economy,6547.53,,,
1000000001735,479,Comfort,15141.03,,,
1000000001735,461,Economy,3346.16,,,
1000000001736,198,Comfort,9476.41,6A,4.0,2025-12-20 13:31:00
1000000001737,53,Comfort,13904.74,,,
1000000001738,465,Economy,8984.94,,,
1000000001739,850,Comfort,7241.2,,,
1000000001740,558,Economy,2501.68,,,
1000000001741,155,Economy,6145.04,63A,1.0,2025-06-26 12:30:00
1000000001742,772,Economy,7994.25,57A,3.0,2025-02-27 21:11:00
1000000001742,125,Economy,6375.36,,,
1000000001743,332,Economy,7520.77,17B,4.0,2025-02-17 22:55:00
1000000001744,833,Economy,6534.43,,,
1000000001745,639,Economy,8649.5,15C,4.0,2025-02-10 21:27:00
1000000001745,529,Economy,7632.14,,,
1000000001746,172,Economy,7823.83,41B,4.0,2025-03-14 10:03:00
1000000001747,814,Economy,2519.66,,,
1000000001748,69,Economy,2576.62,,,
1000000001749,752,Economy,3936.73,,,
1000000001749,287,Economy,5384.06,20E,3.0,2025-06-03 03:46:00
1000000001750,666,Economy,7054.34,63E,1.0,2025-01-04 02:29:00
1000000001751,555,Economy,8940.8,41A,5.0,2025-12-18 04:42:00
1000000001752,100,Economy,2780.11,20D,3.0,2025-08-29 10:29:00
1000000001753,255,Economy,6543.16,,,
1000000001754,132,Economy,5761.08,,,
1000000001755,107,Business,27961.47,,,
1000000001755,554,Economy,2755.84,45B,3.0,2025-04-24 16:45:00
1000000001756,679,Economy,2798.9,,,
1000000001757,266,Economy,5665.46,,,
1000000001757,411,Economy,6805.59,,,
1000000001758,620,Economy,6230.96,,,
1000000001758,891,Economy,5267.34,117B,1.0,2025-08-07 07:52:00
1000000001759,35,Economy,8313.64,90A,3.0,2025-07-22 03:17:00
1000000001760,754,Comfort,15424.01,,,
1000000001761,369,Economy,4259.77,10C,4.0,2025-04-17 13:59:00
1000000001761,546,Economy,6696.59,59D,3.0,2025-10-22 07:27:00
1000000001762,440,Economy,3095.71,64B,3.0,2025-02-22 11:40:00
1000000001763,461,Economy,8302.99,,,
1000000001764,485,Economy,8785.6,57A,3.0,2025-03-20 09:13:00
1000000001765,113,Economy,4816.43,21D,1.0,2025-12-02 02:34:00
1000000001765,442,Business,56683.6,,,
1000000001766,253,Business,34734.29,,,
1000000001767,451,Economy,2755.3,,,
1000000001768,206,Economy,2943.77,,,
1000000001769,458,Economy,7611.39,36B,3.0,2025-06-09 23:00:00
1000000001770,604,Comfort,14503.11,41A,2.0,2025-02-24 19:50:00
1000000001770,143,Economy,3854.23,58B,5.0,2025-05-21 18:07:00
1000000001771,373,Economy,5644.49,44C,6.0,2025-04-12 12:01:00
1000000001772,256,Economy,6091.68,14D,3.0,2025-05-27 11:57:00
1000000001773,884,Economy,7619.87,,,
1000000001774,240,Economy,4482.08,14D,4.0,2025-11-30 05:21:00
1000000001775,8,Economy,7599.12,,,
1000000001776,897,Economy,5692.18,,,
1000000001776,894,Economy,5147.22,20B,4.0,2025-12-10 14:05:00
1000000001777,211,Economy,8362.18,55B,3.0,2025-09-23 08:31:00
1000000001778,252,Economy,4699.46,,,
1000000001778,842,Economy,6323.99,56D,4.0,2025-04-15 12:15:00
1000000001779,549,Economy,6917.75,63F,4.0,2025-05-28 01:29:00
1000000001779,274,Comfort,7248.52,,,
1000000001780,45,Economy,2661.81,26B,5.0,2025-07-30 20:07:00
1000000001781,285,Comfort,9227.69,34F,3.0,2025-04-19 22:21:00
1000000001782,803,Economy,3015.74,,,
1000000001782,285,Comfort,11393.81,29B,4.0,2025-04-19 21:49:00
1000000001783,574,Economy,6792.06,20F,4.0,2025-11-22 17:37:00
1000000001784,720,Economy,3711.98,,,
1000000001785,367,Comfort,13370.86,,,
1000000001786,853,Economy,4157.28,,,
1000000001786,7,Economy,5760.36,65D,7.0,2025-04-30 03:10:00
1000000001787,298,Comfort,13519.9,,,
1000000001788,281,Economy,5788.38,,,
1000000001789,643,Economy,7217.65,43C,4.0,2025-07-14 22:06:00
1000000001789,66,Economy,3625.29,,,
1000000001790,265,Economy,3618.16,,,
1000000001791,140,Economy,3922.22,19E,5.0,2025-02-28 21:33:00
1000000001792,837,Economy,6160.71,7A,3.0,2025-08-07 06:09:00
1000000001792,164,Economy,7844.31,44A,3.0,2025-12-02 01:38:00
1000000001793,7,Economy,4275.18,72D,8.0,2025-04-30 02:52:00
1000000001794,360,Economy,7667.95,,,
1000000001794,430,Economy,7895.31,,,
1000000001795,114,Economy,5520.29,45E,2.0,2025-12-12 16:37:00
1000000001796,304,Economy,6062.37,45E,3.0,2025-05-10 20:45:00
1000000001797,412,Comfort,9791.05,,,
1000000001797,703,Economy,5104.37,21D,6.0,2025-10-23 09:43:00
1000000001798,410,Comfort,13476.19,34A,3.0,2025-08-03 02:34:00
1000000001798,382,Comfort,11325.92,32E,5.0,2025-04-23 18:20:00
1000000001799,129,Economy,6862.89,30D,3.0,2025-10-02 03:08:00
1000000001800,319,Economy,4584.26,10B,2.0,2025-09-07 19:46:00
1000000001801,64,Economy,6550.83,,,
1000000001802,542,Economy,6129.03,,,
1000000001803,148,Economy,4444.06,26C,3.0,2025-11-04 08:52:00
1000000001804,442,Economy,7048.91,,,
1000000001805,42,Economy,6447.61,,,
1000000001806,550,Economy,6916.35,21A,3.0,2025-07-01 05:03:00
1000000001807,703,Economy,2901.07,17D,7.0,2025-10-23 10:23:00
1000000001808,882,Business,24097.62,,,
1000000001809,167,Comfort,7789.48,47A,1.0,2025-11-27 02:18:00
1000000001810,558,Economy,8998.86,,,
1000000001811,245,Comfort,15071.54,14C,4.0,2025-06-01 17:41:00
1000000001811,248,Comfort,11574.79,44D,6.0,2025-03-02 14:08:00
1000000001812,258,Economy,4601.99,38B,5.0,2025-04-02 16:22:00
1000000001813,137,Economy,4810.61,41F,3.0,2025-02-05 16:05:00
1000000001814,77,Economy,5178.44,17A,2.0,2025-11-22 13:23:00
1000000001815,725,Business,24500.44,,,
1000000001816,464,Business,54586.27,10D,2.0,2025-10-13 15:36:00
1000000001817,92,Economy,4633.16,,,
1000000001818,435,Economy,8198.99,,,
1000000001818,633,Economy,3821.67,79D,2.0,2025-07-15 15:10:00
1000000001819,763,Economy,4127.18,,,
1000000001819,551,Economy,5970.25,37A,3.0,2025-05-04 07:14:00
1000000001820,397,Economy,6400.04,,,
1000000001820,48,Economy,8955.71,,,
1000000001821,753,Economy,8094.63,,,
1000000001821,443,Business,28793.35,36A,1.0,2025-09-16 03:47:00
1000000001822,173,Economy,7711.1,74E,2.0,2025-10-14 11:34:00
1000000001822,607,Economy,5913.87,33A,4.0,2025-10-16 16:41:00
1000000001823,605,Economy,5321.7,81D,4.0,2025-07-25 16:04:00
1000000001824,899,Economy,6757.36,112A,3.0,2025-11-17 15:52:00
1000000001825,622,Economy,7613.07,44A,1.0,2025-01-13 08:15:00
1000000001825,778,Comfort,13670.85,33B,3.0,2025-05-02 02:39:00
1000000001826,677,Economy,3155.59,17A,4.0,2025-09-24 20:55:00
1000000001827,821,Economy,6218.85,49C,3.0,2025-09-12 06:10:00
1000000001827,375,Economy,4987.49,29A,2.0,2025-01-22 13:06:00
1000000001828,188,Economy,3110.03,,,
1000000001829,418,Economy,7647.94,20B,5.0,2025-07-04 21:28:00
1000000001830,362,Economy,4371.67,8C,7.0,2025-04-30 16:21:00
1000000001830,38,Economy,4063.79,23C,5.0,2025-12-06 02:20:00
1000000001831,55,Economy,4540.21,,,
1000000001832,610,Economy,4344.82,,,
1000000001832,775,Economy,8310.79,8C,3.0,2025-10-31 21:07:00
1000000001833,542,Economy,8662.43,,,
1000000001833,305,Economy,4320.13,2C,4.0,2025-10-01 15:58:00
1000000001834,253,Economy,8057.3,,,
1000000001834,189,Economy,8232.81,85B,3.0,2025-12-09 01:11:00
1000000001835,272,Economy,4464.82,,,
1000000001836,89,Business,15541.11,,,
1000000001836,25,Economy,6850.29,,,
1000000001837,694,Economy,6981.49,,,
1000000001838,133,Comfort,11272.44,21A,4.0,2025-07-09 20:57:00
1000000001838,775,Economy,4804.89,25B,4.0,2025-10-31 20:29:00
1000000001839,449,Economy,4820.29,11C,3.0,2025-03-24 00:42:00
1000000001840,571,Business,27964.52,,,
1000000001841,185,Economy,3187.39,,,
1000000001841,399,Comfort,9223.57,,,
1000000001842,791,Economy,8154.75,48E,4.0,2025-03-31 17:03:00
1000000001843,53,Comfort,15655.48,,,
1000000001844,658,Economy,8250.56,44F,3.0,2025-12-05 21:24:00
1000000001845,448,Economy,6521.75,,,
1000000001846,628,Comfort,11538.22,50D,3.0,2025-12-04 09:43:00
1000000001846,660,Economy,3898.92,77B,1.0,2025-05-21 10:17:00
1000000001847,618,Economy,2782.11,,,
1000000001847,886,Economy,3227.49,84D,5.0,2025-06-02 15:11:00
1000000001848,453,Economy,4075.73,45E,2.0,2025-03-12 20:09:00
1000000001849,684,Business,57702.07,36C,3.0,2025-11-26 22:15:00
1000000001850,92,Business,23413.79,,,
1000000001850,432,Economy,7916.02,,,
1000000001851,877,Economy,4613.82,,,
1000000001851,670,Economy,2525.06,,,
1000000001852,258,Economy,4132.71,22D,6.0,2025-04-02 16:35:00
1000000001853,258,Economy,3542.39,40A,7.0,2025-04-02 16:32:00
1000000001854,259,Economy,6985.12,2C,4.0,2025-12-11 23:18:00
1000000001855,154,Economy,8279.74,34F,3.0,2025-02-11 07:35:00
1000000001856,245,Economy,5805.98,42E,5.0,2025-06-01 16:51:00
1000000001856,327,Business,56403.8,88F,2.0,2025-04-16 00:30:00
1000000001857,109,Economy,8454.01,10C,3.0,2025-03-18 13:16:00
1000000001858,224,Economy,6322.01,,,
1000000001858,41,Comfort,12990.41,,,
1000000001859,144,Economy,7250.75,16C,1.0,2025-12-26 01:55:00
1000000001860,339,Economy,6084.94,31C,2.0,2025-02-06 06:24:00
1000000001860,291,Economy,6777.46,,,
1000000001861,670,Economy,4282.42,,,
1000000001861,29,Economy,3907.89,,,
1000000001862,294,Comfort,10183.36,,,
1000000001863,779,Economy,8115.11,,,
1000000001863,687,Economy,7845.04,9A,1.0,2025-09-18 02:43:00
1000000001864,421,Economy,4663.83,,,
1000000001865,507,Economy,8823.64,,,
1000000001866,838,Economy,7619.45,,,
1000000001866,528,Comfort,11497.28,41F,7.0,2025-09-30 14:51:00
1000000001867,837,Economy,8435.27,57B,4.0,2025-08-07 05:29:00
1000000001868,13,Comfort,12765.09,11D,4.0,2025-01-25 02:27:00
1000000001868,43,Economy,4546.05,,,
1000000001869,864,Economy,4268.31,25B,1.0,2025-09-27 13:08:00
1000000001870,578,Economy,8809.95,28B,3.0,2025-07-22 06:14:00
1000000001871,272,Economy,5619.72,,,
1000000001872,378,Comfort,8781.64,30A,1.0,2025-03-12 12:26:00
1000000001873,424,Economy,2955.56,,,
1000000001874,440,Economy,2873.21,66B,4.0,2025-02-22 12:05:00
1000000001875,226,Comfort,8397.3,,,
1000000001876,147,Economy,6529.57,22B,4.0,2025-10-15 08:54:00
1000000001877,153,Economy,8863.11,,,
1000000001878,157,Economy,6646.75,9A,5.0,2025-05-11 08:59:00
1000000001879,690,Business,28752.54,55F,4.0,2025-05-01 04:23:00
1000000001879,684,Economy,2666.25,62F,4.0,2025-11-26 21:43:00
1000000001880,56,Business,36052.7,,,
1000000001881,676,Economy,5742.38,35D,5.0,2025-07-18 21:37:00
1000000001881,673,Economy,8850.43,,,
1000000001882,319,Economy,5301.12,15E,3.0,2025-09-07 19:07:00
1000000001883,705,Economy,5304.29,2A,1.0,2025-08-30 19:01:00
1000000001884,419,Economy,8212.18,47E,3.0,2025-07-10 14:40:00
1000000001885,17,Economy,6265.33,31F,4.0,2025-03-20 10:01:00
1000000001885,543,Economy,5598.71,20D,2.0,2025-12-27 00:52:00
1000000001886,769,Comfort,8896.44,,,
1000000001887,147,Economy,7795.01,38C,5.0,2025-10-15 09:09:00
1000000001887,336,Economy,4477.11,61B,4.0,2025-12-02 10:01:00
1000000001888,621,Economy,8746.13,,,
1000000001888,729,Economy,4258.13,,,
1000000001889,800,Economy,4066.26,,,
1000000001890,897,Comfort,10873.81,,,
1000000001891,48,Economy,8592.72,,,
1000000001892,747,Economy,3065.07,,,
1000000001893,388,Comfort,10562.7,,,
1000000001894,563,Economy,7302.35,,,
1000000001895,535,Business,57419.1,33C,2.0,2025-10-13 14:21:00
1000000001896,619,Comfort,13785.2,,,
1000000001896,261,Economy,7676.04,,,
1000000001897,638,Economy,5880.92,34B,4.0,2025-11-10 18:29:00
1000000001898,89,Economy,4448.02,,,
1000000001899,575,Business,25253.62,,,
1000000001900,890,Economy,4109.23,,,
1000000001901,405,Economy,3738.99,17C,3.0,2025-05-01 14:17:00
1000000001902,824,Economy,7911.76,,,
1000000001903,506,Business,26146.6,81A,3.0,2025-06-12 14:15:00
1000000001903,617,Comfort,7819.53,,,
1000000001904,162,Economy,7698.69,,,
1000000001905,221,Economy,7468.48,,,
1000000001906,7,Economy,4062.99,26A,9.0,2025-04-30 02:39:00
1000000001907,75,Business,25906.47,59E,3.0,2025-12-17 18:13:00
1000000001908,299,Comfort,12342.82,20D,2.0,2025-06-18 14:00:00
1000000001909,47,Economy,3294.26,,,
1000000001910,437,Economy,2727.27,,,
1000000001911,638,Economy,2618.09,24C,5.0,2025-11-10 18:58:00
1000000001912,468,Economy,4581.3,40D,5.0,2025-02-24 00:54:00
1000000001913,6,Economy,6765.03,21A,2.0,2025-05-31 19:11:00
1000000001914,351,Comfort,14952.17,48B,5.0,2025-02-14 12:18:00
1000000001915,871,Economy,4171.66,22D,4.0,2025-10-13 23:50:00
1000000001915,317,Business,36643.18,33D,4.0,2025-12-11 22:01:00
1000000001916,737,Economy,5329.86,30C,2.0,2025-12-01 00:11:00
1000000001917,642,Economy,7150.95,,,
1000000001918,12,Economy,3414.11,,,
1000000001919,34,Economy,2802.82,,,
1000000001919,865,Economy,8943.21,,,
1000000001920,10,Comfort,15397.83,21D,2.0,2025-06-11 11:34:00
1000000001920,882,Economy,6191.36,,,
1000000001921,858,Economy,3236.16,,,
1000000001922,13,Economy,8097.29,22C,5.0,2025-01-25 02:28:00
1000000001923,715,Economy,4017.34,21F,3.0,2025-06-04 14:11:00
1000000001924,462,Economy,4846.15,,,
1000000001925,44,Comfort,7794.32,8A,4.0,2025-03-21 06:43:00
1000000001926,578,Economy,4385.87,40E,4.0,2025-07-22 06:34:00
1000000001927,506,Economy,7370.45,22A,4.0,2025-06-12 14:34:00
1000000001927,696,Economy,3220.31,34C,2.0,2025-10-08 23:41:00
1000000001928,760,Economy,3382.05,,,
1000000001928,550,Economy,3666.87,7A,4.0,2025-07-01 05:28:00
1000000001929,407,Comfort,13786.11,,,
1000000001930,240,Comfort,8535.69,3C,5.0,2025-11-30 05:32:00
1000000001931,703,Comfort,15485.39,11A,8.0,2025-10-23 10:38:00
1000000001932,690,Economy,7647.62,20C,5.0,2025-05-01 03:34:00
1000000001933,77,Economy,4727.66,16F,3.0,2025-11-22 13:14:00
1000000001934,3,Economy,4579.42,47B,3.0,2025-11-29 21:33:00
1000000001934,541,Business,35096.14,42B,4.0,2025-04-09 23:52:00
1000000001935,447,Economy,5698.89,48F,2.0,2025-03-12 12:40:00
1000000001936,744,Economy,2654.03,64C,3.0,2025-12-22 14:05:00
1000000001937,302,Comfort,10057.68,,,
1000000001938,330,Economy,8322.69,,,
1000000001939,168,Economy,5454.66,43A,5.0,2025-04-07 09:29:00
1000000001940,743,Economy,3718.09,,,
1000000001941,868,Economy,8400.54,8C,4.0,2025-04-19 22:24:00
1000000001942,93,Comfort,7568.9,,,
1000000001943,29,Economy,3770.4,,,
1000000001944,32,Economy,6516.68,,,
1000000001945,31,Economy,2769.47,,,
1000000001946,68,Economy,6647.24,,,
1000000001947,877,Comfort,13471.14,,,
1000000001947,487,Economy,6843.91,,,
1000000001948,361,Business,53601.33,19C,5.0,2025-10-30 14:00:00
1000000001949,570,Business,43383.99,,,
1000000001949,416,Economy,8312.52,12C,4.0,2025-09-06 16:03:00
1000000001950,677,Economy,4501.39,28E,5.0,2025-09-24 20:01:00
1000000001951,253,Economy,6774.69,,,
1000000001952,64,Business,19490.93,,,
1000000001953,865,Comfort,10017.41,,,
1000000001953,281,Economy,7672.23,,,
1000000001954,450,Economy,2962.97,,,
1000000001955,133,Economy,7295.66,7A,5.0,2025-07-09 20:24:00
1000000001955,275,Economy,3496.31,25A,5.0,2025-10-09 19:13:00
1000000001956,340,Economy,8346.73,73A,6.0,2025-03-10 19:50:00
1000000001957,157,Economy,6108.27,54E,6.0,2025-05-11 08:26:00
1000000001958,313,Economy,3554.06,72D,3.0,2025-12-03 13:08:00
1000000001958,463,Economy,3732.38,34A,3.0,2025-09-13 14:03:00
1000000001959,362,Economy,6688.16,10B,8.0,2025-04-30 16:02:00
1000000001960,578,Economy,7594.96,53A,5.0,2025-07-22 05:51:00
1000000001961,470,Business,42872.96,,,
1000000001962,195,Economy,4706.43,,,
1000000001962,221,Economy,6949.0,,,
1000000001963,717,Business,16350.58,,,
1000000001964,249,Economy,6828.86,38C,2.0,2025-11-11 05:48:00
1000000001964,590,Economy,4996.81,,,
1000000001965,273,Economy,5456.93,,,
1000000001966,239,Economy,7432.17,,,
1000000001967,356,Economy,6418.27,,,
1000000001967,135,Economy,6093.57,,,
1000000001968,415,Economy,8812.9,,,
1000000001969,342,Business,53993.44,,,
1000000001970,878,Comfort,15451.69,,,
1000000001970,320,Economy,2867.39,,,
1000000001971,435,Economy,4256.1,,,
1000000001972,269,Economy,3365.75,31F,4.0,2025-02-07 05:05:00
1000000001973,262,Comfort,15864.54,37C,4.0,2025-01-29 03:17:00
1000000001974,176,Comfort,11753.61,,,
1000000001975,223,Economy,5485.91,28A,4.0,2025-05-28 01:50:00
1000000001976,372,Comfort,8054.74,21B,3.0,2025-10-09 06:01:00
1000000001977,893,Economy,3457.44,5C,4.0,2025-04-04 11:27:00
1000000001978,272,Comfort,9384.79,,,
1000000001979,341,Economy,3583.55,,,
1000000001979,490,Comfort,12685.99,74C,3.0,2025-05-12 16:32:00
1000000001980,641,Comfort,10407.09,,,
1000000001981,376,Economy,6556.26,,,
1000000001982,418,Economy,5692.27,20C,6.0,2025-07-04 21:33:00
1000000001983,677,Economy,6313.13,37C,6.0,2025-09-24 20:14:00
1000000001983,397,Economy,5366.03,,,
1000000001984,220,Economy,6541.51,,,
1000000001985,508,Economy,6693.46,,,
1000000001986,369,Comfort,7550.4,29C,5.0,2025-04-17 13:55:00
1000000001986,246,Economy,8880.22,20A,2.0,2025-12-09 01:48:00
1000000001987,285,Economy,6197.43,45B,5.0,2025-04-19 21:55:00
1000000001988,477,Comfort,12019.35,12D,2.0,2025-10-01 08:44:00
1000000001989,79,Economy,3096.64,47C,7.0,2025-05-05 13:34:00
1000000001989,27,Business,55684.01,,,
1000000001990,490,Economy,6923.6,61E,4.0,2025-05-12 16:49:00
1000000001991,763,Economy,7816.81,,,
1000000001992,276,Economy,2586.1,33F,2.0,2025-03-13 22:36:00
1000000001993,28,Economy,8121.97,20E,7.0,2025-10-09 01:48:00
1000000001994,457,Business,42321.12,18B,2.0,2025-12-17 22:47:00
1000000001995,503,Economy,7050.35,5C,5.0,2025-05-10 04:51:00
1000000001996,435,Economy,7522.83,,,
1000000001997,359,Economy,3165.44,33A,3.0,2025-07-25 01:45:00
1000000001998,745,Business,18662.85,12A,4.0,2025-12-21 00:55:00
1000000001999,780,Economy,8888.49,38A,3.0,2025-06-04 01:31:00
1000000001999,54,Economy,8967.7,37E,4.0,2025-05-27 05:56:00
1000000002000,116,Business,17703.51,,,
1000000002001,82,Economy,7063.11,75E,6.0,2025-04-24 11:18:00
1000000002002,38,Comfort,12566.29,54E,6.0,2025-12-06 01:58:00
1000000002003,268,Economy,8554.33,,,
1000000002004,293,Economy,7947.96,,,
1000000002005,402,Economy,5591.96,,,
1000000002006,174,Economy,5966.19,16C,4.0,2025-07-05 00:02:00
1000000002006,253,Economy,4800.77,,,
1000000002007,532,Economy,7979.87,,,
1000000002008,726,Economy,5470.22,60F,3.0,2025-08-09 04:40:00
1000000002008,888,Economy,3886.71,,,
1000000002009,502,Comfort,11534.59,45D,1.0,2025-06-26 06:22:00
1000000002009,720,Economy,5742.93,,,
1000000002010,676,Comfort,12771.81,22B,6.0,2025-07-18 20:51:00
1000000002011,17,Economy,7179.29,13C,5.0,2025-03-20 10:50:00
1000000002012,224,Economy,7243.46,,,
1000000002013,325,Economy,4324.82,114D,2.0,2025-01-17 13:41:00
1000000002014,243,Economy,7755.17,,,
1000000002015,896,Economy,7488.74,42F,3.0,2025-12-02 14:33:00
1000000002015,137,Economy,8764.9,35E,4.0,2025-02-05 16:54:00
1000000002016,430,Economy,6897.34,,,
1000000002016,217,Business,32675.81,,,
1000000002017,335,Economy,3614.19,15C,3.0,2025-08-22 00:14:00
1000000002017,866,Economy,3341.95,34C,5.0,2025-12-13 06:08:00
1000000002018,859,Economy,8446.7,,,
1000000002019,898,Comfort,14691.45,,,
1000000002020,301,Economy,4768.76,20B,3.0,2025-05-05 09:56:00
1000000002021,383,Economy,3523.6,,,
1000000002022,251,Economy,5445.52,50D,3.0,2025-07-05 01:36:00
1000000002023,741,Business,56694.13,,,
1000000002023,428,Comfort,9904.69,45A,1.0,2025-08-03 11:23:00
1000000002024,259,Comfort,14190.12,56A,5.0,2025-12-11 23:06:00
1000000002024,574,Economy,3608.01,14C,5.0,2025-11-22 17:15:00
1000000002025,430,Comfort,14611.32,,,
1000000002025,469,Economy,6787.87,52A,4.0,2025-04-07 02:44:00
1000000002026,873,Comfort,12300.9,,,
1000000002026,162,Economy,3638.51,,,
1000000002027,703,Comfort,15928.59,14B,9.0,2025-10-23 10:20:00
1000000002028,640,Economy,4156.17,,,
1000000002029,578,Economy,2891.43,41C,6.0,2025-07-22 05:49:00
1000000002029,632,Economy,2747.31,1A,4.0,2025-05-12 11:33:00
1000000002030,778,Economy,6207.28,22A,4.0,2025-05-02 02:24:00
1000000002031,425,Economy,4579.21,,,
1000000002032,227,Economy,4714.61,,,
1000000002032,858,Economy,3811.16,,,
1000000002033,892,Economy,4109.78,9C,2.0,2025-08-26 20:34:00
1000000002033,494,Economy,4529.9,,,
1000000002034,766,Economy,2887.08,,,
1000000002034,172,Economy,2645.74,51C,5.0,2025-03-14 10:39:00
1000000002035,418,Economy,5926.87,17F,7.0,2025-07-04 20:48:00
1000000002036,460,Economy,3667.13,,,
1000000002037,358,Business,55189.57,37C,2.0,2025-02-09 17:43:00
1000000002038,43,Economy,7127.34,,,
1000000002039,493,Economy,8248.02,75A,4.0,2025-12-17 12:34:00
1000000002040,208,Economy,6902.94,16C,3.0,2025-06-08 11:21:00
1000000002040,849,Comfort,9626.88,,,
1000000002041,666,Economy,5227.65,59A,2.0,2025-01-04 03:04:00
1000000002042,694,Economy,6431.8,,,
1000000002043,228,Economy,6096.61,7A,2.0,2025-12-11 03:05:00
1000000002044,69,Economy,4061.92,,,
1000000002045,743,Business,56931.08,,,
1000000002046,469,Comfort,11094.27,35C,5.0,2025-04-07 02:42:00
1000000002047,468,Economy,4765.86,30A,6.0,2025-02-24 00:48:00
1000000002047,387,Economy,8346.84,,,
1000000002048,629,Economy,8095.64,43E,3.0,2025-02-20 10:00:00
1000000002049,757,Economy,3201.21,,,
1000000002050,391,Economy,6232.29,74A,5.0,2025-10-17 02:59:00
1000000002051,51,Economy,7255.29,,,
1000000002052,708,Economy,6743.21,11C,2.0,2025-02-01 19:59:00
1000000002053,764,Business,29009.67,43F,4.0,2025-01-17 08:19:00
1000000002054,765,Comfort,11180.59,,,
1000000002055,257,Economy,3400.99,16C,3.0,2025-07-13 11:39:00
1000000002056,289,Economy,4578.87,,,
1000000002057,765,Economy,7797.28,,,
1000000002057,845,Economy,3521.71,61F,6.0,2025-10-09 04:04:00
1000000002058,251,Economy,4157.34,29B,4.0,2025-07-05 00:42:00
1000000002059,856,Comfort,11082.51,7C,5.0,2025-08-05 02:33:00
1000000002060,55,Economy,4626.74,,,
1000000002061,173,Economy,6833.53,35A,3.0,2025-10-14 11:41:00
1000000002062,794,Economy,3840.59,17B,4.0,2025-12-01 20:56:00
1000000002062,370,Economy,6050.29,71E,4.0,2025-12-27 21:07:00
1000000002063,785,Economy,8311.08,76B,4.0,2025-01-12 01:47:00
1000000002064,367,Economy,7213.99,,,
1000000002064,85,Economy,2936.93,22C,5.0,2025-10-29 15:35:00
1000000002065,837,Economy,8998.52,47E,5.0,2025-08-07 05:15:00
1000000002066,330,Economy,7860.33,,,
1000000002067,265,Economy,4907.61,,,
1000000002068,160,Business,54548.57,47C,4.0,2025-03-29 18:18:00
1000000002069,552,Economy,4161.7,3A,2.0,2025-02-10 21:17:00
1000000002070,482,Comfort,12392.05,71F,3.0,2025-08-15 07:05:00
1000000002071,702,Economy,5434.27,,,
1000000002072,631,Economy,3985.31,,,
1000000002073,777,Economy,4734.13,,,
1000000002074,132,Business,46395.55,,,
1000000002075,708,Economy,2998.67,38B,3.0,2025-02-01 20:21:00
1000000002076,508,Economy,8029.0,,,
1000000002076,248,Economy,4113.24,33D,7.0,2025-03-02 13:58:00
1000000002077,306,Economy,5667.63,81E,2.0,2025-05-08 20:54:00
1000000002078,764,Economy,4243.26,36D,5.0,2025-01-17 08:44:00
1000000002078,90,Comfort,11390.16,,,
1000000002079,184,Economy,7125.6,44C,1.0,2025-03-16 03:15:00
1000000002080,779,Comfort,11408.97,,,
1000000002080,576,Comfort,10046.05,,,
1000000002081,364,Economy,5248.88,66E,2.0,2025-05-24 00:34:00
1000000002082,72,Economy,5542.62,,,
1000000002082,356,Economy,4871.24,,,
1000000002083,427,Economy,5238.89,48A,4.0,2025-05-04 01:20:00
1000000002084,431,Business,25754.25,,,
1000000002085,655,Economy,6196.38,15B,5.0,2025-11-04 18:00:00
1000000002086,424,Economy,8392.33,,,
1000000002087,602,Economy,8897.01,20D,4.0,2025-11-12 07:24:00
1000000002088,381,Business,37984.19,,,
1000000002089,622,Economy,6357.48,11A,2.0,2025-01-13 08:37:00
1000000002090,440,Business,35297.23,52D,5.0,2025-02-22 11:21:00
1000000002091,567,Economy,5631.28,106D,2.0,2025-06-12 19:06:00
1000000002092,419,Economy,3054.29,34A,4.0,2025-07-10 14:57:00
1000000002093,166,Economy,2831.18,,,
1000000002094,399,Comfort,15903.06,,,
1000000002094,585,Economy,4759.04,,,
1000000002095,81,Economy,3365.46,2A,4.0,2025-07-28 14:40:00
1000000002096,289,Economy,8458.64,,,
1000000002097,114,Economy,8824.67,48A,3.0,2025-12-12 17:14:00
1000000002097,500,Economy,5765.66,58D,2.0,2025-11-21 03:39:00
1000000002098,699,Economy,7939.56,,,
1000000002099,355,Economy,5023.99,69B,5.0,2025-03-22 07:21:00
1000000002100,13,Economy,4763.94,17C,6.0,2025-01-25 02:29:00
1000000002101,362,Economy,4929.14,20D,9.0,2025-04-30 16:33:00
1000000002102,623,Economy,7702.52,1A,3.0,2025-04-30 05:32:00
1000000002103,859,Economy,8058.44,,,
1000000002103,727,Economy,3821.06,,,
1000000002104,131,Economy,5904.45,,,
1000000002105,312,Economy,4976.09,50A,3.0,2025-10-10 04:54:00
1000000002105,886,Economy,3990.24,62C,6.0,2025-06-02 14:33:00
1000000002106,571,Economy,7393.17,,,
1000000002107,249,Comfort,11860.39,62D,3.0,2025-11-11 06:13:00
1000000002108,423,Business,44759.24,,,
1000000002109,205,Business,58549.77,5A,1.0,2025-12-16 09:57:00
1000000002110,168,Economy,3010.91,38C,6.0,2025-04-07 10:22:00
1000000002111,215,Economy,5002.1,,,
1000000002111,653,Economy,6731.06,,,
1000000002112,312,Economy,2978.65,43C,4.0,2025-10-10 04:50:00
1000000002112,492,Economy,8018.82,,,
1000000002113,287,Economy,3751.22,21F,4.0,2025-06-03 03:53:00
1000000002114,735,Economy,6816.14,,,
1000000002115,32,Comfort,11415.11,,,
1000000002116,649,Economy,6830.92,28C,2.0,2025-02-16 07:45:00
1000000002117,257,Economy,3319.94,22A,4.0,2025-07-13 10:43:00
1000000002118,338,Economy,3137.93,87B,3.0,2025-04-26 15:42:00
1000000002118,425,Economy,7740.55,,,
1000000002119,256,Economy,5758.61,19B,4.0,2025-05-27 12:48:00
1000000002119,56,Economy,2935.88,,,
1000000002120,792,Economy,4346.25,,,
1000000002120,408,Comfort,9628.99,79D,4.0,2025-11-01 08:01:00
1000000002121,164,Comfort,12394.54,76C,4.0,2025-12-02 01:25:00
1000000002122,174,Business,55812.07,5C,5.0,2025-07-04 23:29:00
1000000002123,602,Economy,5728.24,26A,5.0,2025-11-12 07:29:00
1000000002124,744,Economy,8071.27,63D,4.0,2025-12-22 14:03:00
1000000002125,141,Business,22493.56,35A,2.0,2025-01-23 22:21:00
1000000002125,521,Economy,6188.73,56F,3.0,2025-04-28 12:36:00
1000000002126,578,Comfort,15004.33,28D,7.0,2025-07-22 06:16:00
1000000002126,683,Economy,4213.01,47D,3.0,2025-08-27 17:31:00
1000000002127,763,Comfort,13663.18,,,
1000000002128,492,Comfort,15880.77,,,
1000000002129,79,Comfort,15267.01,71E,8.0,2025-05-05 13:30:00
1000000002129,740,Economy,4709.59,3A,6.0,2025-03-03 20:44:00
1000000002130,609,Economy,5101.81,34F,7.0,2025-04-24 05:05:00
1000000002131,214,Economy,6732.62,15A,4.0,2025-11-24 00:01:00
1000000002132,16,Business,41062.8,,,
1000000002133,158,Economy,2699.49,55A,4.0,2025-04-28 15:57:00
1000000002134,336,Economy,5163.46,71B,5.0,2025-12-02 10:07:00
1000000002135,449,Economy,6848.12,2C,4.0,2025-03-24 00:57:00
1000000002136,730,Economy,6069.36,,,
1000000002136,220,Business,22107.45,,,
1000000002137,592,Economy,8040.78,,,
1000000002137,633,Economy,3928.96,37D,3.0,2025-07-15 15:53:00
1000000002138,455,Economy,7533.24,18A,5.0,2025-08-04 19:27:00
1000000002139,385,Economy,2506.25,44F,4.0,2025-01-11 16:13:00
1000000002139,371,Economy,7027.38,,,
1000000002140,676,Comfort,11413.45,28B,7.0,2025-07-18 21:16:00
1000000002141,501,Economy,4564.7,,,
1000000002142,462,Economy,4085.93,,,
1000000002143,744,Economy,6337.23,55A,5.0,2025-12-22 14:21:00
1000000002144,563,Economy,7350.71,,,
1000000002144,670,Economy,6797.03,,,
1000000002145,530,Economy,3309.33,,,
1000000002145,515,Comfort,9974.64,,,
1000000002146,140,Comfort,10801.79,16B,6.0,2025-02-28 22:24:00
1000000002146,604,Economy,8898.85,13A,3.0,2025-02-24 20:06:00
1000000002147,529,Economy,2591.84,,,
1000000002148,301,Economy,7907.89,20B,4.0,2025-05-05 09:26:00
1000000002149,14,Economy,8456.37,,,
1000000002149,42,Economy,8780.14,,,
1000000002150,462,Economy,8598.2,,,
1000000002150,215,Economy,5366.68,,,
1000000002151,238,Economy,5724.95,,,
1000000002151,646,Economy,5112.25,19D,1.0,2025-05-27 13:26:00
1000000002152,652,Economy,4295.91,,,
1000000002152,34,Economy,6233.45,,,
1000000002153,590,Economy,2939.94,,,
1000000002154,112,Economy,2586.27,,,
1000000002155,677,Economy,4145.27,46B,7.0,2025-09-24 20:48:00
1000000002156,70,Economy,8782.09,75E,5.0,2025-08-04 07:35:00
1000000002157,362,Economy,8088.82,1C,10.0,2025-04-30 16:33:00
1000000002158,592,Economy,7867.0,,,
1000000002159,460,Economy,7299.15,,,
1000000002160,747,Economy,7442.16,,,
1000000002161,572,Economy,5409.78,,,
1000000002162,480,Economy,5296.34,55C,4.0,2025-04-25 23:04:00
1000000002163,537,Business,55332.27,19A,4.0,2025-09-18 11:45:00
1000000002163,592,Comfort,14483.03,,,
1000000002164,218,Economy,7817.69,69A,2.0,2025-05-29 11:15:00
1000000002165,473,Economy,6849.29,45D,3.0,2025-06-14 16:01:00
1000000002166,103,Economy,5148.54,,,
1000000002167,775,Economy,3829.44,42D,5.0,2025-10-31 20:28:00
1000000002168,185,Comfort,9181.2,,,
1000000002168,395,Economy,2528.7,30C,7.0,2025-01-18 07:56:00
1000000002169,573,Economy,3261.93,11C,3.0,2025-10-04 08:12:00
1000000002169,82,Economy,5554.38,64C,7.0,2025-04-24 11:48:00
1000000002170,850,Economy,7974.4,,,
1000000002171,608,Economy,7078.25,21D,6.0,2025-01-01 21:30:00
1000000002172,782,Economy,3979.85,,,
1000000002173,544,Economy,5346.05,9C,4.0,2025-11-07 05:40:00
1000000002173,455,Economy,7390.61,10B,6.0,2025-08-04 19:25:00
1000000002174,14,Economy,2584.24,,,
1000000002175,543,Economy,6365.12,43C,3.0,2025-12-27 01:19:00
1000000002176,612,Economy,8537.3,,,
1000000002177,350,Comfort,11188.01,,,
1000000002178,415,Economy,7969.93,,,
1000000002179,265,Economy,3115.84,,,
1000000002180,324,Economy,7475.86,,,
1000000002180,235,Economy,7174.64,47E,1.0,2025-05-21 07:34:00
1000000002181,877,Economy,7181.95,,,
1000000002182,619,Economy,2815.45,,,
1000000002183,534,Economy,3177.48,,,
1000000002184,839,Economy,5313.07,,,
1000000002184,115,Comfort,14086.12,39B,3.0,2025-02-05 06:26:00
1000000002185,471,Economy,7284.19,,,
1000000002186,38,Economy,2891.85,57D,7.0,2025-12-06 01:47:00
1000000002187,624,Economy,5776.03,47D,3.0,2025-03-17 08:32:00
1000000002188,229,Economy,7066.56,36A,5.0,2025-10-24 16:53:00
1000000002188,266,Economy,8694.96,,,
1000000002189,641,Economy,7346.05,,,
1000000002190,208,Economy,8051.72,75A,4.0,2025-06-08 12:06:00
1000000002191,639,Business,31180.45,26D,5.0,2025-02-10 21:44:00
1000000002192,348,Economy,8113.24,,,
1000000002193,740,Comfort,15447.1,20F,7.0,2025-03-03 20:38:00
1000000002193,482,Economy,5980.19,2C,4.0,2025-08-15 06:45:00
1000000002194,276,Economy,8401.98,35E,3.0,2025-03-13 23:14:00
1000000002194,694,Economy,6823.1,,,
1000000002195,400,Economy,8542.87,39C,9.0,2025-04-13 01:52:00
1000000002195,792,Economy,5507.5,,,
1000000002196,493,Economy,3669.11,118C,5.0,2025-12-17 12:13:00
1000000002196,428,Economy,2659.81,73C,2.0,2025-08-03 11:41:00
1000000002197,286,Economy,7423.26,,,
1000000002198,712,Economy,3123.89,,,
1000000002198,190,Business,23514.46,,,
1000000002199,626,Economy,7205.38,57B,2.0,2025-12-24 20:29:00
1000000002200,730,Business,46576.4,,,
1000000002200,180,Economy,7398.84,,,
1000000002201,783,Business,32629.09,63A,3.0,2025-10-10 02:40:00
1000000002202,257,Comfort,7853.14,18A,5.0,2025-07-13 10:54:00
1000000002203,377,Economy,7981.53,85D,5.0,2025-11-11 18:34:00
1000000002204,543,Comfort,15247.04,11C,4.0,2025-12-27 01:07:00
1000000002205,53,Economy,3960.28,,,
1000000002205,238,Economy,8446.56,,,
1000000002206,442,Economy,4621.49,,,
1000000002207,628,Economy,8895.05,75C,4.0,2025-12-04 09:31:00
1000000002208,369,Economy,7884.07,37C,6.0,2025-04-17 13:15:00
1000000002208,454,Economy,3100.46,33D,7.0,2025-06-25 03:54:00
1000000002209,428,Economy,6009.32,71E,3.0,2025-08-03 11:45:00
1000000002210,641,Economy,5348.65,,,
1000000002211,697,Economy,8175.97,38F,8.0,2025-08-10 22:03:00
1000000002212,591,Economy,4849.75,34E,5.0,2025-07-02 19:33:00
1000000002213,811,Economy,4381.62,,,
1000000002214,897,Economy,5054.06,,,
1000000002215,208,Economy,8037.55,54A,5.0,2025-06-08 11:36:00
1000000002216,481,Economy,5061.85,,,
1000000002217,527,Economy,8640.43,102A,4.0,2025-09-16 20:34:00
1000000002217,788,Economy,2819.16,,,
1000000002218,291,Comfort,11496.49,,,
1000000002218,802,Economy,6605.97,,,
1000000002219,246,Economy,6737.99,47F,3.0,2025-12-09 02:51:00
1000000002220,98,Economy,8679.87,26A,1.0,2025-10-22 16:51:00
1000000002221,788,Economy,3663.0,,,
1000000002222,148,Economy,7941.06,29A,4.0,2025-11-04 09:01:00
1000000002222,537,Economy,2517.29,83B,5.0,2025-09-18 11:28:00
1000000002223,875,Business,21851.86,,,
1000000002224,361,Comfort,7936.83,1A,6.0,2025-10-30 13:50:00
1000000002224,78,Economy,5275.43,10A,5.0,2025-09-05 13:37:00
1000000002225,793,Economy,7308.52,,,
1000000002225,425,Comfort,8643.91,,,
1000000002226,7,Economy,6342.4,27C,10.0,2025-04-30 02:29:00
1000000002227,676,Economy,5822.23,43A,8.0,2025-07-18 21:27:00
1000000002228,737,Comfort,8206.88,59F,3.0,2025-11-30 23:50:00
1000000002228,389,Economy,2655.39,34B,7.0,2025-07-02 05:53:00
1000000002229,295,Economy,5559.15,23A,2.0,2025-07-16 23:52:00
1000000002230,441,Economy,3655.05,,,
1000000002230,358,Economy,3493.7,44A,3.0,2025-02-09 17:03:00
1000000002231,355,Economy,4152.59,4C,6.0,2025-03-22 06:42:00
1000000002232,70,Economy,2599.53,65D,6.0,2025-08-04 07:19:00
1000000002233,384,Economy,4085.24,,,
1000000002234,355,Economy,7368.69,69D,7.0,2025-03-22 06:45:00
1000000002235,259,Economy,4020.9,44F,6.0,2025-12-11 23:00:00
1000000002236,512,Economy,5458.03,60C,3.0,2025-07-20 06:25:00
1000000002236,783,Economy,7767.46,38D,4.0,2025-10-10 02:00:00
1000000002237,300,Comfort,12210.91,,,
1000000002238,841,Comfort,11568.81,,,
1000000002239,563,Economy,7609.9,,,
1000000002240,522,Economy,8996.15,63D,1.0,2025-07-29 23:38:00
1000000002241,452,Comfort,11927.89,30B,5.0,2025-03-31 00:50:00
1000000002242,441,Economy,8771.59,,,
1000000002243,778,Economy,3981.82,94A,5.0,2025-05-02 02:23:00
1000000002243,59,Economy,8467.25,,,
1000000002244,616,Economy,2852.15,45C,4.0,2025-12-24 06:34:00
1000000002245,760,Comfort,11377.1,,,
1000000002246,834,Economy,8825.63,,,
1000000002247,518,Business,28305.95,,,
1000000002248,696,Economy,6675.33,31A,3.0,2025-10-09 00:08:00
1000000002248,860,Economy,6296.21,,,
1000000002249,864,Economy,7423.85,47C,2.0,2025-09-27 12:18:00
1000000002250,231,Business,38523.16,43B,2.0,2025-03-19 12:23:00
1000000002251,295,Economy,4097.65,17A,3.0,2025-07-17 00:05:00
1000000002251,570,Economy,7778.9,,,
1000000002252,59,Comfort,9451.44,,,
1000000002253,876,Economy,3187.75,,,
1000000002254,857,Economy,6121.11,40C,2.0,2025-06-17 12:41:00
1000000002255,108,Economy,2837.91,,,
1000000002256,264,Economy,6990.67,,,
1000000002257,709,Economy,3311.68,,,
1000000002258,875,Economy,3802.66,,,
1000000002258,732,Economy,5064.15,44F,3.0,2025-12-05 05:06:00
1000000002259,543,Economy,6882.35,36E,5.0,2025-12-27 01:14:00
1000000002260,800,Economy,4959.34,,,
1000000002261,6,Economy,3924.29,61B,3.0,2025-05-31 20:03:00
1000000002262,872,Economy,3172.99,,,
1000000002262,815,Economy,3186.55,1A,4.0,2025-05-26 13:46:00
1000000002263,609,Economy,6656.15,31B,8.0,2025-04-24 05:54:00
1000000002264,695,Economy,2530.86,44C,3.0,2025-06-26 01:09:00
1000000002264,600,Comfort,8052.7,,,
1000000002265,406,Economy,7105.59,63D,2.0,2025-10-20 19:59:00
1000000002266,707,Business,33843.11,13D,4.0,2025-05-31 08:49:00
1000000002267,759,Economy,3775.94,62C,4.0,2025-08-06 15:19:00
1000000002268,323,Economy,7922.48,19A,5.0,2025-09-19 02:32:00
1000000002269,250,Economy,8261.64,32A,4.0,2025-10-03 19:50:00
1000000002270,628,Economy,3859.75,56D,5.0,2025-12-04 10:10:00
1000000002271,139,Economy,8236.07,,,
1000000002272,535,Economy,8880.95,38C,3.0,2025-10-13 14:32:00
1000000002273,573,Comfort,14916.98,13D,4.0,2025-10-04 08:22:00
1000000002274,261,Economy,6415.67,,,
1000000002275,312,Business,27255.06,64A,5.0,2025-10-10 04:45:00
1000000002275,467,Economy,6752.32,68D,3.0,2025-12-04 06:36:00
1000000002276,603,Business,16793.3,64D,3.0,2025-04-29 16:27:00
1000000002277,618,Economy,7848.72,,,
1000000002278,881,Economy,5615.29,,,
1000000002279,625,Economy,7568.67,5A,7.0,2025-10-03 05:30:00
1000000002280,257,Economy,3836.36,15F,6.0,2025-07-13 10:31:00
1000000002280,22,Business,47818.55,24B,1.0,2025-10-29 06:34:00
1000000002281,764,Economy,7767.33,46A,6.0,2025-01-17 08:22:00
1000000002282,322,Economy,4306.44,22C,2.0,2025-04-23 08:36:00
1000000002282,440,Economy,7137.16,34A,6.0,2025-02-22 11:57:00
1000000002283,515,Comfort,11106.84,,,
1000000002283,677,Economy,2944.3,46E,8.0,2025-09-24 20:16:00
1000000002284,591,Economy,4581.79,35E,6.0,2025-07-02 19:32:00
1000000002284,603,Economy,4107.11,18C,4.0,2025-04-29 17:10:00
1000000002285,551,Comfort,10956.88,89E,4.0,2025-05-04 07:02:00
1000000002286,114,Business,32326.58,36C,4.0,2025-12-12 17:05:00
1000000002287,69,Economy,3433.21,,,
1000000002288,861,Economy,5688.54,,,
1000000002288,121,Economy,6668.7,,,
1000000002289,376,Business,22407.22,,,
1000000002290,690,Economy,6559.38,56F,6.0,2025-05-01 04:37:00
1000000002291,300,Economy,7021.98,,,
1000000002292,574,Comfort,14881.01,10C,6.0,2025-11-22 17:26:00
1000000002293,64,Comfort,8930.54,,,
1000000002293,724,Comfort,8828.82,,,
1000000002294,378,Economy,8811.13,6C,2.0,2025-03-12 11:52:00
1000000002295,446,Economy,4160.43,80A,6.0,2025-12-22 20:28:00
1000000002295,770,Economy,4485.27,,,
1000000002296,765,Economy,2735.36,,,
1000000002297,421,Economy,4049.87,,,
1000000002298,126,Economy,4530.27,11A,4.0,2025-03-09 16:14:00
1000000002298,53,Comfort,12465.4,,,
1000000002299,421,Economy,3548.64,,,
1000000002300,516,Comfort,13742.42,29A,4.0,2025-08-29 13:21:00
1000000002300,678,Economy,3839.86,55A,2.0,2025-05-22 16:37:00
1000000002301,729,Economy,7315.53,,,
1000000002301,498,Economy,8114.67,29C,5.0,2025-12-18 07:39:00
1000000002302,832,Economy,6601.95,,,
1000000002303,283,Economy,4880.46,,,
1000000002303,457,Business,35764.88,39F,3.0,2025-12-17 22:24:00
1000000002304,496,Business,52777.84,,,
1000000002304,69,Economy,8830.47,,,
1000000002305,147,Economy,6335.59,51D,6.0,2025-10-15 08:45:00
1000000002305,364,Economy,5721.17,31C,3.0,2025-05-24 00:59:00
1000000002306,411,Economy,6628.66,,,
1000000002307,230,Economy,4171.7,19C,4.0,2025-07-14 03:11:00
1000000002308,813,Economy,4407.86,,,
1000000002309,102,Economy,5079.5,,,
1000000002310,361,Economy,7546.67,1A,7.0,2025-10-30 13:59:00
1000000002311,160,Comfort,12180.88,46A,5.0,2025-03-29 18:26:00
1000000002312,441,Economy,8723.65,,,
1000000002313,895,Comfort,9660.66,,,
1000000002314,470,Economy,6448.68,,,
1000000002314,162,Economy,4411.71,,,
1000000002315,645,Economy,8404.91,57A,2.0,2025-01-21 16:26:00
1000000002316,886,Economy,8244.88,9C,7.0,2025-06-02 15:07:00
1000000002317,320,Business,32832.0,,,
1000000002317,253,Business,25446.06,,,
1000000002318,523,Economy,5236.55,,,
1000000002319,130,Economy,7870.05,32C,3.0,2025-12-12 06:26:00
1000000002319,344,Business,38056.78,,,
1000000002320,46,Economy,6532.3,15E,3.0,2025-04-13 13:57:00
1000000002320,699,Economy,7671.0,,,
1000000002321,680,Comfort,10535.84,,,
1000000002322,264,Economy,6554.91,,,
1000000002323,232,Comfort,8392.56,,,
1000000002323,96,Comfort,7498.81,62F,4.0,2025-10-19 08:36:00
1000000002324,416,Business,27891.92,1A,5.0,2025-09-06 15:29:00
1000000002325,651,Economy,3519.02,,,
1000000002326,117,Comfort,15800.53,,,
1000000002326,709,Economy,4677.11,,,
1000000002327,513,Economy,2976.31,,,
1000000002327,764,Economy,2578.17,39D,7.0,2025-01-17 09:17:00
1000000002328,532,Economy,4664.05,,,
1000000002329,119,Economy,7542.48,71B,5.0,2025-08-25 19:21:00
1000000002330,341,Comfort,8200.45,,,
1000000002331,123,Economy,2572.37,,,
1000000002332,682,Business,15377.95,,,
1000000002332,375,Business,22039.78,31F,3.0,2025-01-22 13:36:00
1000000002333,545,Economy,7685.98,,,
1000000002334,130,Comfort,10093.06,44E,4.0,2025-12-12 06:16:00
1000000002335,672,Economy,8568.84,,,
1000000002336,612,Economy,5094.59,,,
1000000002337,26,Economy,6713.02,,,
1000000002338,355,Economy,3068.05,83C,8.0,2025-03-22 06:43:00
1000000002339,372,Economy,6302.7,17C,4.0,2025-10-09 05:34:00
1000000002340,343,Economy,7928.22,37A,2.0,2025-10-11 18:12:00
1000000002341,274,Comfort,14265.11,,,
1000000002341,784,Economy,6701.38,,,
1000000002342,640,Business,34039.97,,,
1000000002343,203,Business,33759.46,,,
1000000002344,284,Economy,3000.14,18C,5.0,2025-03-29 01:30:00
1000000002345,255,Comfort,8147.56,,,
1000000002345,155,Economy,4201.11,60E,2.0,2025-06-26 12:35:00
1000000002346,523,Business,15108.5,,,
1000000002346,98,Economy,6991.42,42B,2.0,2025-10-22 16:44:00
1000000002347,572,Economy,2783.14,,,
1000000002348,616,Economy,5408.34,28F,5.0,2025-12-24 05:45:00
1000000002348,675,Economy,8462.54,27B,4.0,2025-06-17 03:23:00
1000000002349,528,Economy,8518.69,25B,8.0,2025-09-30 15:39:00
1000000002349,113,Economy,5887.77,2A,2.0,2025-12-02 02:59:00
1000000002350,826,Economy,8172.05,61C,1.0,2025-08-09 03:05:00
1000000002351,124,Economy,3751.84,27C,5.0,2025-12-14 22:52:00
1000000002352,35,Economy,7316.99,101D,4.0,2025-07-22 04:04:00
1000000002353,728,Economy,8721.78,38A,6.0,2025-07-19 07:00:00
1000000002354,606,Economy,3698.46,,,
1000000002354,605,Economy,4033.44,18C,5.0,2025-07-25 15:58:00
1000000002355,425,Economy,5217.13,,,
1000000002356,652,Economy,8714.06,,,
1000000002356,77,Economy,5296.07,16F,4.0,2025-11-22 13:01:00
1000000002357,148,Economy,7086.74,46F,5.0,2025-11-04 08:26:00
1000000002357,518,Economy,8115.68,,,
1000000002358,163,Economy,7818.6,,,
1000000002359,522,Comfort,14050.79,55E,2.0,2025-07-29 23:14:00
1000000002360,868,Economy,2529.25,19E,5.0,2025-04-19 22:06:00
1000000002361,230,Economy,7982.29,49C,5.0,2025-07-14 03:00:00
1000000002362,704,Economy,7150.32,,,
1000000002363,778,Economy,5691.3,77A,6.0,2025-05-02 02:28:00
1000000002363,430,Economy,4355.16,,,
1000000002364,354,Comfort,9728.86,68E,2.0,2025-02-02 06:50:00
1000000002365,103,Economy,4786.11,,,
1000000002366,148,Comfort,13357.98,40A,6.0,2025-11-04 08:29:00
1000000002367,134,Comfort,14623.18,,,
1000000002368,152,Business,55200.55,,,
1000000002369,566,Economy,3111.16,,,
1000000002369,501,Economy,3141.79,,,
1000000002370,888,Economy,7795.83,,,
1000000002371,372,Economy,6036.57,8B,5.0,2025-10-09 05:36:00
1000000002371,502,Economy,6970.89,69A,2.0,2025-06-26 06:00:00
1000000002372,320,Comfort,7325.23,,,
1000000002373,278,Economy,8515.81,18A,2.0,2025-09-16 13:10:00
1000000002374,362,Economy,8531.19,8B,11.0,2025-04-30 16:48:00
1000000002375,627,Economy,4975.79,21C,5.0,2025-04-13 21:48:00
1000000002376,613,Economy,3423.47,37B,3.0,2025-02-18 18:15:00
1000000002377,143,Economy,6002.67,22A,6.0,2025-05-21 18:48:00
1000000002378,237,Business,20524.46,11A,4.0,2025-04-14 16:26:00
1000000002379,651,Comfort,14390.72,,,
1000000002379,482,Comfort,7294.45,109B,5.0,2025-08-15 06:53:00
1000000002380,19,Comfort,11474.2,7C,3.0,2025-09-06 01:02:00
1000000002380,91,Economy,4425.3,,,
1000000002381,19,Economy,6793.51,77E,4.0,2025-09-06 01:19:00
1000000002381,137,Economy,3950.86,33B,5.0,2025-02-05 16:28:00
1000000002382,860,Economy,7027.36,,,
1000000002383,32,Economy,3710.82,,,
1000000002384,718,Economy,5935.82,45F,1.0,2025-08-25 20:01:00
1000000002385,878,Economy,8274.83,,,
1000000002385,587,Economy,5661.29,47E,3.0,2025-10-09 15:08:00
1000000002386,662,Economy,7382.51,46C,3.0,2025-11-11 18:13:00
1000000002387,894,Economy,2509.99,11D,5.0,2025-12-10 13:05:00
1000000002388,760,Economy,6125.76,,,
1000000002389,812,Economy,6050.67,17C,3.0,2025-12-24 16:55:00
1000000002390,772,Economy,3724.53,57C,4.0,2025-02-27 21:37:00
1000000002390,355,Economy,3876.33,45D,9.0,2025-03-22 07:24:00
1000000002391,132,Economy,7467.15,,,
1000000002392,789,Economy,5465.22,64B,2.0,2025-08-06 22:28:00
1000000002393,50,Economy,3193.23,51F,4.0,2025-05-11 00:19:00
1000000002394,353,Economy,3148.75,,,
1000000002395,539,Economy,2726.5,103A,6.0,2025-02-10 17:52:00
1000000002395,317,Economy,3996.9,52F,5.0,2025-12-11 21:20:00
1000000002396,548,Economy,5785.74,,,
1000000002396,501,Economy,7773.68,,,
1000000002397,767,Comfort,9568.26,,,
1000000002398,705,Economy,8248.7,76E,2.0,2025-08-30 19:09:00
1000000002399,516,Comfort,9799.66,48A,5.0,2025-08-29 12:40:00
1000000002400,393,Economy,8689.17,,,
1000000002401,699,Economy,4712.16,,,
1000000002401,604,Economy,6653.3,31A,4.0,2025-02-24 19:30:00
1000000002402,84,Comfort,13414.19,69C,3.0,2025-04-09 09:03:00
1000000002403,456,Economy,5914.7,,,
1000000002404,533,Economy,7618.08,,,
1000000002404,780,Economy,5192.72,21A,4.0,2025-06-04 02:12:00
1000000002405,334,Economy,7571.74,31D,3.0,2025-09-06 09:23:00
1000000002405,634,Economy,2920.18,46C,5.0,2025-10-05 03:13:00
1000000002406,178,Business,29948.48,,,
1000000002406,236,Economy,3068.0,,,
1000000002407,219,Economy,6211.16,,,
1000000002408,691,Economy,8449.27,,,
1000000002409,851,Economy,7477.64,19C,5.0,2025-05-07 06:52:00
1000000002410,584,Economy,5611.49,20E,1.0,2025-10-06 14:36:00
1000000002411,814,Economy,6075.91,,,
1000000002411,139,Economy,2651.07,,,
1000000002412,761,Economy,5779.96,,,
1000000002413,427,Economy,5068.23,49D,5.0,2025-05-04 01:15:00
1000000002414,332,Economy,3199.92,40F,5.0,2025-02-17 23:20:00
1000000002415,408,Economy,6611.03,90D,5.0,2025-11-01 08:09:00
1000000002416,9,Economy,4223.6,63C,5.0,2025-07-14 06:50:00
1000000002417,188,Economy,6783.23,,,
1000000002418,690,Comfort,9636.98,55F,7.0,2025-05-01 03:46:00
1000000002419,676,Economy,4433.17,38A,9.0,2025-07-18 21:15:00
1000000002420,354,Economy,6311.1,33B,3.0,2025-02-02 06:58:00
1000000002420,118,Economy,6741.48,,,
1000000002421,263,Comfort,9115.14,,,
1000000002421,211,Economy,5308.13,74B,4.0,2025-09-23 07:43:00
1000000002422,510,Economy,4129.49,94F,3.0,2025-04-11 07:24:00
1000000002423,853,Comfort,11788.29,,,
1000000002424,50,Economy,2952.39,30C,5.0,2025-05-11 00:29:00
1000000002425,263,Economy,8431.0,,,
1000000002426,703,Economy,8138.43,2C,10.0,2025-10-23 09:48:00
1000000002427,677,Business,41834.85,36D,9.0,2025-09-24 20:37:00
1000000002428,403,Business,42191.15,68C,3.0,2025-05-18 17:06:00
1000000002428,725,Economy,7658.76,,,
1000000002429,768,Economy,7379.54,9D,6.0,2025-10-25 21:18:00
1000000002429,93,Comfort,10314.27,,,
1000000002430,673,Comfort,14043.71,,,
1000000002431,224,Economy,3781.97,,,
1000000002431,158,Business,53140.5,54A,5.0,2025-04-28 15:52:00
1000000002432,334,Economy,7283.53,33F,4.0,2025-09-06 08:38:00
1000000002432,545,Economy,7240.42,,,
1000000002433,574,Comfort,13715.06,21C,7.0,2025-11-22 17:22:00
1000000002434,706,Economy,6370.02,,,
1000000002435,862,Economy,7219.14,49D,2.0,2025-04-28 02:16:00
1000000002435,396,Economy,4962.7,,,
1000000002436,715,Economy,6448.71,21C,4.0,2025-06-04 14:04:00
1000000002437,243,Economy,6225.22,,,
1000000002438,452,Economy,7037.23,50E,6.0,2025-03-31 00:42:00
1000000002439,781,Economy,4569.36,,,
1000000002440,857,Economy,8276.38,56D,3.0,2025-06-17 13:13:00
1000000002441,64,Economy,5035.44,,,
1000000002441,668,Economy,3267.78,,,
1000000002442,368,Economy,4183.35,,,
1000000002442,696,Economy,5505.08,47D,4.0,2025-10-09 00:33:00
1000000002443,860,Economy,3829.13,,,
1000000002443,514,Economy,7473.46,,,
1000000002444,201,Business,47826.15,,,
1000000002444,895,Economy,8958.41,,,
1000000002445,619,Economy,8551.56,,,
1000000002446,644,Comfort,13888.8,,,
1000000002447,595,Economy,5051.69,,,
1000000002448,714,Economy,4843.52,,,
1000000002449,599,Economy,2740.07,,,
1000000002450,187,Economy,8479.57,,,
1000000002451,784,Economy,3124.64,,,
1000000002452,563,Economy,7843.6,,,
1000000002453,51,Economy,6230.22,,,
1000000002454,713,Comfort,8909.3,,,
1000000002455,522,Economy,5561.27,55E,3.0,2025-07-29 23:02:00
1000000002456,66,Economy,7425.99,,,
1000000002457,295,Economy,5633.19,45D,4.0,2025-07-16 23:53:00
1000000002457,78,Economy,8940.37,45A,6.0,2025-09-05 14:03:00
1000000002458,662,Economy,6337.83,33D,4.0,2025-11-11 18:15:00
1000000002458,384,Economy,6831.82,,,
1000000002459,345,Economy,3508.4,101C,3.0,2025-07-17 02:08:00
1000000002459,572,Economy,3342.7,,,
1000000002460,570,Economy,2667.91,,,
1000000002461,448,Economy,6834.84,,,
1000000002461,200,Comfort,11922.44,48A,3.0,2025-08-13 00:33:00
1000000002462,229,Comfort,10211.33,31D,6.0,2025-10-24 16:46:00
1000000002463,540,Economy,4934.67,,,
1000000002463,628,Comfort,10156.75,60F,6.0,2025-12-04 10:02:00
1000000002464,161,Economy,6817.23,,,
1000000002465,511,Economy,6893.27,31C,5.0,2025-07-27 17:51:00
1000000002465,273,Economy,3480.79,,,
1000000002466,106,Comfort,15309.71,,,
1000000002467,564,Business,47668.85,,,
1000000002468,560,Economy,6008.97,,,
1000000002469,758,Economy,8581.08,,,
1000000002470,27,Economy,4699.72,,,
1000000002471,13,Economy,2568.49,1A,7.0,2025-01-25 02:02:00
1000000002472,504,Comfort,9339.95,,,
1000000002473,82,Economy,5402.49,75E,8.0,2025-04-24 11:01:00
1000000002474,850,Economy,6621.0,,,
1000000002475,339,Economy,3925.18,58F,3.0,2025-02-06 06:29:00
1000000002476,762,Economy,8831.43,,,
1000000002477,492,Economy,8094.03,,,
1000000002478,887,Business,34368.19,36D,5.0,2025-07-08 14:51:00
1000000002479,77,Economy,3678.57,17E,5.0,2025-11-22 13:18:00
1000000002480,655,Economy,4373.95,14A,6.0,2025-11-04 18:34:00
1000000002481,169,Economy,4383.65,29D,5.0,2025-02-13 15:55:00
1000000002482,134,Comfort,7237.79,,,
1000000002483,657,Economy,3565.0,,,
1000000002484,364,Business,36906.54,47A,4.0,2025-05-24 00:48:00
1000000002485,586,Economy,7319.64,56A,6.0,2025-12-07 06:11:00
1000000002486,96,Economy,4437.25,45E,5.0,2025-10-19 08:36:00
1000000002487,210,Economy,6696.04,,,
1000000002488,537,Economy,4446.35,79E,6.0,2025-09-18 11:26:00
1000000002489,894,Economy,4090.81,20E,6.0,2025-12-10 13:02:00
1000000002489,371,Economy,4205.89,,,
1000000002490,741,Business,17903.41,,,
1000000002490,616,Economy,7987.66,29D,6.0,2025-12-24 06:32:00
1000000002491,257,Economy,5641.92,12A,7.0,2025-07-13 10:44:00
1000000002492,82,Economy,5799.33,72F,9.0,2025-04-24 10:57:00
1000000002493,393,Business,18271.85,,,
1000000002494,636,Business,49017.92,77D,3.0,2025-02-04 15:40:00
1000000002494,84,Economy,5703.05,74F,4.0,2025-04-09 09:12:00
1000000002495,192,Comfort,7364.41,8A,3.0,2025-11-26 05:18:00
1000000002496,13,Economy,4779.42,8A,8.0,2025-01-25 01:59:00
1000000002497,330,Economy,4348.49,,,
1000000002498,581,Economy,3956.76,,,
1000000002499,190,Economy,3316.95,,,
1000000002500,891,Economy,8874.39,45A,2.0,2025-08-07 08:11:00
1000000002501,57,Comfort,13867.02,71A,3.0,2025-11-09 01:55:00
1000000002502,899,Comfort,14891.04,73E,4.0,2025-11-17 15:55:00
1000000002503,841,Economy,6021.06,,,
1000000002504,831,Economy,3708.38,30B,7.0,2025-06-06 02:19:00
1000000002505,538,Economy,7465.4,,,
1000000002505,502,Economy,5559.48,73A,3.0,2025-06-26 06:07:00
1000000002506,806,Business,35928.13,,,
1000000002506,488,Business,26139.79,41A,2.0,2025-07-04 07:55:00
1000000002507,595,Economy,5850.56,,,
1000000002508,448,Comfort,10707.24,,,
1000000002509,674,Economy,5740.84,111C,3.0,2025-08-16 14:59:00
1000000002510,12,Comfort,7497.24,,,
1000000002510,810,Economy,4303.37,53C,3.0,2025-11-10 06:35:00
1000000002511,144,Economy,3521.01,20C,2.0,2025-12-26 02:52:00
1000000002512,18,Business,42546.93,,,
1000000002513,707,Economy,3460.16,18C,5.0,2025-05-31 08:35:00
1000000002513,152,Economy,5007.77,,,
1000000002514,637,Economy,3009.66,,,
1000000002515,512,Economy,5482.28,60D,4.0,2025-07-20 06:44:00
1000000002516,861,Comfort,13525.81,,,
1000000002517,169,Comfort,9841.58,12C,6.0,2025-02-13 14:45:00
1000000002517,285,Economy,2722.94,37D,6.0,2025-04-19 21:21:00
1000000002518,507,Economy,4550.25,,,
1000000002519,564,Comfort,10281.1,,,
1000000002520,347,Economy,3422.58,,,
1000000002520,634,Economy,8157.78,31E,6.0,2025-10-05 03:51:00
1000000002521,759,Business,30714.03,38D,5.0,2025-08-06 16:20:00
1000000002521,715,Economy,5200.15,10B,5.0,2025-06-04 14:47:00
1000000002522,548,Economy,6058.81,,,
1000000002522,110,Economy,7579.02,112F,6.0,2025-05-03 18:02:00
1000000002523,534,Business,25097.76,,,
1000000002524,834,Economy,3511.35,,,
1000000002525,743,Economy,4516.17,,,
1000000002526,106,Economy,2516.4,,,
1000000002527,706,Economy,7887.7,,,
1000000002527,197,Economy,5949.52,9C,5.0,2025-05-31 08:48:00
1000000002528,700,Business,24188.49,16C,3.0,2025-08-12 02:34:00
1000000002529,434,Economy,5982.25,,,
1000000002529,454,Economy,6833.6,12C,8.0,2025-06-25 03:49:00
1000000002530,381,Business,30745.32,,,
1000000002531,804,Economy,8441.09,,,
1000000002532,298,Comfort,9866.06,,,
1000000002532,103,Economy,6652.23,,,
1000000002533,493,Economy,8851.93,67C,6.0,2025-12-17 12:35:00
1000000002533,675,Economy,6974.9,65B,5.0,2025-06-17 02:30:00
1000000002534,644,Economy,4581.02,,,
1000000002535,459,Economy,4726.98,39A,4.0,2025-08-10 20:18:00
1000000002536,804,Economy,2802.02,,,
1000000002536,484,Economy,4372.85,8A,4.0,2025-08-08 08:08:00
1000000002537,88,Economy,5534.95,,,
1000000002537,379,Business,49322.65,19E,2.0,2025-07-03 14:54:00
1000000002538,389,Economy,6862.26,35F,8.0,2025-07-02 06:41:00
1000000002539,651,Economy,4985.64,,,
1000000002540,237,Economy,2608.2,13B,5.0,2025-04-14 16:14:00
1000000002541,365,Economy,2769.3,13F,7.0,2025-02-13 16:58:00
1000000002542,35,Business,39917.89,36A,5.0,2025-07-22 03:54:00
1000000002543,24,Economy,8296.93,,,
1000000002544,39,Business,32299.21,52B,3.0,2025-04-18 21:40:00
1000000002545,665,Economy,7024.08,,,
1000000002546,845,Business,56414.14,45B,7.0,2025-10-09 03:50:00
1000000002546,519,Economy,3913.97,,,
1000000002547,144,Comfort,9739.61,14B,3.0,2025-12-26 01:50:00
1000000002548,100,Economy,7242.07,12A,4.0,2025-08-29 10:41:00
1000000002548,497,Economy,7460.65,,,
1000000002549,659,Economy,4194.13,60E,4.0,2025-07-08 10:49:00
1000000002550,688,Economy,2764.07,,,
1000000002550,623,Economy,4820.28,19F,4.0,2025-04-30 05:00:00
1000000002551,719,Business,55598.94,,,
1000000002552,779,Economy,7288.18,,,
1000000002553,170,Comfort,7940.41,,,
1000000002554,590,Economy,7301.81,,,
1000000002555,594,Economy,5410.81,19C,3.0,2025-06-15 22:22:00
1000000002556,605,Business,54939.3,68A,6.0,2025-07-25 15:02:00
1000000002556,514,Business,19619.13,,,
1000000002557,236,Economy,4411.37,,,
1000000002557,879,Economy,6915.86,,,
1000000002558,374,Economy,4976.64,,,
1000000002559,419,Economy,3497.52,34E,5.0,2025-07-10 14:56:00
1000000002560,887,Economy,5241.07,31B,6.0,2025-07-08 14:59:00
1000000002561,513,Economy,3619.4,,,
1000000002562,806,Business,41280.15,,,
1000000002562,775,Business,50630.11,43B,6.0,2025-10-31 20:46:00
1000000002563,373,Economy,2889.53,90C,7.0,2025-04-12 11:06:00
1000000002564,463,Economy,8374.33,47E,4.0,2025-09-13 13:59:00
1000000002565,793,Economy,5257.96,,,
1000000002565,508,Comfort,8552.41,,,
1000000002566,847,Economy,8403.5,54F,3.0,2025-02-27 16:43:00
1000000002566,85,Economy,5213.05,3A,6.0,2025-10-29 15:37:00
1000000002567,108,Economy,5295.91,,,
1000000002568,354,Economy,5751.46,31D,4.0,2025-02-02 06:47:00
1000000002569,293,Business,26562.81,,,
1000000002569,746,Economy,7955.32,,,
1000000002570,118,Economy,7246.91,,,
1000000002570,856,Economy,2789.49,41C,6.0,2025-08-05 01:51:00
1000000002571,439,Economy,6419.11,,,
1000000002572,828,Economy,6362.49,,,
1000000002572,197,Business,48117.42,59F,6.0,2025-05-31 09:18:00
1000000002573,687,Economy,7710.71,27C,2.0,2025-09-18 03:10:00
1000000002573,427,Economy,4199.94,45C,6.0,2025-05-04 01:25:00
1000000002574,446,Economy,4789.97,57C,7.0,2025-12-22 20:21:00
1000000002574,711,Economy,4719.66,,,
1000000002575,203,Economy,8640.27,,,
1000000002576,852,Economy,4162.9,,,
1000000002576,91,Economy,6971.55,,,
1000000002577,863,Economy,6835.59,,,
1000000002578,136,Comfort,12655.86,,,
1000000002579,888,Economy,4890.64,,,
1000000002579,493,Business,37649.3,16C,7.0,2025-12-17 11:35:00
1000000002580,663,Economy,3617.5,,,
1000000002580,898,Economy,3516.3,,,
1000000002581,401,Economy,4494.54,,,
1000000002582,189,Economy,3877.29,78D,4.0,2025-12-09 01:57:00
1000000002583,255,Economy,3529.32,,,
1000000002583,156,Economy,3505.23,,,
1000000002584,460,Economy,7186.51,,,
1000000002585,445,Comfort,10021.69,,,
1000000002586,521,Comfort,12225.71,53F,4.0,2025-04-28 12:21:00
1000000002587,458,Economy,5475.73,51A,4.0,2025-06-09 23:36:00
1000000002588,297,Economy,3760.24,,,
1000000002588,275,Economy,5211.03,71F,6.0,2025-10-09 19:07:00
1000000002589,888,Comfort,13752.39,,,
1000000002590,517,Economy,7797.39,,,
1000000002591,5,Economy,5128.2,65A,5.0,2025-06-26 18:14:00
1000000002591,704,Economy,3860.04,,,
1000000002592,196,Economy,3302.38,,,
1000000002593,796,Comfort,11352.97,,,
1000000002593,212,Economy,4720.03,51E,3.0,2025-10-01 01:50:00
1000000002594,568,Economy,3731.18,,,
1000000002594,697,Economy,4572.84,44C,9.0,2025-08-10 22:13:00
1000000002595,108,Economy,4317.06,,,
1000000002596,162,Economy,5995.35,,,
1000000002596,256,Comfort,14841.74,11C,5.0,2025-05-27 11:51:00
1000000002597,710,Economy,6494.91,,,
1000000002598,199,Economy,4294.2,44D,7.0,2025-12-10 19:55:00
1000000002598,74,Economy,6037.15,13A,2.0,2025-06-09 17:39:00
1000000002599,267,Comfort,14742.3,,,
1000000002600,87,Economy,4954.27,,,
1000000002601,513,Economy,3691.77,,,
1000000002602,362,Economy,2746.18,9A,12.0,2025-04-30 16:18:00
1000000002602,62,Business,44385.96,30B,3.0,2025-11-17 06:31:00
1000000002603,507,Economy,3356.88,,,
1000000002603,566,Business,58164.0,,,
1000000002604,801,Economy,7026.02,34B,4.0,2025-02-22 05:43:00
1000000002605,795,Economy,8710.54,29C,3.0,2025-02-04 19:02:00
1000000002605,251,Economy,4379.09,20C,5.0,2025-07-05 00:59:00
1000000002606,865,Comfort,11467.77,,,
1000000002606,629,Economy,5065.44,17A,4.0,2025-02-20 10:21:00
1000000002607,627,Economy,4799.82,34A,6.0,2025-04-13 21:03:00
1000000002608,384,Economy,5967.09,,,
1000000002609,96,Comfort,12014.38,34B,6.0,2025-10-19 09:11:00
1000000002610,454,Business,36196.99,40A,9.0,2025-06-25 04:34:00
1000000002611,465,Economy,4323.73,,,
1000000002612,19,Economy,2565.08,34D,5.0,2025-09-06 01:52:00
1000000002613,350,Comfort,12984.66,,,
1000000002613,866,Economy,7674.59,67A,6.0,2025-12-13 06:25:00
1000000002614,668,Business,37159.7,,,
1000000002615,335,Comfort,11039.96,77F,4.0,2025-08-21 23:17:00
1000000002616,631,Economy,3593.55,,,
1000000002616,176,Economy,3261.83,,,
1000000002617,179,Economy,7600.36,,,
1000000002618,139,Economy,6859.04,,,
1000000002619,790,Economy,2741.62,13D,6.0,2025-09-26 09:09:00
1000000002620,867,Comfort,11403.73,,,
1000000002621,299,Economy,5788.09,34E,3.0,2025-06-18 13:31:00
1000000002621,241,Economy,4243.73,,,
1000000002622,59,Economy,6589.63,,,
1000000002623,178,Business,48908.45,,,
1000000002623,755,Economy,5172.09,70D,4.0,2025-02-26 13:55:00
1000000002624,359,Economy,6650.41,53D,4.0,2025-07-25 02:23:00
1000000002625,345,Economy,6007.81,73A,4.0,2025-07-17 02:51:00
1000000002626,760,Economy,5521.03,,,
1000000002627,596,Economy,3723.85,,,
1000000002628,149,Economy,8212.29,48C,5.0,2025-10-12 09:54:00
1000000002629,724,Economy,3754.15,,,
1000000002629,513,Economy,7740.2,,,
1000000002630,431,Economy,4220.17,,,
1000000002631,86,Economy,2701.46,,,
1000000002632,694,Business,56336.91,,,
1000000002632,205,Economy,2546.37,16D,2.0,2025-12-16 09:49:00
1000000002633,829,Economy,6185.8,,,
1000000002633,393,Economy,5020.3,,,
1000000002634,779,Economy,7946.22,,,
1000000002635,120,Economy,4403.43,,,
1000000002636,160,Economy,2914.74,11C,6.0,2025-03-29 18:28:00
1000000002636,195,Economy,7660.68,,,
1000000002637,477,Business,26252.19,14C,3.0,2025-10-01 09:11:00
1000000002638,653,Economy,2687.47,,,
1000000002639,727,Economy,7969.78,,,
1000000002640,341,Comfort,14181.32,,,
1000000002640,423,Economy,4827.72,,,
1000000002641,232,Economy,3065.68,,,
1000000002641,374,Comfort,9147.68,,,
1000000002642,113,Economy,8644.01,9B,3.0,2025-12-02 03:17:00
1000000002643,540,Comfort,11310.43,,,
1000000002643,803,Economy,5079.54,,,
1000000002644,434,Economy,4416.54,,,
1000000002645,198,Economy,5397.38,16E,5.0,2025-12-20 13:34:00
1000000002646,309,Economy,4886.85,,,
1000000002647,346,Economy,3335.28,,,
1000000002648,699,Economy,6517.89,,,
1000000002649,711,Economy,4761.19,,,
1000000002649,812,Economy,3293.14,18D,4.0,2025-12-24 16:56:00
1000000002650,536,Economy,7985.73,,,
1000000002650,640,Economy,7746.89,,,
1000000002651,836,Economy,8102.13,,,
1000000002652,109,Economy,8721.15,6C,4.0,2025-03-18 14:17:00
1000000002653,741,Economy,3521.89,,,
1000000002654,513,Business,54907.63,,,
1000000002654,320,Business,34782.02,,,
1000000002655,689,Business,34965.11,,,
1000000002656,482,Comfort,9373.28,91B,6.0,2025-08-15 07:10:00
1000000002656,862,Economy,5114.87,31C,3.0,2025-04-28 01:46:00
1000000002657,326,Economy,4787.24,105D,3.0,2025-10-29 22:10:00
1000000002657,671,Economy,2548.36,,,
1000000002658,815,Economy,5703.98,23C,5.0,2025-05-26 13:11:00
1000000002659,107,Economy,8199.45,,,
1000000002660,689,Economy,3885.91,,,
1000000002661,93,Economy,5895.26,,,
1000000002662,90,Economy,8593.9,,,
1000000002662,466,Business,36155.79,,,
1000000002663,859,Economy,2579.4,,,
1000000002664,66,Economy,8038.56,,,
1000000002665,325,Comfort,14030.32,104A,3.0,2025-01-17 14:03:00
1000000002665,298,Economy,8175.47,,,
1000000002666,153,Comfort,7676.09,,,
1000000002667,287,Economy,7454.96,10A,5.0,2025-06-03 04:17:00
1000000002668,725,Economy,3293.68,,,
1000000002668,863,Comfort,11257.24,,,
1000000002669,675,Business,21502.22,30C,6.0,2025-06-17 03:24:00
1000000002669,406,Economy,7979.23,58D,3.0,2025-10-20 20:18:00
1000000002670,76,Comfort,10804.56,,,
1000000002671,410,Economy,5870.38,43A,4.0,2025-08-03 02:41:00
1000000002672,719,Economy,3467.25,,,
1000000002673,706,Economy,4570.91,,,
1000000002674,772,Economy,5260.47,61A,5.0,2025-02-27 21:31:00
1000000002675,240,Business,48842.84,13A,6.0,2025-11-30 05:30:00
1000000002675,101,Economy,2719.26,,,
1000000002676,842,Economy,3124.83,47B,5.0,2025-04-15 12:10:00
1000000002677,669,Business,43883.73,,,
1000000002677,107,Economy,5264.4,,,
1000000002678,248,Economy,6943.38,37B,8.0,2025-03-02 13:01:00
1000000002678,648,Economy,6945.62,,,
1000000002679,549,Economy,7931.47,53C,5.0,2025-05-28 01:28:00
1000000002680,55,Economy,7478.75,,,
1000000002680,115,Economy,2588.99,14C,4.0,2025-02-05 06:29:00
1000000002681,285,Economy,5674.95,37B,7.0,2025-04-19 21:55:00
1000000002682,719,Economy,8907.24,,,
1000000002683,878,Economy,5308.12,,,
1000000002683,624,Economy,2723.78,99A,4.0,2025-03-17 07:46:00
1000000002684,369,Economy,8682.58,24B,7.0,2025-04-17 14:01:00
1000000002685,862,Economy,7680.62,31B,4.0,2025-04-28 02:19:00
1000000002686,5,Comfort,8928.4,5C,6.0,2025-06-26 19:00:00
1000000002687,119,Economy,5085.88,82B,6.0,2025-08-25 19:13:00
1000000002687,531,Economy,2616.02,,,
1000000002688,174,Economy,4629.08,21C,6.0,2025-07-04 23:25:00
1000000002689,359,Economy,6208.36,65B,5.0,2025-07-25 02:17:00
1000000002690,458,Economy,5038.71,69A,5.0,2025-06-09 23:49:00
1000000002691,211,Economy,6441.23,96D,5.0,2025-09-23 08:18:00
1000000002692,437,Business,19268.22,,,
1000000002693,883,Economy,7781.24,46E,4.0,2025-10-19 03:07:00
1000000002694,500,Economy,8297.61,7C,3.0,2025-11-21 03:05:00
1000000002695,754,Economy,5059.39,,,
1000000002695,764,Comfort,7801.27,16C,8.0,2025-01-17 09:06:00
1000000002696,842,Economy,6286.69,80C,6.0,2025-04-15 12:53:00
1000000002696,121,Comfort,8336.68,,,
1000000002697,165,Economy,3028.52,,,
1000000002697,215,Economy,5659.3,,,
1000000002698,3,Comfort,13375.99,40D,4.0,2025-11-29 21:19:00
1000000002699,775,Economy,3636.61,35D,7.0,2025-10-31 21:11:00
1000000002699,440,Business,26754.25,37D,7.0,2025-02-22 11:35:00
1000000002700,509,Economy,3726.09,,,
1000000002700,669,Economy,6728.63,,,
1000000002701,502,Comfort,8619.08,26B,4.0,2025-06-26 05:46:00
1000000002702,13,Economy,2725.46,20A,9.0,2025-01-25 02:25:00
1000000002702,624,Comfort,9348.14,73F,5.0,2025-03-17 07:35:00
1000000002703,633,Economy,4368.67,62D,4.0,2025-07-15 15:49:00
1000000002704,679,Business,21117.37,,,
1000000002704,338,Business,50711.46,45D,4.0,2025-04-26 16:25:00
1000000002705,589,Economy,8014.51,75E,4.0,2025-05-04 22:38:00
1000000002705,373,Economy,7704.72,102D,8.0,2025-04-12 11:42:00
1000000002706,688,Comfort,11397.07,,,
1000000002707,357,Economy,3946.43,,,
1000000002708,102,Business,50319.39,,,
1000000002708,433,Economy,6289.47,,,
1000000002709,329,Economy,6788.08,87D,5.0,2025-03-09 06:46:00
1000000002710,213,Economy,2690.98,30A,5.0,2025-01-15 01:16:00
1000000002711,784,Economy,3657.78,,,
1000000002712,591,Economy,5914.26,49A,7.0,2025-07-02 19:19:00
1000000002713,898,Economy,3406.32,,,
1000000002713,107,Economy,3678.84,,,
1000000002714,35,Economy,4120.26,106D,6.0,2025-07-22 03:29:00
1000000002714,572,Comfort,14740.96,,,
1000000002715,787,Comfort,13475.85,,,
1000000002716,599,Comfort,7943.44,,,
1000000002717,540,Business,40283.56,,,
1000000002718,532,Economy,6516.81,,,
1000000002719,115,Economy,8651.11,39D,5.0,2025-02-05 06:47:00
1000000002720,666,Economy,2542.4,40B,3.0,2025-01-04 02:13:00
1000000002721,110,Economy,2984.33,80D,7.0,2025-05-03 17:16:00
1000000002722,732,Economy,6134.23,48F,4.0,2025-12-05 05:39:00
1000000002723,203,Economy,4308.99,,,
1000000002724,759,Comfort,11893.57,24B,6.0,2025-08-06 15:57:00
1000000002725,457,Economy,6236.61,32F,4.0,2025-12-17 22:34:00
1000000002725,63,Economy,4880.59,,,
1000000002726,451,Comfort,14940.99,,,
1000000002727,329,Business,56319.81,60E,6.0,2025-03-09 05:51:00
1000000002728,875,Economy,4214.71,,,
1000000002729,684,Comfort,7246.9,73C,5.0,2025-11-26 22:03:00
1000000002729,128,Economy,7349.21,86C,5.0,2025-12-13 22:44:00
1000000002730,140,Economy,5977.13,17E,7.0,2025-02-28 21:39:00
1000000002731,567,Comfort,15653.76,86B,3.0,2025-06-12 19:08:00
1000000002732,225,Economy,4912.14,47C,4.0,2025-01-24 00:43:00
1000000002732,476,Economy,8023.91,47A,2.0,2025-11-29 04:43:00
1000000002733,457,Economy,5171.28,45A,5.0,2025-12-17 21:52:00
1000000002733,791,Economy,8286.08,60B,5.0,2025-03-31 16:58:00
1000000002734,239,Economy,7626.99,,,
1000000002734,93,Economy,5299.87,,,
1000000002735,107,Business,41562.72,,,
1000000002736,226,Economy,4091.87,,,
1000000002737,117,Comfort,9300.7,,,
1000000002738,500,Economy,3001.63,62A,4.0,2025-11-21 04:09:00
1000000002739,221,Economy,6738.85,,,
1000000002739,498,Economy,3133.9,74F,6.0,2025-12-18 08:23:00
1000000002740,15,Business,31698.09,,,
1000000002740,294,Economy,5599.32,,,
1000000002741,401,Comfort,11038.89,,,
1000000002741,187,Economy,3325.36,,,
1000000002742,277,Business,25972.55,59E,3.0,2025-12-08 23:59:00
1000000002743,435,Business,52551.51,,,
1000000002744,621,Economy,7157.28,,,
1000000002745,827,Business,34852.08,,,
1000000002746,133,Economy,5426.93,9C,6.0,2025-07-09 21:21:00
1000000002747,489,Economy,6799.31,41E,5.0,2025-05-04 19:53:00
1000000002748,322,Business,29436.96,38F,3.0,2025-04-23 08:28:00
1000000002748,713,Economy,7397.94,,,
1000000002749,871,Economy,7704.76,47F,5.0,2025-10-14 00:22:00
1000000002749,425,Economy,5330.33,,,
1000000002750,458,Economy,6001.09,21A,6.0,2025-06-09 22:58:00
1000000002750,762,Economy,8974.35,,,
1000000002751,323,Economy,8522.56,20F,6.0,2025-09-19 01:54:00
1000000002752,379,Economy,5228.88,13B,3.0,2025-07-03 15:24:00
1000000002752,708,Economy,3632.88,15C,4.0,2025-02-01 19:35:00
1000000002753,819,Economy,7286.09,21E,3.0,2025-04-30 12:54:00
1000000002754,25,Economy,8247.72,,,
1000000002755,81,Comfort,10142.03,82E,5.0,2025-07-28 13:47:00
1000000002755,311,Economy,6595.51,,,
1000000002756,74,Comfort,14050.85,26D,3.0,2025-06-09 17:30:00
1000000002757,532,Economy,8845.78,,,
1000000002758,301,Economy,4403.78,16A,5.0,2025-05-05 09:53:00
1000000002759,258,Economy,5934.75,22C,8.0,2025-04-02 16:48:00
1000000002759,639,Economy,5980.68,34E,6.0,2025-02-10 21:41:00
1000000002760,417,Economy,8957.9,30A,4.0,2025-03-11 15:04:00
1000000002761,138,Economy,5243.34,11C,3.0,2025-05-22 03:31:00
1000000002762,714,Economy,4654.11,,,
1000000002763,520,Economy,6839.32,,,
1000000002764,834,Economy,3649.74,,,
1000000002765,62,Economy,3263.76,50C,4.0,2025-11-17 07:08:00
1000000002766,112,Economy,2639.97,,,
1000000002767,871,Comfort,9310.51,42F,6.0,2025-10-14 00:00:00
1000000002767,73,Economy,5626.68,,,
1000000002768,878,Business,44758.68,,,
1000000002768,785,Comfort,14367.03,26B,5.0,2025-01-12 02:20:00
1000000002769,235,Comfort,8406.79,43C,2.0,2025-05-21 08:25:00
1000000002770,412,Economy,3554.05,,,
1000000002771,385,Economy,5814.32,30A,5.0,2025-01-11 15:50:00
1000000002772,430,Economy,7447.02,,,
1000000002773,622,Business,23100.6,46E,3.0,2025-01-13 08:16:00
1000000002774,681,Economy,3703.93,18A,3.0,2025-01-26 03:29:00
1000000002775,815,Comfort,12694.44,52B,6.0,2025-05-26 13:35:00
1000000002775,248,Comfort,15401.84,41C,9.0,2025-03-02 13:50:00
1000000002776,469,Economy,8864.36,12C,6.0,2025-04-07 02:51:00
1000000002776,767,Business,28470.18,,,
1000000002777,590,Business,15900.68,,,
1000000002778,677,Economy,4708.42,48C,10.0,2025-09-24 20:01:00
1000000002779,415,Economy,8808.16,,,
1000000002780,660,Economy,6142.27,71F,2.0,2025-05-21 09:22:00
1000000002781,660,Business,48837.48,69E,3.0,2025-05-21 09:35:00
1000000002782,690,Comfort,10762.56,44A,8.0,2025-05-01 03:40:00
1000000002783,464,Economy,4113.5,9A,3.0,2025-10-13 15:56:00
1000000002783,544,Economy,3147.5,71F,5.0,2025-11-07 05:27:00
1000000002784,130,Comfort,12144.85,29A,5.0,2025-12-12 06:29:00
1000000002785,469,Economy,7012.3,34E,7.0,2025-04-07 03:18:00
1000000002786,84,Economy,6409.02,60A,5.0,2025-04-09 09:20:00
1000000002787,260,Economy,6249.63,43F,4.0,2025-02-27 01:11:00
1000000002788,886,Economy,7995.5,4C,8.0,2025-06-02 14:18:00
1000000002789,431,Comfort,9867.03,,,
1000000002789,771,Economy,6584.28,,,
1000000002790,447,Comfort,14168.53,48F,3.0,2025-03-12 11:47:00
1000000002790,752,Economy,6800.23,,,
1000000002791,804,Economy,5628.57,,,
1000000002791,457,Comfort,7998.85,5A,6.0,2025-12-17 22:10:00
1000000002792,867,Economy,8514.06,,,
1000000002792,868,Economy,4873.73,2A,6.0,2025-04-19 22:15:00
1000000002793,289,Economy,4334.13,,,
1000000002794,804,Economy,6549.41,,,
1000000002795,470,Comfort,8189.67,,,
1000000002796,646,Economy,4179.19,13A,2.0,2025-05-27 12:45:00
1000000002797,345,Economy,7111.87,98B,5.0,2025-07-17 01:55:00
1000000002798,854,Business,45290.0,43F,4.0,2025-02-16 06:40:00
1000000002799,707,Business,15145.08,14C,6.0,2025-05-31 08:52:00
1000000002799,279,Business,55432.37,22D,6.0,2025-09-30 17:24:00
1000000002800,165,Economy,7269.25,,,
1000000002801,641,Economy,7535.17,,,
1000000002802,586,Economy,5798.81,76C,7.0,2025-12-07 05:22:00
1000000002803,735,Economy,8941.35,,,
1000000002804,885,Economy,6693.24,,,
1000000002804,162,Economy,5120.04,,,
1000000002805,434,Comfort,11862.76,,,
1000000002806,192,Economy,6928.74,48C,4.0,2025-11-26 04:52:00
1000000002806,797,Economy,6669.26,,,
1000000002807,844,Business,23844.57,,,
1000000002807,824,Economy,2868.11,,,
1000000002808,851,Economy,3166.97,14F,6.0,2025-05-07 07:27:00
1000000002809,892,Comfort,13126.87,12C,3.0,2025-08-26 20:53:00
1000000002810,109,Economy,4371.52,5A,5.0,2025-03-18 14:11:00
1000000002811,697,Economy,4668.87,45B,10.0,2025-08-10 21:25:00
1000000002812,352,Economy,2734.49,66C,3.0,2025-01-06 05:16:00
1000000002812,622,Economy,6484.82,40B,4.0,2025-01-13 08:48:00
1000000002813,522,Economy,2847.56,90C,4.0,2025-07-29 23:50:00
1000000002814,65,Economy,7402.39,49D,5.0,2025-01-11 17:46:00
1000000002815,594,Economy,8655.12,63B,4.0,2025-06-15 22:47:00
1000000002815,19,Economy,7902.81,65F,6.0,2025-09-06 01:33:00
1000000002816,286,Economy,6089.3,,,
1000000002816,639,Economy,4965.68,40D,7.0,2025-02-10 21:40:00
1000000002817,628,Economy,7012.72,74F,7.0,2025-12-04 10:02:00
1000000002817,121,Economy,4208.48,,,
1000000002818,110,Economy,6096.44,93C,8.0,2025-05-03 18:13:00
1000000002819,366,Economy,3123.27,11C,2.0,2025-12-06 03:37:00
1000000002820,194,Comfort,12065.94,16A,4.0,2025-05-10 00:08:00
1000000002821,395,Business,45598.93,78C,8.0,2025-01-18 08:08:00
1000000002822,588,Business,28053.65,,,
1000000002823,692,Economy,5630.86,46D,3.0,2025-12-17 18:49:00
1000000002824,543,Economy,4075.19,46E,6.0,2025-12-27 00:39:00
1000000002824,513,Economy,6580.75,,,
1000000002825,333,Economy,4083.66,10A,3.0,2025-08-08 05:28:00
1000000002826,140,Economy,3015.59,17A,8.0,2025-02-28 22:14:00
1000000002827,411,Economy,8667.13,,,
1000000002827,163,Economy,3786.14,,,
1000000002828,633,Economy,4306.48,89B,5.0,2025-07-15 15:16:00
1000000002829,720,Economy,6991.33,,,
1000000002830,572,Economy,7454.93,,,
1000000002831,247,Economy,8217.96,87B,1.0,2025-05-17 09:36:00
1000000002832,82,Economy,5922.69,66B,10.0,2025-04-24 10:59:00
1000000002832,821,Economy,5669.35,47F,4.0,2025-09-12 05:52:00
1000000002833,393,Economy,4414.67,,,
1000000002833,632,Economy,7082.24,49C,5.0,2025-05-12 11:19:00
1000000002834,887,Economy,7663.45,55E,7.0,2025-07-08 15:32:00
1000000002835,289,Economy,5659.5,,,
1000000002835,103,Economy,5839.65,,,
1000000002836,293,Economy,3003.7,,,
1000000002837,472,Economy,2948.9,,,
1000000002837,826,Economy,7729.08,54D,2.0,2025-08-09 03:39:00
1000000002838,185,Economy,5345.72,,,
1000000002839,299,Economy,7702.37,31B,4.0,2025-06-18 14:07:00
1000000002839,636,Economy,3861.84,43D,4.0,2025-02-04 16:32:00
1000000002840,32,Comfort,13473.48,,,
1000000002841,379,Economy,7981.74,6C,4.0,2025-07-03 14:57:00
1000000002842,712,Economy,7032.8,,,
1000000002843,681,Economy,4289.01,38D,4.0,2025-01-26 03:29:00
1000000002844,462,Economy,2680.5,,,
1000000002844,369,Economy,4015.91,20D,8.0,2025-04-17 13:57:00
1000000002845,718,Business,24589.95,23A,2.0,2025-08-25 20:25:00
1000000002845,871,Comfort,11329.67,43A,7.0,2025-10-14 00:50:00
1000000002846,896,Economy,6793.44,28C,4.0,2025-12-02 15:04:00
1000000002847,79,Comfort,15815.43,33C,9.0,2025-05-05 14:05:00
1000000002848,694,Economy,2500.56,,,
1000000002848,268,Economy,5907.42,,,
1000000002849,867,Economy,5271.31,,,
1000000002850,176,Business,29089.16,,,
1000000002851,278,Economy,6026.16,6A,3.0,2025-09-16 13:35:00
1000000002852,86,Comfort,13400.98,,,
1000000002852,66,Economy,7610.15,,,
1000000002853,348,Economy,4552.9,,,
1000000002853,54,Economy,2955.34,15A,5.0,2025-05-27 05:44:00
1000000002854,833,Economy,2877.77,,,
1000000002855,494,Economy,3738.52,,,
1000000002855,416,Comfort,14761.67,17F,6.0,2025-09-06 15:08:00
1000000002856,428,Economy,4627.67,68F,4.0,2025-08-03 11:43:00
1000000002857,325,Economy,2553.49,55D,4.0,2025-01-17 13:49:00
1000000002858,411,Comfort,13814.1,,,
1000000002859,898,Economy,7350.05,,,
1000000002860,776,Economy,7237.91,,,
1000000002861,874,Economy,3188.31,,,
1000000002862,511,Comfort,7984.33,15C,6.0,2025-07-27 17:17:00
1000000002863,848,Comfort,10444.14,60C,3.0,2025-11-04 03:08:00
1000000002864,582,Economy,8108.26,14F,5.0,2025-01-05 05:38:00
1000000002864,512,Economy,3607.63,75B,5.0,2025-07-20 06:00:00
1000000002865,334,Comfort,9363.88,48F,5.0,2025-09-06 09:03:00
1000000002866,307,Business,27554.69,8D,2.0,2025-01-06 02:37:00
1000000002867,767,Economy,6589.51,,,
1000000002867,415,Economy,2893.8,,,
1000000002868,45,Economy,7824.41,23C,6.0,2025-07-30 19:59:00
1000000002869,674,Economy,7510.9,43C,4.0,2025-08-16 14:48:00
1000000002870,899,Economy,8960.69,12A,5.0,2025-11-17 16:18:00
1000000002871,65,Economy,6162.36,39B,6.0,2025-01-11 18:11:00
1000000002872,896,Business,15251.01,32B,5.0,2025-12-02 14:17:00
1000000002873,670,Economy,5289.63,,,
1000000002874,272,Economy,4839.66,,,
1000000002875,688,Business,41818.58,,,
1000000002876,479,Economy,7291.79,,,
1000000002877,321,Economy,8126.05,22A,3.0,2025-09-11 12:44:00
1000000002878,816,Economy,2590.37,,,
1000000002879,892,Economy,7425.52,8A,4.0,2025-08-26 20:02:00
1000000002880,6,Business,39911.86,37D,4.0,2025-05-31 19:06:00
1000000002880,460,Economy,4890.2,,,
1000000002881,106,Economy,5281.31,,,
1000000002882,819,Economy,5281.15,8C,4.0,2025-04-30 13:14:00
1000000002883,164,Comfort,8591.89,46D,5.0,2025-12-02 01:17:00
1000000002884,121,Economy,2569.38,,,
1000000002885,815,Economy,4855.47,67D,7.0,2025-05-26 13:48:00
1000000002886,638,Economy,3775.81,35E,6.0,2025-11-10 18:35:00
1000000002886,497,Comfort,7489.47,,,
1000000002887,591,Economy,6965.33,6C,8.0,2025-07-02 19:11:00
1000000002888,828,Economy,4362.74,,,
1000000002889,900,Comfort,12318.08,74D,3.0,2025-03-20 22:16:00
1000000002890,181,Economy,3573.62,48B,2.0,2025-02-22 20:49:00
1000000002891,63,Economy,3124.24,,,
1000000002891,545,Economy,6135.79,,,
1000000002892,367,Economy,6778.17,,,
1000000002893,871,Comfort,8515.62,7A,8.0,2025-10-14 00:05:00
1000000002893,414,Economy,5474.91,,,
1000000002894,381,Business,42857.47,,,
1000000002895,638,Economy,5044.26,32A,7.0,2025-11-10 19:01:00
1000000002895,109,Economy,5186.78,19D,6.0,2025-03-18 13:34:00
1000000002896,356,Comfort,15313.23,,,
1000000002896,555,Economy,5007.44,7C,6.0,2025-12-18 05:09:00
1000000002897,250,Economy,5673.15,30B,5.0,2025-10-03 20:48:00
1000000002897,883,Economy,3655.63,26C,5.0,2025-10-19 03:09:00
1000000002898,563,Business,56116.85,,,
1000000002899,275,Economy,5354.76,110D,7.0,2025-10-09 19:11:00
1000000002900,843,Comfort,11482.16,,,
1000000002900,666,Economy,7960.93,39C,4.0,2025-01-04 02:34:00
1000000002901,773,Business,43787.49,59D,3.0,2025-08-31 10:36:00
1000000002901,58,Economy,4403.68,57D,3.0,2025-12-02 21:10:00
1000000002902,774,Comfort,9082.95,,,
1000000002902,829,Economy,2537.8,,,
1000000002903,231,Economy,4535.67,43E,3.0,2025-03-19 12:02:00
1000000002904,547,Economy,8041.83,,,
1000000002905,40,Economy,6174.01,,,
1000000002906,251,Economy,7679.21,46D,6.0,2025-07-05 01:04:00
1000000002906,482,Economy,6468.91,14A,7.0,2025-08-15 06:30:00
1000000002907,842,Economy,5554.28,31A,7.0,2025-04-15 12:08:00
1000000002907,249,Economy,6250.17,33D,4.0,2025-11-11 05:57:00
1000000002908,378,Economy,3722.47,13A,3.0,2025-03-12 12:14:00
1000000002909,815,Comfort,8064.42,82B,8.0,2025-05-26 13:01:00
1000000002909,52,Business,29749.75,,,
1000000002910,306,Economy,8368.87,72C,3.0,2025-05-08 21:10:00
1000000002911,185,Economy,2658.35,,,
1000000002912,169,Economy,7596.37,34F,7.0,2025-02-13 15:35:00
1000000002913,230,Economy,4907.93,18B,6.0,2025-07-14 02:47:00
1000000002914,328,Comfort,15085.28,28B,8.0,2025-05-17 15:16:00
1000000002915,259,Economy,3097.16,63C,7.0,2025-12-11 22:15:00
1000000002916,689,Comfort,13972.06,,,
1000000002917,371,Economy,8892.01,,,
1000000002918,709,Economy,5948.89,,,
1000000002919,526,Economy,7366.27,,,
1000000002920,105,Economy,7135.7,1A,4.0,2025-04-26 02:22:00
1000000002920,131,Economy,8512.68,,,
1000000002921,753,Economy,5280.83,,,
1000000002921,383,Economy,7946.08,,,
1000000002922,791,Economy,5146.58,32A,6.0,2025-03-31 16:37:00
1000000002923,598,Economy,3969.82,,,
1000000002924,627,Economy,6187.78,18C,7.0,2025-04-13 21:23:00
1000000002925,209,Economy,4940.58,14A,2.0,2025-08-27 20:24:00
1000000002926,422,Comfort,10950.44,18C,4.0,2025-12-15 23:47:00
1000000002927,868,Economy,3833.69,13E,7.0,2025-04-19 22:14:00
1000000002927,127,Economy,4534.1,,,
1000000002928,72,Economy,5296.65,,,
1000000002928,582,Economy,8152.62,16D,6.0,2025-01-05 06:02:00
1000000002929,438,Economy,7006.72,6A,2.0,2025-07-15 23:01:00
1000000002930,323,Business,58872.79,13B,7.0,2025-09-19 01:53:00
1000000002930,710,Business,39836.55,,,
1000000002931,33,Comfort,12252.93,14C,5.0,2025-12-12 06:48:00
1000000002932,239,Comfort,15361.78,,,
1000000002933,459,Economy,6263.1,35B,5.0,2025-08-10 20:26:00
1000000002934,690,Comfort,8158.55,3A,9.0,2025-05-01 04:05:00
1000000002935,845,Economy,7784.09,70B,8.0,2025-10-09 03:33:00
1000000002936,246,Economy,6204.98,2A,4.0,2025-12-09 02:37:00
1000000002937,626,Economy,6783.26,75D,3.0,2025-12-24 20:38:00
1000000002938,25,Comfort,9206.43,,,
1000000002939,446,Economy,4470.88,11A,8.0,2025-12-22 19:37:00
1000000002939,389,Economy,5026.54,49A,9.0,2025-07-02 06:35:00
1000000002940,489,Economy,6438.84,34B,6.0,2025-05-04 19:30:00
1000000002941,30,Economy,8811.32,17E,2.0,2025-07-19 08:01:00
1000000002942,864,Economy,5918.1,18B,3.0,2025-09-27 13:00:00
1000000002943,875,Economy,5492.56,,,
1000000002944,817,Business,39390.34,,,
1000000002945,512,Economy,6968.24,64B,6.0,2025-07-20 06:58:00
1000000002946,406,Economy,2520.68,57D,4.0,2025-10-20 20:31:00
1000000002947,541,Business,45851.8,65C,5.0,2025-04-10 00:47:00
1000000002948,558,Economy,2589.52,,,
1000000002948,588,Comfort,15088.5,,,
1000000002949,517,Business,17848.3,,,
1000000002949,698,Business,36885.46,,,
1000000002950,745,Comfort,10325.37,79E,5.0,2025-12-21 00:21:00
1000000002951,516,Business,34003.04,10C,6.0,2025-08-29 12:43:00
1000000002952,161,Economy,3155.61,,,
1000000002953,806,Economy,6429.28,,,
1000000002954,127,Economy,2904.87,,,
1000000002955,573,Economy,6515.71,14E,5.0,2025-10-04 07:52:00
1000000002956,544,Business,39794.12,12A,6.0,2025-11-07 05:51:00
1000000002957,547,Economy,5207.1,,,
1000000002957,253,Comfort,11852.68,,,
1000000002958,469,Economy,5014.78,21A,8.0,2025-04-07 03:13:00
1000000002958,754,Economy,6854.78,,,
1000000002959,31,Economy,5246.23,,,
1000000002960,305,Economy,6659.8,42B,5.0,2025-10-01 15:25:00
1000000002960,58,Economy,4474.0,96F,4.0,2025-12-02 21:37:00
1000000002961,743,Economy,7972.12,,,
1000000002962,537,Economy,8841.59,57D,7.0,2025-09-18 11:40:00
1000000002963,130,Economy,8199.56,38C,6.0,2025-12-12 06:18:00
1000000002964,295,Business,18613.3,29D,5.0,2025-07-16 23:08:00
1000000002965,652,Economy,6606.31,,,
1000000002966,732,Economy,7820.57,16A,5.0,2025-12-05 05:09:00
1000000002967,398,Business,27154.52,,,
1000000002968,283,Business,26341.4,,,
1000000002969,114,Economy,6040.01,35B,5.0,2025-12-12 16:57:00
1000000002970,40,Economy,6508.3,,,
1000000002970,361,Economy,3376.61,18D,8.0,2025-10-30 14:16:00
1000000002971,452,Economy,8450.73,50D,7.0,2025-03-31 01:09:00
1000000002971,534,Comfort,9988.48,,,
1000000002972,417,Business,21251.15,63E,5.0,2025-03-11 14:35:00
1000000002973,863,Economy,6602.33,,,
1000000002974,352,Economy,4454.54,55E,4.0,2025-01-06 04:43:00
1000000002975,433,Economy,3634.4,,,
1000000002976,622,Economy,5510.96,18A,5.0,2025-01-13 08:02:00
1000000002977,278,Economy,6830.35,13C,4.0,2025-09-16 13:30:00
1000000002978,267,Economy,3563.67,,,
1000000002978,107,Economy,8530.81,,,
1000000002979,688,Economy,3921.1,,,
1000000002980,139,Comfort,14508.85,,,
1000000002981,621,Economy,3395.87,,,
1000000002982,259,Economy,5756.45,61F,8.0,2025-12-11 23:02:00
1000000002983,442,Business,17717.8,,,
1000000002984,382,Economy,6669.26,7C,6.0,2025-04-23 17:46:00
1000000002985,668,Business,46771.5,,,
1000000002986,594,Economy,5626.76,53D,5.0,2025-06-15 23:25:00
1000000002986,165,Economy,2704.46,,,
1000000002987,153,Economy,8101.53,,,
1000000002987,842,Comfort,12730.27,10A,8.0,2025-04-15 12:15:00
1000000002988,620,Comfort,12099.1,,,
1000000002989,7,Economy,5292.98,59C,11.0,2025-04-30 02:44:00
1000000002989,49,Economy,8627.99,47B,2.0,2025-02-25 19:21:00
1000000002990,486,Comfort,14823.59,34E,1.0,2025-07-03 01:54:00
1000000002991,891,Economy,4437.75,107A,3.0,2025-08-07 08:20:00
1000000002992,5,Economy,7838.74,31C,7.0,2025-06-26 18:27:00
1000000002992,663,Economy,6074.5,,,
1000000002993,469,Economy,7859.45,8A,9.0,2025-04-07 02:22:00
1000000002994,204,Economy,8947.06,33D,3.0,2025-12-22 14:04:00
1000000002994,162,Economy,3188.92,,,
1000000002995,61,Economy,6840.93,17C,2.0,2025-03-23 23:10:00
1000000002995,643,Comfort,7838.86,46B,5.0,2025-07-14 22:38:00
1000000002996,151,Economy,8678.07,60E,7.0,2025-06-08 09:36:00
1000000002997,470,Business,55867.01,,,
1000000002998,318,Comfort,12817.24,107C,8.0,2025-03-01 04:18:00
1000000002999,442,Economy,8444.51,,,
1000000003000,328,Business,27800.16,67F,9.0,2025-05-17 15:07:00
1000000003001,422,Economy,5804.25,45F,5.0,2025-12-15 23:40:00
1000000003002,859,Business,57926.47,,,
1000000003003,511,Economy,6396.79,41D,7.0,2025-07-27 16:52:00
1000000003004,578,Economy,4192.14,18C,8.0,2025-07-22 06:11:00
1000000003004,757,Comfort,8472.86,,,
1000000003005,543,Comfort,15252.25,48D,7.0,2025-12-27 01:11:00
1000000003005,756,Economy,8104.5,34E,2.0,2025-10-23 16:20:00
1000000003006,21,Economy,8780.29,,,
1000000003006,675,Economy,8737.08,61C,7.0,2025-06-17 03:05:00
1000000003007,794,Economy,3981.36,22D,5.0,2025-12-01 20:52:00
1000000003008,317,Economy,5467.57,35F,6.0,2025-12-11 21:07:00
1000000003009,750,Economy,7097.89,,,
1000000003010,878,Comfort,15487.82,,,
1000000003011,652,Economy,5056.74,,,
1000000003012,636,Economy,7616.13,76F,5.0,2025-02-04 16:13:00
1000000003013,303,Economy,7668.07,16A,5.0,2025-05-30 20:43:00
1000000003014,812,Economy,2984.1,3A,5.0,2025-12-24 16:59:00
1000000003015,299,Business,42612.39,20A,5.0,2025-06-18 13:39:00
1000000003016,652,Economy,3287.16,,,
1000000003017,434,Economy,4766.25,,,
1000000003018,794,Economy,8478.58,10B,6.0,2025-12-01 20:34:00
1000000003019,74,Economy,6681.15,37E,4.0,2025-06-09 18:14:00
1000000003020,869,Comfort,13690.41,,,
1000000003021,695,Business,55150.7,55F,4.0,2025-06-26 01:26:00
1000000003022,790,Economy,3829.74,12D,7.0,2025-09-26 09:05:00
1000000003023,891,Economy,2674.37,108B,4.0,2025-08-07 08:38:00
1000000003024,668,Economy,8609.93,,,
1000000003025,337,Economy,4400.99,53D,3.0,2025-12-25 06:28:00
1000000003026,803,Economy,4251.63,,,
1000000003027,22,Economy,3860.26,27D,2.0,2025-10-29 06:21:00
1000000003028,76,Economy,7661.96,,,
1000000003029,316,Economy,3115.3,21A,4.0,2025-06-10 18:45:00
1000000003030,787,Economy,6098.57,,,
1000000003031,786,Economy,8815.32,,,
1000000003032,60,Economy,2683.69,2C,1.0,2025-09-29 16:23:00
1000000003033,739,Economy,8562.18,,,
1000000003033,21,Economy,3912.53,,,
1000000003034,184,Business,47120.75,48D,2.0,2025-03-16 03:15:00
1000000003035,343,Economy,2521.56,71B,3.0,2025-10-11 18:03:00
1000000003036,757,Economy,5628.21,,,
1000000003037,811,Economy,6665.13,,,
1000000003038,530,Economy,6813.14,,,
1000000003039,668,Economy,6327.96,,,
1000000003040,855,Economy,6177.13,7C,2.0,2025-01-18 06:34:00
1000000003041,284,Economy,8131.38,41A,6.0,2025-03-29 01:16:00
1000000003042,520,Business,35356.84,,,
1000000003043,583,Economy,5098.51,9A,4.0,2025-08-26 21:38:00
1000000003043,158,Economy,7721.27,52C,6.0,2025-04-28 15:57:00
1000000003044,741,Economy,3578.66,,,
1000000003045,458,Comfort,14480.57,68A,7.0,2025-06-09 23:43:00
1000000003045,873,Economy,4654.7,,,
1000000003046,210,Economy,6709.4,,,
1000000003047,793,Economy,7654.36,,,
1000000003048,306,Comfort,9965.21,61E,4.0,2025-05-08 21:02:00
1000000003049,434,Economy,8085.91,,,
1000000003050,646,Economy,3231.64,2A,3.0,2025-05-27 13:53:00
1000000003051,176,Economy,4500.0,,,
1000000003051,511,Economy,6159.83,52D,8.0,2025-07-27 16:49:00
1000000003052,774,Comfort,11176.59,,,
1000000003053,360,Economy,8624.93,,,
1000000003053,124,Economy,8333.59,7C,6.0,2025-12-14 22:02:00
1000000003054,629,Economy,4650.89,40E,5.0,2025-02-20 09:22:00
1000000003055,393,Economy,7246.2,,,
1000000003055,613,Economy,6241.05,52F,4.0,2025-02-18 18:49:00
1000000003056,510,Economy,7657.4,40D,4.0,2025-04-11 07:18:00
1000000003056,294,Economy,5851.51,,,
1000000003057,325,Economy,2998.62,117D,5.0,2025-01-17 13:26:00
1000000003058,267,Comfort,8857.65,,,
1000000003059,880,Economy,5389.07,36E,1.0,2025-08-02 01:31:00
1000000003060,318,Economy,4132.12,94B,9.0,2025-03-01 04:36:00
1000000003060,882,Comfort,14193.61,,,
1000000003061,579,Economy,4256.08,78A,3.0,2025-11-17 06:21:00
1000000003062,270,Economy,6093.61,2C,4.0,2025-03-02 23:07:00
1000000003063,458,Economy,4805.86,45D,8.0,2025-06-09 23:03:00
1000000003063,681,Economy,2536.01,60B,5.0,2025-01-26 03:33:00
1000000003064,113,Comfort,8404.49,6C,4.0,2025-12-02 03:25:00
1000000003065,197,Economy,5324.66,33C,7.0,2025-05-31 09:38:00
1000000003065,92,Economy,6263.84,,,
1000000003066,849,Economy,5192.63,,,
1000000003067,80,Economy,5115.75,35D,1.0,2025-05-13 09:22:00
1000000003067,635,Comfort,15717.67,54C,7.0,2025-12-28 15:49:00
1000000003068,241,Business,49591.53,,,
1000000003068,279,Economy,3704.9,43F,7.0,2025-09-30 16:38:00
1000000003069,388,Economy,5499.35,,,
1000000003070,658,Comfort,14538.83,59E,4.0,2025-12-05 21:09:00
1000000003071,198,Economy,6678.75,17D,6.0,2025-12-20 13:32:00
1000000003071,743,Economy,2881.28,,,
1000000003072,533,Economy,2636.58,,,
1000000003073,744,Economy,2854.35,51C,6.0,2025-12-22 14:01:00
1000000003073,156,Comfort,8672.37,,,
1000000003074,497,Economy,8114.79,,,
1000000003075,858,Business,30048.67,,,
1000000003075,385,Comfort,15076.24,23C,6.0,2025-01-11 16:24:00
1000000003076,795,Comfort,9667.04,72C,4.0,2025-02-04 19:10:00
1000000003077,727,Economy,8291.26,,,
1000000003077,541,Economy,6262.08,16C,6.0,2025-04-10 00:07:00
1000000003078,889,Economy,3225.1,7A,3.0,2025-12-13 06:00:00
1000000003079,407,Economy,3931.65,,,
1000000003080,471,Economy,2880.93,,,
1000000003080,60,Economy,5490.79,19D,2.0,2025-09-29 16:10:00
1000000003081,442,Economy,3175.41,,,
1000000003082,292,Economy,2709.82,,,
1000000003083,397,Economy,5497.71,,,
1000000003083,690,Economy,7878.08,31A,10.0,2025-05-01 04:21:00
1000000003084,524,Economy,5835.25,,,
1000000003085,555,Economy,5549.09,40A,7.0,2025-12-18 04:16:00
1000000003085,530,Economy,5780.84,,,
1000000003086,222,Economy,6541.19,,,
1000000003087,759,Economy,5300.23,37C,7.0,2025-08-06 15:28:00
1000000003087,402,Business,56426.85,,,
1000000003088,713,Economy,8172.61,,,
1000000003089,584,Economy,8345.98,12C,2.0,2025-10-06 13:53:00
1000000003089,731,Comfort,12313.69,59B,1.0,2025-10-01 09:38:00
1000000003090,200,Comfort,14216.76,23B,4.0,2025-08-13 00:06:00
1000000003091,156,Economy,3071.02,,,
1000000003092,392,Comfort,11696.94,,,
1000000003092,457,Economy,2615.46,19A,7.0,2025-12-17 21:47:00
1000000003093,301,Comfort,10651.43,20B,6.0,2025-05-05 10:10:00
1000000003094,461,Economy,7648.82,,,
1000000003095,286,Economy,3589.86,,,
1000000003096,222,Economy,8391.07,,,
1000000003096,677,Economy,4032.76,38F,11.0,2025-09-24 21:00:00
1000000003097,121,Comfort,7564.61,,,
1000000003097,670,Economy,7226.32,,,
1000000003098,391,Economy,2652.32,56B,6.0,2025-10-17 02:29:00
1000000003098,827,Economy,4475.11,,,
1000000003099,289,Economy,7504.92,,,
1000000003099,613,Economy,6051.15,31E,5.0,2025-02-18 18:58:00
1000000003100,229,Economy,8400.6,68B,7.0,2025-10-24 17:44:00
1000000003101,721,Business,43001.25,46F,4.0,2025-01-30 18:35:00
1000000003101,641,Economy,7972.0,,,
1000000003102,22,Economy,7985.29,58E,3.0,2025-10-29 06:34:00
1000000003103,847,Business,18267.67,58B,4.0,2025-02-27 17:01:00
1000000003104,440,Economy,7196.35,25C,8.0,2025-02-22 11:57:00
1000000003104,655,Economy,5532.88,9B,7.0,2025-11-04 18:05:00
1000000003105,3,Economy,8125.3,13C,5.0,2025-11-29 22:22:00
1000000003106,532,Economy,4740.16,,,
1000000003107,695,Economy,6550.0,66F,5.0,2025-06-26 00:38:00
1000000003108,604,Economy,5647.06,46D,5.0,2025-02-24 20:10:00
1000000003108,720,Economy,2881.68,,,
1000000003109,67,Economy,5879.51,16A,4.0,2025-12-09 21:14:00
1000000003110,604,Economy,5328.82,31B,6.0,2025-02-24 19:31:00
1000000003111,649,Business,33870.52,97C,3.0,2025-02-16 07:58:00
1000000003112,604,Business,30580.63,40C,7.0,2025-02-24 19:47:00
1000000003113,78,Economy,3037.88,29B,7.0,2025-09-05 13:34:00
1000000003113,614,Economy,4205.32,,,
1000000003114,138,Business,34938.0,49E,4.0,2025-05-22 02:53:00
1000000003115,485,Economy,4627.93,59C,4.0,2025-03-20 09:19:00
1000000003116,177,Economy,6781.68,,,
1000000003117,380,Economy,7011.81,25B,2.0,2025-11-02 05:32:00
1000000003118,94,Economy,2527.19,8B,3.0,2025-12-18 06:30:00
1000000003118,247,Economy,4702.66,76F,2.0,2025-05-17 09:35:00
1000000003119,689,Comfort,7923.93,,,
1000000003119,380,Economy,7458.26,31C,3.0,2025-11-02 05:53:00
1000000003120,255,Business,24215.21,,,
1000000003120,161,Economy,5777.56,,,
1000000003121,507,Economy,5508.5,,,
1000000003122,836,Economy,8874.21,,,
1000000003122,328,Economy,4311.94,47C,10.0,2025-05-17 15:22:00
1000000003123,210,Economy,7684.92,,,
1000000003124,590,Comfort,9933.06,,,
1000000003125,565,Economy,3782.31,,,
1000000003126,20,Economy,7111.47,,,
1000000003127,334,Economy,5900.81,30E,6.0,2025-09-06 08:34:00
1000000003127,790,Economy,8300.05,3C,8.0,2025-09-26 08:40:00
1000000003128,555,Economy,3716.68,47C,8.0,2025-12-18 04:41:00
1000000003128,164,Economy,7365.24,82D,6.0,2025-12-02 01:31:00
1000000003129,768,Economy,5280.53,9C,7.0,2025-10-25 21:09:00
1000000003129,463,Comfort,15565.71,47D,5.0,2025-09-13 13:22:00
1000000003130,62,Economy,6000.2,29B,5.0,2025-11-17 06:17:00
1000000003131,208,Business,44897.68,63F,6.0,2025-06-08 11:27:00
1000000003132,21,Economy,4905.6,,,
1000000003133,652,Economy,8923.33,,,
1000000003133,461,Economy,4454.81,,,
1000000003134,896,Economy,8630.33,36C,6.0,2025-12-02 14:42:00
1000000003135,872,Economy,7027.86,,,
1000000003135,715,Economy,7284.72,6C,6.0,2025-06-04 14:25:00
1000000003136,605,Economy,2551.36,8C,7.0,2025-07-25 15:28:00
1000000003136,602,Economy,3698.02,40F,6.0,2025-11-12 06:30:00
1000000003137,78,Economy,3475.23,41C,8.0,2025-09-05 13:36:00
1000000003137,818,Comfort,9970.85,,,
1000000003138,373,Comfort,13835.2,83F,9.0,2025-04-12 11:21:00
1000000003139,296,Economy,3530.46,,,
1000000003140,393,Economy,3598.71,,,
1000000003141,898,Economy,7602.02,,,
1000000003142,852,Economy,7699.88,,,
1000000003142,263,Economy,6177.55,,,
1000000003143,125,Economy,5409.19,,,
1000000003143,215,Economy,8235.52,,,
1000000003144,747,Economy,6352.04,,,
1000000003145,620,Economy,4709.15,,,
1000000003146,394,Economy,5940.32,18C,3.0,2025-07-13 11:06:00
1000000003147,73,Economy,8833.32,,,
1000000003148,749,Economy,4489.84,,,
1000000003149,520,Economy,5719.87,,,
1000000003150,769,Economy,6731.03,,,
1000000003150,59,Economy,4841.91,,,
1000000003151,667,Business,49002.06,43C,6.0,2025-06-23 20:45:00
1000000003152,704,Economy,6487.76,,,
1000000003153,220,Economy,6056.26,,,
1000000003154,597,Economy,7849.14,,,
1000000003155,562,Comfort,13837.26,,,
1000000003156,393,Comfort,11727.56,,,
1000000003157,4,Economy,4335.24,39B,3.0,2025-08-05 09:44:00
1000000003158,27,Comfort,10725.96,,,
1000000003158,251,Economy,6726.0,65C,7.0,2025-07-05 01:04:00
1000000003159,789,Economy,7714.42,74F,3.0,2025-08-06 23:08:00
1000000003160,861,Economy,8082.74,,,
1000000003160,204,Economy,5713.28,38E,4.0,2025-12-22 14:02:00
1000000003161,573,Comfort,9012.87,5C,6.0,2025-10-04 08:16:00
1000000003162,517,Economy,4478.79,,,
1000000003163,305,Economy,2803.27,42F,6.0,2025-10-01 15:25:00
1000000003164,500,Economy,7513.83,44D,5.0,2025-11-21 03:48:00
1000000003165,125,Economy,8744.96,,,
1000000003166,539,Comfort,11252.72,81E,7.0,2025-02-10 18:19:00
1000000003167,731,Business,55082.33,27C,2.0,2025-10-01 09:25:00
1000000003168,396,Economy,6996.39,,,
1000000003169,8,Economy,3352.44,,,
1000000003170,137,Economy,5930.86,36E,6.0,2025-02-05 16:53:00
1000000003171,721,Economy,3413.62,31A,5.0,2025-01-30 17:48:00
1000000003172,95,Comfort,11797.56,,,
1000000003173,171,Economy,3921.19,25C,7.0,2025-06-18 03:11:00
1000000003174,134,Comfort,8507.18,,,
1000000003175,567,Comfort,7926.3,91C,4.0,2025-06-12 19:26:00
1000000003176,44,Economy,8342.65,5A,5.0,2025-03-21 05:57:00
1000000003177,860,Economy,4605.05,,,
1000000003178,889,Economy,3514.66,39B,4.0,2025-12-13 06:53:00
1000000003179,679,Economy,2707.93,,,
1000000003180,580,Economy,6140.16,24A,5.0,2025-03-11 08:01:00
1000000003181,887,Business,27476.19,81D,8.0,2025-07-08 15:06:00
1000000003182,722,Economy,5119.39,37D,2.0,2025-07-12 19:52:00
1000000003183,503,Economy,6613.0,27C,6.0,2025-05-10 04:54:00
1000000003184,731,Economy,6084.15,66A,3.0,2025-10-01 09:14:00
1000000003185,360,Economy,8743.84,,,
1000000003186,115,Business,46961.56,33F,6.0,2025-02-05 06:54:00
1000000003187,70,Economy,7980.04,75B,7.0,2025-08-04 07:06:00
1000000003188,123,Economy,2730.72,,,
1000000003189,682,Comfort,15528.49,,,
1000000003189,77,Economy,3938.7,8C,6.0,2025-11-22 13:52:00
1000000003190,454,Economy,8122.17,79A,10.0,2025-06-25 04:21:00
1000000003191,1,Economy,3106.86,,,
1000000003192,347,Economy,5227.45,,,
1000000003192,581,Economy,4037.26,,,
1000000003193,815,Economy,6796.08,73A,9.0,2025-05-26 13:24:00
1000000003194,206,Economy,3157.66,,,
1000000003195,517,Economy,2575.82,,,
1000000003196,306,Economy,6930.82,70D,5.0,2025-05-08 20:24:00
1000000003196,105,Economy,7136.89,16D,5.0,2025-04-26 02:19:00
1000000003197,125,Economy,4857.7,,,
1000000003198,801,Economy,4161.88,43A,5.0,2025-02-22 05:08:00
1000000003198,19,Comfort,10246.79,53E,7.0,2025-09-06 01:06:00
1000000003199,295,Economy,3134.92,14C,6.0,2025-07-17 00:08:00
1000000003199,659,Economy,3599.69,25A,5.0,2025-07-08 10:52:00
1000000003200,108,Economy,8553.57,,,
1000000003200,615,Economy,7336.84,43A,2.0,2025-11-21 20:11:00
1000000003201,785,Economy,8798.73,28D,6.0,2025-01-12 02:05:00
1000000003201,358,Economy,8373.44,66C,4.0,2025-02-09 17:25:00
1000000003202,288,Economy,5044.44,,,
1000000003202,411,Economy,3444.89,,,
1000000003203,528,Economy,4344.53,22A,9.0,2025-09-30 14:45:00
1000000003204,551,Comfort,14833.55,89F,5.0,2025-05-04 06:52:00
1000000003205,169,Economy,2522.72,39E,8.0,2025-02-13 14:53:00
1000000003205,11,Economy,2694.2,,,
1000000003206,802,Economy,3978.64,,,
1000000003207,771,Economy,4141.39,,,
1000000003208,740,Comfort,11221.14,21F,8.0,2025-03-03 19:59:00
1000000003208,728,Business,30170.21,9A,7.0,2025-07-19 07:18:00
1000000003209,378,Economy,8721.75,14A,4.0,2025-03-12 12:49:00
1000000003210,633,Comfort,15820.57,94E,6.0,2025-07-15 15:11:00
1000000003211,201,Business,34112.64,,,
1000000003212,139,Economy,3403.49,,,
1000000003212,831,Economy,5183.4,24C,8.0,2025-06-06 03:06:00
1000000003213,625,Economy,8612.68,25C,8.0,2025-10-03 05:14:00
1000000003213,26,Economy,5889.86,,,
1000000003214,441,Economy,5372.69,,,
1000000003215,203,Economy,5357.99,,,
1000000003216,61,Comfort,7114.79,37A,3.0,2025-03-23 22:39:00
1000000003217,331,Business,24096.92,21C,3.0,2025-09-21 22:46:00
1000000003218,96,Economy,3712.09,37B,7.0,2025-10-19 08:16:00
1000000003219,590,Economy,8519.68,,,
1000000003220,273,Economy,3125.4,,,
1000000003221,460,Economy,4781.47,,,
1000000003222,568,Economy,3238.48,,,
1000000003223,210,Economy,8010.86,,,
1000000003224,634,Business,16183.51,48D,7.0,2025-10-05 02:46:00
1000000003224,646,Economy,6302.78,21B,4.0,2025-05-27 13:10:00
1000000003225,112,Economy,2895.89,,,
1000000003226,392,Economy,7185.54,,,
1000000003226,292,Comfort,15999.74,,,
1000000003227,475,Economy,4811.42,33C,4.0,2025-06-10 21:13:00
1000000003228,569,Business,17608.59,,,
1000000003228,268,Economy,6717.01,,,
1000000003229,314,Comfort,14453.57,19D,5.0,2025-12-27 05:36:00
1000000003229,254,Economy,8238.11,33D,4.0,2025-12-11 07:35:00
1000000003230,9,Economy,4738.28,61F,6.0,2025-07-14 07:42:00
1000000003231,542,Economy,3495.33,,,
1000000003232,145,Economy,3706.78,,,
1000000003233,890,Economy,5161.14,,,
1000000003233,743,Comfort,8060.39,,,
1000000003234,126,Comfort,14124.9,78C,5.0,2025-03-09 17:06:00
1000000003234,882,Comfort,8671.09,,,
1000000003235,829,Comfort,14935.89,,,
1000000003235,620,Comfort,10049.76,,,
1000000003236,444,Economy,8282.14,,,
1000000003237,555,Comfort,9042.97,38C,9.0,2025-12-18 04:48:00
1000000003237,231,Economy,7294.54,43B,4.0,2025-03-19 11:55:00
1000000003238,412,Economy,7024.34,,,
1000000003239,596,Economy,7273.96,,,
1000000003239,886,Economy,7989.89,26C,9.0,2025-06-02 14:27:00
1000000003240,363,Business,28195.68,,,
1000000003241,314,Business,27480.59,16D,6.0,2025-12-27 05:41:00
1000000003241,357,Comfort,9225.1,,,
1000000003242,445,Economy,6089.98,,,
1000000003243,120,Comfort,15331.76,,,
1000000003244,821,Economy,5719.7,52F,5.0,2025-09-12 05:56:00
1000000003245,577,Economy,7289.6,11D,1.0,2025-01-05 12:49:00
1000000003246,224,Business,57649.66,,,
1000000003246,172,Economy,2778.79,46D,6.0,2025-03-14 11:00:00
1000000003247,42,Economy,5135.75,,,
1000000003248,826,Business,56576.41,55F,3.0,2025-08-09 04:02:00
1000000003249,316,Economy,8303.09,56B,5.0,2025-06-10 18:19:00
1000000003250,237,Economy,6252.45,18A,6.0,2025-04-14 16:14:00
1000000003251,712,Economy,6666.11,,,
1000000003252,35,Comfort,12645.41,92A,7.0,2025-07-22 03:57:00
1000000003252,363,Economy,2548.32,,,
1000000003253,191,Comfort,10849.84,49D,5.0,2025-05-04 21:44:00
1000000003254,678,Economy,4120.99,12C,3.0,2025-05-22 17:02:00
1000000003255,78,Economy,4208.16,46F,9.0,2025-09-05 14:16:00
1000000003256,881,Economy,7152.36,,,
1000000003257,768,Economy,3308.18,7C,8.0,2025-10-25 21:19:00
1000000003257,576,Economy,8513.81,,,
1000000003258,456,Economy,5498.21,,,
1000000003259,811,Comfort,13596.87,,,
1000000003260,288,Comfort,9912.61,,,
1000000003261,428,Comfort,11068.58,38B,5.0,2025-08-03 12:17:00
1000000003262,798,Economy,5969.65,41B,3.0,2025-05-29 08:18:00
1000000003263,237,Economy,7219.99,1C,7.0,2025-04-14 16:01:00
1000000003264,536,Economy,6067.32,,,
1000000003264,619,Economy,4438.39,,,
1000000003265,486,Economy,8970.12,14A,2.0,2025-07-03 01:19:00
1000000003266,444,Economy,5941.85,,,
1000000003267,695,Comfort,9381.42,18C,6.0,2025-06-26 00:35:00
1000000003268,39,Comfort,13038.94,50A,4.0,2025-04-18 21:34:00
1000000003269,826,Economy,5924.58,38D,4.0,2025-08-09 03:15:00
1000000003269,733,Economy,3833.97,22A,2.0,2025-04-08 02:52:00
1000000003270,832,Economy,3913.95,,,
1000000003271,855,Economy,6165.83,22A,3.0,2025-01-18 07:29:00
1000000003271,207,Economy,3734.9,,,
1000000003272,782,Economy,3809.25,,,
1000000003272,156,Economy,2544.94,,,
1000000003273,666,Economy,7545.5,41F,5.0,2025-01-04 02:35:00
1000000003274,671,Economy,4360.48,,,
1000000003275,595,Economy,5602.3,,,
1000000003276,417,Economy,3122.44,42B,6.0,2025-03-11 14:40:00
1000000003277,716,Economy,5667.98,19B,3.0,2025-05-28 14:12:00
1000000003278,373,Economy,3849.03,91E,10.0,2025-04-12 11:47:00
1000000003279,516,Economy,2722.16,20A,7.0,2025-08-29 13:29:00
1000000003280,499,Economy,2833.8,,,
1000000003281,516,Economy,8440.15,36B,8.0,2025-08-29 12:34:00
1000000003282,14,Economy,5705.26,,,
1000000003283,15,Economy,5188.64,,,
1000000003284,257,Economy,2961.21,14D,8.0,2025-07-13 11:37:00
1000000003285,91,Economy,5990.67,,,
1000000003286,523,Economy,5387.49,,,
1000000003287,617,Economy,4638.08,,,
1000000003288,229,Business,59799.31,73C,8.0,2025-10-24 17:36:00
1000000003289,812,Comfort,12816.23,18C,6.0,2025-12-24 17:43:00
1000000003289,189,Economy,6219.12,54D,5.0,2025-12-09 01:30:00
1000000003290,793,Economy,5857.79,,,
1000000003291,795,Economy,5351.36,51D,5.0,2025-02-04 18:05:00
1000000003292,881,Economy,4714.29,,,
1000000003293,689,Comfort,13772.02,,,
1000000003293,852,Economy,2837.91,,,
1000000003294,511,Economy,2919.37,42B,9.0,2025-07-27 17:20:00
1000000003295,39,Business,27462.77,20C,5.0,2025-04-18 21:51:00
1000000003296,1,Economy,5343.9,,,
1000000003297,885,Economy,6151.97,,,
1000000003297,163,Comfort,8153.44,,,
1000000003298,315,Economy,5117.51,,,
1000000003299,460,Economy,8838.54,,,
1000000003300,72,Economy,3938.87,,,
1000000003301,817,Economy,5146.98,,,
1000000003301,463,Economy,8832.48,39A,6.0,2025-09-13 13:28:00
1000000003302,723,Economy,6122.66,78E,4.0,2025-08-21 08:19:00
1000000003303,792,Economy,2983.94,,,
1000000003304,562,Economy,3925.48,,,
1000000003305,415,Economy,4102.84,,,
1000000003305,726,Economy,7913.15,68F,4.0,2025-08-09 05:30:00
1000000003306,520,Economy,4727.25,,,
1000000003306,279,Economy,7144.09,38C,8.0,2025-09-30 16:39:00
1000000003307,705,Economy,8769.5,72A,3.0,2025-08-30 19:11:00
1000000003308,549,Business,56796.99,69E,6.0,2025-05-28 02:01:00
1000000003309,320,Economy,6176.21,,,
1000000003310,777,Economy,8931.59,,,
1000000003311,134,Economy,4608.56,,,
1000000003312,853,Comfort,11468.79,,,
1000000003313,124,Business,51540.54,20C,7.0,2025-12-14 22:13:00
1000000003314,602,Economy,2965.56,32F,7.0,2025-11-12 07:27:00
1000000003314,569,Economy,8756.47,,,
1000000003315,421,Economy,3552.01,,,
1000000003316,229,Comfort,11571.35,8C,9.0,2025-10-24 17:17:00
1000000003317,262,Economy,3518.97,3A,5.0,2025-01-29 03:05:00
1000000003318,327,Economy,5906.06,108D,3.0,2025-04-16 00:57:00
1000000003318,880,Economy,6358.32,1A,2.0,2025-08-02 00:52:00
1000000003319,765,Economy,7639.57,,,
1000000003319,515,Economy,4026.92,,,
1000000003320,34,Economy,5561.17,,,
1000000003321,298,Economy,8361.56,,,
1000000003322,414,Economy,4868.87,,,
1000000003323,309,Economy,3879.22,,,
1000000003324,73,Business,45846.87,,,
1000000003325,686,Economy,2520.7,,,
1000000003326,61,Comfort,10036.46,49B,4.0,2025-03-23 22:24:00
1000000003327,735,Economy,8717.89,,,
1000000003328,53,Economy,2543.09,,,
1000000003329,442,Business,52262.16,,,
1000000003330,824,Economy,2934.45,,,
1000000003331,82,Economy,5138.19,36A,11.0,2025-04-24 11:18:00
1000000003332,384,Economy,5509.65,,,
1000000003333,523,Economy,3883.99,,,
1000000003334,900,Economy,6528.71,67D,4.0,2025-03-20 22:43:00
1000000003334,837,Economy,8005.22,53B,6.0,2025-08-07 05:37:00
1000000003335,18,Economy,3738.5,,,
1000000003336,185,Economy,3763.31,,,
1000000003336,428,Comfort,11918.95,52C,6.0,2025-08-03 11:30:00
1000000003337,387,Economy,6053.78,,,
1000000003338,744,Economy,5840.31,53B,7.0,2025-12-22 13:49:00
1000000003338,833,Economy,4374.91,,,
1000000003339,21,Economy,8877.34,,,
1000000003340,540,Economy,3184.44,,,
1000000003340,456,Comfort,10513.08,,,
1000000003341,247,Economy,2867.4,42A,3.0,2025-05-17 09:50:00
1000000003341,888,Economy,8310.0,,,
1000000003342,23,Economy,6971.0,,,
1000000003343,72,Economy,3050.98,,,
1000000003344,871,Economy,4647.33,34E,9.0,2025-10-14 00:52:00
1000000003345,487,Economy,5017.85,,,
1000000003345,190,Comfort,13802.04,,,
1000000003346,256,Economy,6664.13,16B,6.0,2025-05-27 12:11:00
1000000003347,540,Business,34892.72,,,
1000000003348,698,Economy,8771.94,,,
1000000003349,102,Economy,5656.93,,,
1000000003350,389,Business,42279.27,51F,10.0,2025-07-02 06:30:00
1000000003351,737,Economy,6409.6,74B,4.0,2025-11-30 23:58:00
1000000003351,136,Economy,6330.8,,,
1000000003352,337,Comfort,12243.59,28C,4.0,2025-12-25 07:09:00
1000000003353,620,Economy,4215.82,,,
1000000003354,168,Economy,6559.77,47A,7.0,2025-04-07 09:50:00
1000000003355,209,Business,38774.49,61B,3.0,2025-08-27 20:13:00
1000000003355,574,Economy,4312.4,8B,8.0,2025-11-22 17:55:00
1000000003356,397,Economy,7482.46,,,
1000000003357,862,Economy,8936.09,34C,5.0,2025-04-28 02:24:00
1000000003358,491,Economy,4007.64,,,
1000000003359,305,Economy,4055.77,42D,7.0,2025-10-01 16:21:00
1000000003359,126,Economy,8344.54,57E,6.0,2025-03-09 17:04:00
1000000003360,809,Economy,5532.02,,,
1000000003361,55,Economy,4854.96,,,
1000000003362,744,Economy,6144.68,17A,8.0,2025-12-22 14:48:00
1000000003363,259,Economy,6719.99,72F,9.0,2025-12-11 22:25:00
1000000003364,57,Economy,8870.93,116E,4.0,2025-11-09 01:54:00
1000000003365,259,Economy,2547.39,64B,10.0,2025-12-11 22:16:00
1000000003366,573,Business,16394.57,14A,7.0,2025-10-04 07:33:00
1000000003367,613,Economy,3248.47,3A,6.0,2025-02-18 18:23:00
1000000003368,492,Economy,8289.2,,,
1000000003369,31,Economy,6242.18,,,
1000000003370,221,Comfort,12405.67,,,
1000000003371,331,Economy,8665.78,81B,4.0,2025-09-21 22:09:00
1000000003372,312,Comfort,14289.19,43B,6.0,2025-10-10 04:59:00
1000000003373,491,Economy,5872.03,,,
1000000003373,797,Economy,5141.51,,,
1000000003374,784,Comfort,10700.46,,,
1000000003375,239,Comfort,13890.43,,,
1000000003376,811,Economy,4071.64,,,
1000000003377,146,Comfort,8168.43,21F,5.0,2025-02-16 00:34:00
1000000003377,763,Economy,2676.97,,,
1000000003378,407,Economy,7862.87,,,
1000000003379,464,Economy,4533.21,15E,4.0,2025-10-13 16:02:00
1000000003380,823,Economy,4168.6,51A,4.0,2025-09-10 13:19:00
1000000003381,112,Economy,4971.89,,,
1000000003382,554,Economy,8010.98,36A,4.0,2025-04-24 16:48:00
1000000003383,261,Business,22358.4,,,
1000000003384,25,Comfort,12302.99,,,
1000000003385,364,Comfort,9892.11,57F,5.0,2025-05-24 00:55:00
1000000003385,253,Economy,5271.06,,,
1000000003386,41,Economy,3017.6,,,
1000000003387,224,Economy,7606.62,,,
1000000003388,826,Economy,8672.37,32A,5.0,2025-08-09 03:30:00
1000000003389,335,Economy,4234.79,35C,5.0,2025-08-21 23:26:00
1000000003390,428,Business,19193.81,35D,7.0,2025-08-03 11:24:00
1000000003391,746,Business,40677.83,,,
1000000003392,824,Economy,7888.27,,,
1000000003392,248,Economy,7969.31,29B,10.0,2025-03-02 13:51:00
1000000003393,565,Economy,7677.41,,,
1000000003394,388,Economy,8147.25,,,
1000000003395,180,Comfort,15225.4,,,
1000000003395,590,Comfort,7477.44,,,
1000000003396,67,Economy,3005.79,13F,5.0,2025-12-09 21:17:00
1000000003397,900,Business,54948.51,38A,5.0,2025-03-20 22:33:00
1000000003398,144,Economy,6624.49,16C,4.0,2025-12-26 02:08:00
1000000003399,371,Economy,2913.06,,,
1000000003399,289,Comfort,14201.88,,,
1000000003400,778,Economy,7293.28,68C,7.0,2025-05-02 01:42:00
1000000003401,447,Economy,6886.63,10C,4.0,2025-03-12 11:35:00
1000000003402,723,Business,55418.26,29C,5.0,2025-08-21 07:47:00
1000000003403,848,Economy,3878.13,51C,4.0,2025-11-04 02:47:00
1000000003404,733,Business,34339.94,18E,3.0,2025-04-08 02:46:00
1000000003405,663,Economy,8933.32,,,
1000000003405,3,Economy,7430.97,46D,6.0,2025-11-29 21:27:00
1000000003406,868,Economy,7470.54,3C,8.0,2025-04-19 21:26:00
1000000003406,75,Economy,6519.85,68F,4.0,2025-12-17 18:00:00
1000000003407,716,Comfort,14962.27,8D,4.0,2025-05-28 13:52:00
1000000003408,355,Economy,4549.24,56B,10.0,2025-03-22 06:47:00
1000000003409,80,Economy,6509.34,44B,2.0,2025-05-13 09:15:00
1000000003409,135,Economy,6557.53,,,
1000000003410,358,Economy,3920.41,63D,5.0,2025-02-09 17:51:00
1000000003410,790,Economy,7639.38,11D,9.0,2025-09-26 09:25:00
1000000003411,280,Economy,3981.35,43E,5.0,2025-12-24 20:51:00
1000000003412,777,Economy,6971.71,,,
1000000003412,131,Economy,2609.62,,,
1000000003413,169,Comfort,13582.1,22B,9.0,2025-02-13 15:42:00
1000000003414,49,Business,40209.04,46E,3.0,2025-02-25 19:24:00
1000000003415,351,Economy,2675.32,5C,6.0,2025-02-14 12:10:00
1000000003415,701,Comfort,12706.17,50B,3.0,2025-11-16 04:59:00
1000000003416,764,Economy,5024.39,4A,9.0,2025-01-17 08:43:00
1000000003416,638,Economy,7498.32,31E,8.0,2025-11-10 18:26:00
1000000003417,743,Comfort,14993.02,,,
1000000003417,392,Economy,5735.87,,,
1000000003418,354,Economy,5376.72,44E,5.0,2025-02-02 07:11:00
1000000003419,617,Economy,4380.35,,,
1000000003420,593,Economy,3016.41,79C,5.0,2025-01-21 14:21:00
1000000003421,781,Economy,5359.29,,,
1000000003422,805,Business,15680.66,,,
1000000003422,543,Comfort,10060.95,20C,8.0,2025-12-27 00:35:00
1000000003423,457,Economy,2578.76,10A,8.0,2025-12-17 22:00:00
1000000003424,647,Economy,7484.69,,,
1000000003424,659,Economy,5127.38,5C,6.0,2025-07-08 10:43:00
1000000003425,350,Economy,6850.54,,,
1000000003425,890,Economy,4951.73,,,
1000000003426,215,Business,35137.91,,,
1000000003427,827,Economy,4818.43,,,
1000000003427,655,Economy,4633.36,19E,8.0,2025-11-04 17:30:00
1000000003428,681,Economy,4719.11,28A,6.0,2025-01-26 03:35:00
1000000003428,136,Economy,7655.47,,,
1000000003429,49,Comfort,15827.85,43E,4.0,2025-02-25 19:23:00
1000000003430,846,Economy,5964.29,36C,3.0,2025-06-02 01:22:00
1000000003431,172,Economy,4436.17,51D,7.0,2025-03-14 10:38:00
1000000003432,798,Economy,5604.82,43A,4.0,2025-05-29 08:28:00
1000000003432,276,Economy,3024.59,39A,4.0,2025-03-13 23:25:00
1000000003433,186,Economy,3773.08,,,
1000000003434,185,Economy,8807.58,,,
1000000003435,405,Economy,6596.29,8C,4.0,2025-05-01 14:15:00
1000000003436,654,Comfort,10530.76,44B,4.0,2025-09-12 13:47:00
1000000003437,68,Business,36992.13,,,
1000000003438,355,Economy,4720.73,64D,11.0,2025-03-22 07:23:00
1000000003439,725,Economy,3191.58,,,
1000000003439,26,Economy,8317.78,,,
1000000003440,12,Economy,7287.32,,,
1000000003440,668,Economy,8127.65,,,
1000000003441,93,Economy,8929.61,,,
1000000003442,61,Business,28284.28,55A,5.0,2025-03-23 22:37:00
1000000003442,860,Economy,4240.65,,,
1000000003443,564,Economy,4428.97,,,
1000000003443,387,Economy,6812.37,,,
1000000003444,503,Economy,3349.57,30C,7.0,2025-05-10 04:52:00
1000000003445,259,Economy,2747.89,13A,11.0,2025-12-11 22:35:00
1000000003445,288,Economy,5452.44,,,
1000000003446,504,Business,38776.36,,,
1000000003447,169,Economy,6032.0,6A,10.0,2025-02-13 15:48:00
1000000003447,75,Economy,7741.07,7C,5.0,2025-12-17 17:36:00
1000000003448,483,Economy,8636.14,,,
1000000003449,48,Economy,6759.47,,,
1000000003450,753,Economy,5039.59,,,
1000000003451,891,Economy,7311.29,88C,5.0,2025-08-07 07:53:00
1000000003452,374,Economy,2638.37,,,
1000000003453,750,Economy,6584.81,,,
1000000003454,328,Economy,7231.45,49F,11.0,2025-05-17 14:38:00
1000000003454,649,Business,58972.42,113C,4.0,2025-02-16 08:08:00
1000000003455,780,Economy,6295.84,86E,5.0,2025-06-04 02:13:00
1000000003455,633,Economy,8620.22,78C,7.0,2025-07-15 15:19:00
1000000003456,874,Economy,3554.53,,,
1000000003457,551,Economy,7956.16,45D,6.0,2025-05-04 07:22:00
1000000003457,5,Comfort,7223.24,81B,8.0,2025-06-26 18:01:00
1000000003458,807,Economy,2709.8,,,
1000000003459,403,Business,36087.53,54E,4.0,2025-05-18 17:07:00
1000000003460,208,Comfort,13982.37,66A,7.0,2025-06-08 11:48:00
1000000003461,92,Economy,3406.76,,,
1000000003461,435,Economy,5562.18,,,
1000000003462,840,Economy,3750.98,14E,4.0,2025-11-23 16:21:00
1000000003462,650,Economy,5585.55,,,
1000000003463,398,Economy,8126.24,,,
1000000003463,231,Economy,8394.74,47F,5.0,2025-03-19 12:22:00
1000000003464,864,Comfort,15901.36,2C,4.0,2025-09-27 12:17:00
1000000003465,528,Economy,7015.16,14C,10.0,2025-09-30 15:19:00
1000000003465,731,Comfort,11519.06,54E,4.0,2025-10-01 09:02:00
1000000003466,238,Economy,4570.64,,,
1000000003466,62,Comfort,11179.83,63D,6.0,2025-11-17 06:54:00
1000000003467,137,Economy,7065.39,39E,7.0,2025-02-05 16:42:00
1000000003468,544,Comfort,15680.99,64E,7.0,2025-11-07 05:32:00
1000000003469,239,Economy,4669.87,,,
1000000003469,377,Business,36779.74,89A,6.0,2025-11-11 17:58:00
1000000003470,13,Economy,2542.71,15E,10.0,2025-01-25 01:47:00
1000000003471,661,Economy,5224.7,48D,3.0,2025-09-05 22:58:00
1000000003472,241,Economy,6444.7,,,
1000000003473,563,Economy,3744.3,,,
1000000003474,191,Economy,4563.8,66F,6.0,2025-05-04 21:52:00
1000000003475,855,Economy,7015.79,17D,4.0,2025-01-18 07:12:00
1000000003476,587,Economy,5022.19,32C,4.0,2025-10-09 15:36:00
1000000003477,165,Business,44286.6,,,
1000000003478,758,Comfort,7898.64,,,
1000000003479,18,Comfort,10176.44,,,
1000000003480,64,Economy,7674.14,,,
1000000003481,360,Business,19391.82,,,
1000000003481,660,Economy,4969.86,82F,4.0,2025-05-21 09:57:00
1000000003482,60,Economy,5669.82,17E,3.0,2025-09-29 16:51:00
1000000003483,606,Economy,7063.12,,,
1000000003484,658,Economy,7083.45,45D,5.0,2025-12-05 21:26:00
1000000003485,518,Economy,5058.05,,,
1000000003485,793,Business,59463.11,,,
1000000003486,700,Economy,3703.7,23A,4.0,2025-08-12 02:35:00
1000000003486,793,Economy,7177.66,,,
1000000003487,408,Economy,7645.21,41C,6.0,2025-11-01 08:07:00
1000000003487,55,Business,40905.95,,,
1000000003488,86,Economy,3900.53,,,
1000000003489,281,Economy,5148.18,,,
1000000003489,836,Economy,5928.42,,,
1000000003490,535,Economy,6501.02,43D,4.0,2025-10-13 14:19:00
1000000003491,302,Business,26726.5,,,
1000000003492,475,Economy,7704.79,64B,5.0,2025-06-10 21:18:00
1000000003492,397,Economy,6512.02,,,
1000000003493,309,Economy,6661.82,,,
1000000003494,541,Economy,4461.93,63D,7.0,2025-04-10 00:52:00
1000000003495,654,Economy,8015.48,14A,5.0,2025-09-12 13:47:00
1000000003496,574,Economy,2763.35,13F,9.0,2025-11-22 17:41:00
1000000003497,809,Economy,3409.06,,,
1000000003498,211,Economy,8100.08,44D,6.0,2025-09-23 07:57:00
1000000003499,134,Economy,8681.46,,,
1000000003500,477,Economy,5115.78,13A,4.0,2025-10-01 09:25:00
1000000003501,107,Economy,8835.74,,,
1000000003502,268,Economy,7147.67,,,
1000000003502,479,Comfort,8161.52,,,
1000000003503,626,Economy,7688.8,30A,4.0,2025-12-24 19:48:00
1000000003504,69,Economy,2968.98,,,
1000000003505,381,Economy,3433.29,,,
1000000003506,336,Economy,5452.81,53F,6.0,2025-12-02 11:10:00
1000000003507,363,Comfort,10956.59,,,
1000000003508,727,Economy,2783.02,,,
1000000003509,320,Economy,5864.77,,,
1000000003510,559,Economy,3273.13,81B,3.0,2025-02-21 22:15:00
1000000003511,549,Comfort,8768.57,50C,7.0,2025-05-28 01:16:00
1000000003512,895,Comfort,15281.49,,,
1000000003513,294,Comfort,14231.26,,,
1000000003514,122,Economy,2600.53,21A,1.0,2025-06-01 21:24:00
1000000003515,317,Economy,7051.09,32E,7.0,2025-12-11 21:31:00
1000000003515,111,Economy,7748.17,,,
1000000003516,661,Comfort,12902.08,9A,4.0,2025-09-05 22:58:00
1000000003517,795,Economy,3945.52,21A,6.0,2025-02-04 18:49:00
1000000003518,519,Economy,8614.25,,,
1000000003518,840,Economy,4127.61,19B,5.0,2025-11-23 17:24:00
1000000003519,138,Economy,2977.66,36D,5.0,2025-05-22 02:53:00
1000000003520,330,Economy,5762.36,,,
1000000003521,848,Comfort,7040.45,79C,5.0,2025-11-04 02:58:00
1000000003522,289,Economy,6204.49,,,
1000000003523,15,Economy,3749.94,,,
1000000003523,539,Comfort,15737.33,106F,8.0,2025-02-10 17:32:00
1000000003524,164,Economy,6628.89,67E,7.0,2025-12-02 01:22:00
1000000003525,620,Comfort,9932.14,,,
1000000003525,633,Economy,2714.09,92D,8.0,2025-07-15 15:24:00
1000000003526,258,Economy,7839.28,43B,9.0,2025-04-02 16:45:00
1000000003527,133,Economy,8537.19,12A,7.0,2025-07-09 20:15:00
1000000003528,328,Economy,5191.35,4A,12.0,2025-05-17 14:30:00
1000000003528,430,Economy,6267.49,,,
1000000003529,890,Economy,5916.92,,,
1000000003530,14,Economy,4108.29,,,
1000000003531,200,Economy,3499.55,34D,5.0,2025-08-12 23:48:00
1000000003532,645,Comfort,12900.82,31D,3.0,2025-01-21 17:19:00
1000000003532,165,Business,59935.38,,,
1000000003533,73,Economy,8081.58,,,
1000000003534,782,Economy,7296.61,,,
1000000003535,210,Economy,5537.95,,,
1000000003535,895,Business,32621.45,,,
1000000003536,276,Economy,8032.93,45E,5.0,2025-03-13 23:17:00
1000000003537,575,Economy,7949.54,,,
1000000003537,61,Economy,3324.78,29A,6.0,2025-03-23 23:04:00
1000000003538,712,Economy,7839.79,,,
1000000003538,609,Economy,6130.94,22D,9.0,2025-04-24 05:28:00
1000000003539,873,Economy,6294.39,,,
1000000003540,400,Economy,7513.83,44F,10.0,2025-04-13 01:31:00
1000000003540,206,Economy,6757.56,,,
1000000003541,360,Economy,2844.61,,,
1000000003542,793,Economy,8610.95,,,
1000000003543,870,Economy,4764.85,,,
1000000003544,153,Economy,4206.54,,,
1000000003544,528,Economy,6709.66,52C,11.0,2025-09-30 15:28:00
1000000003545,84,Economy,4775.94,76C,6.0,2025-04-09 08:38:00
1000000003545,679,Economy,2620.58,,,
1000000003546,602,Economy,4267.18,40F,8.0,2025-11-12 07:33:00
1000000003547,897,Comfort,15414.92,,,
1000000003547,693,Economy,5285.87,,,
1000000003548,643,Economy,6738.54,21B,6.0,2025-07-14 22:11:00
1000000003549,521,Economy,7248.87,25C,5.0,2025-04-28 12:35:00
1000000003550,270,Business,18639.47,19A,5.0,2025-03-02 23:10:00
1000000003551,166,Economy,4691.72,,,
1000000003552,549,Economy,4257.92,47F,8.0,2025-05-28 02:20:00
1000000003553,591,Economy,3695.02,49B,9.0,2025-07-02 18:49:00
1000000003553,890,Business,30596.76,,,
1000000003554,23,Business,37196.23,,,
1000000003555,22,Comfort,12017.03,6C,4.0,2025-10-29 05:55:00
1000000003556,22,Economy,8372.38,46E,5.0,2025-10-29 06:14:00
1000000003557,674,Business,35086.36,100F,5.0,2025-08-16 15:22:00
1000000003557,681,Economy,6509.9,50D,7.0,2025-01-26 02:56:00
1000000003558,715,Economy,6636.03,18A,7.0,2025-06-04 14:52:00
1000000003558,778,Economy,6057.06,69D,8.0,2025-05-02 02:39:00
1000000003559,348,Economy,6153.82,,,
1000000003560,217,Economy,3490.24,,,
1000000003561,301,Economy,6943.19,17D,7.0,2025-05-05 10:21:00
1000000003561,636,Economy,8825.11,62E,6.0,2025-02-04 16:26:00
1000000003562,41,Economy,6730.7,,,
1000000003563,316,Economy,5262.3,53A,6.0,2025-06-10 18:25:00
1000000003563,712,Economy,8334.01,,,
1000000003564,546,Economy,5477.51,43A,4.0,2025-10-22 08:19:00
1000000003564,491,Business,38914.16,,,
1000000003565,136,Economy,6420.92,,,
1000000003566,97,Comfort,7511.08,57F,3.0,2025-08-13 01:09:00
1000000003566,880,Economy,5491.32,44C,3.0,2025-08-02 01:45:00
1000000003567,840,Economy,7536.77,3C,6.0,2025-11-23 17:06:00
1000000003568,16,Economy,8141.64,,,
1000000003569,353,Economy,3896.19,,,
1000000003570,444,Comfort,13758.16,,,
1000000003570,569,Business,53203.8,,,
1000000003571,461,Economy,4821.99,,,
1000000003572,522,Economy,4604.53,66A,5.0,2025-07-29 22:46:00
1000000003573,743,Business,49299.22,,,
1000000003574,513,Economy,3590.72,,,
1000000003575,896,Business,36283.87,23B,7.0,2025-12-02 15:20:00
1000000003576,180,Economy,4197.76,,,
1000000003577,349,Comfort,9148.02,60B,4.0,2025-03-20 06:35:00
1000000003578,600,Economy,6573.4,,,
1000000003579,295,Economy,4363.19,16A,7.0,2025-07-16 23:31:00
1000000003580,337,Economy,5006.64,38C,5.0,2025-12-25 06:24:00
1000000003581,618,Business,44194.2,,,
1000000003582,536,Economy,6714.16,,,
1000000003582,107,Economy,6692.1,,,
1000000003583,373,Economy,4617.0,56D,11.0,2025-04-12 11:50:00
1000000003583,671,Economy,5909.19,,,
1000000003584,196,Economy,8551.81,,,
1000000003585,79,Economy,6494.54,65C,10.0,2025-05-05 14:14:00
1000000003586,6,Comfort,13424.45,61B,5.0,2025-05-31 19:14:00
1000000003587,472,Economy,7816.5,,,
1000000003588,850,Economy,6554.18,,,
1000000003589,608,Economy,6423.5,16E,7.0,2025-01-01 22:28:00
1000000003590,229,Economy,7502.76,66A,10.0,2025-10-24 17:23:00
1000000003590,701,Business,24247.23,44E,4.0,2025-11-16 04:46:00
1000000003591,400,Business,38994.61,23A,11.0,2025-04-13 01:36:00
1000000003591,714,Economy,5041.26,,,
1000000003592,718,Economy,7733.63,34A,3.0,2025-08-25 20:16:00
1000000003592,540,Business,29237.55,,,
1000000003593,553,Economy,3028.41,,,
1000000003594,650,Economy,7216.62,,,
1000000003595,458,Economy,2735.82,8A,9.0,2025-06-09 23:14:00
1000000003595,858,Economy,2921.11,,,
1000000003596,21,Economy,7998.32,,,
1000000003596,380,Economy,3409.62,42E,4.0,2025-11-02 05:32:00
1000000003597,310,Economy,5995.39,60A,3.0,2025-06-28 13:46:00
1000000003597,345,Economy,4933.14,116D,6.0,2025-07-17 02:43:00
1000000003598,426,Economy,3976.47,68B,4.0,2025-06-16 07:04:00
1000000003599,888,Economy,7578.4,,,
1000000003600,248,Economy,8471.87,14C,11.0,2025-03-02 13:49:00
1000000003601,784,Business,29750.2,,,
1000000003601,762,Economy,3811.83,,,
1000000003602,710,Economy,7369.44,,,
1000000003602,529,Economy,4575.16,,,
1000000003603,105,Comfort,15944.35,17B,6.0,2025-04-26 02:51:00
1000000003604,341,Business,27734.72,,,
1000000003604,106,Economy,7840.52,,,
1000000003605,508,Economy,3500.08,,,
1000000003606,263,Economy,8719.35,,,
1000000003607,762,Economy,8754.89,,,
1000000003608,647,Comfort,10490.83,,,
1000000003609,281,Economy,6918.2,,,
1000000003609,213,Economy,6722.09,47F,6.0,2025-01-15 00:52:00
1000000003610,214,Economy,5087.52,5C,5.0,2025-11-23 23:34:00
1000000003610,252,Economy,6350.72,,,
1000000003611,508,Economy,3611.86,,,
1000000003612,369,Economy,8193.04,26A,9.0,2025-04-17 13:41:00
1000000003613,875,Economy,3349.59,,,
1000000003613,894,Economy,4978.62,18A,7.0,2025-12-10 13:24:00
1000000003614,748,Economy,6784.2,,,
1000000003615,174,Economy,6617.75,9A,7.0,2025-07-04 23:39:00
1000000003616,671,Economy,8202.1,,,
1000000003617,328,Business,56976.17,46B,13.0,2025-05-17 15:35:00
1000000003618,79,Business,42576.35,2A,11.0,2025-05-05 13:51:00
1000000003618,119,Economy,5950.37,84F,7.0,2025-08-25 19:53:00
1000000003619,866,Economy,3776.09,14A,7.0,2025-12-13 05:21:00
1000000003620,771,Economy,6155.66,,,
1000000003621,681,Economy,4878.89,52F,8.0,2025-01-26 02:49:00
1000000003621,231,Economy,4909.13,39E,6.0,2025-03-19 12:47:00
1000000003622,158,Economy,8239.24,59E,7.0,2025-04-28 15:32:00
1000000003623,399,Economy,2775.23,,,
1000000003624,734,Economy,8733.54,40D,1.0,2025-10-04 19:03:00
1000000003624,369,Economy,6554.36,47C,10.0,2025-04-17 13:54:00
1000000003625,398,Economy,6879.68,,,
1000000003626,258,Economy,8408.65,4A,10.0,2025-04-02 17:12:00
1000000003627,323,Economy,5180.43,15E,8.0,2025-09-19 01:56:00
1000000003628,529,Comfort,12704.5,,,
1000000003628,610,Economy,6695.92,,,
1000000003629,407,Comfort,11471.53,,,
1000000003630,729,Economy,3812.71,,,
1000000003630,730,Economy,2773.85,,,
1000000003631,63,Economy,6986.3,,,
1000000003632,889,Economy,5292.31,40A,5.0,2025-12-13 05:55:00
1000000003633,104,Comfort,10436.21,,,
1000000003633,757,Economy,6346.28,,,
1000000003634,817,Economy,4457.94,,,
1000000003634,823,Economy,7916.83,31C,5.0,2025-09-10 12:45:00
1000000003635,137,Comfort,8946.68,41B,8.0,2025-02-05 16:03:00
1000000003636,779,Economy,2512.86,,,
1000000003637,652,Business,28407.59,,,
1000000003637,295,Economy,7298.58,18D,8.0,2025-07-16 23:49:00
1000000003638,23,Economy,6993.75,,,
1000000003639,58,Economy,3739.43,80D,5.0,2025-12-02 20:33:00
1000000003639,16,Business,22708.48,,,
1000000003640,165,Economy,4032.67,,,
1000000003641,601,Comfort,12104.57,46C,4.0,2025-12-02 14:11:00
1000000003642,778,Economy,4597.64,65E,9.0,2025-05-02 02:26:00
1000000003643,497,Business,23270.7,,,
1000000003644,755,Economy,4286.18,67D,5.0,2025-02-26 13:37:00
1000000003645,787,Economy,8782.33,,,
1000000003646,890,Economy,8570.61,,,
1000000003646,466,Economy,2949.25,,,
1000000003647,566,Economy,6672.6,,,
1000000003648,56,Economy,8324.8,,,
1000000003649,57,Economy,8664.69,32A,5.0,2025-11-09 01:43:00
1000000003650,860,Economy,5239.08,,,
1000000003651,800,Economy,3715.62,,,
1000000003652,329,Comfort,13016.6,82A,7.0,2025-03-09 05:55:00
1000000003653,886,Economy,7220.83,40B,10.0,2025-06-02 14:47:00
1000000003653,466,Economy,5765.93,,,
1000000003654,443,Economy,3539.86,20D,2.0,2025-09-16 04:20:00
1000000003655,875,Economy,7184.68,,,
1000000003655,229,Economy,5750.67,53E,11.0,2025-10-24 17:33:00
1000000003656,223,Economy,2681.66,18B,5.0,2025-05-28 01:23:00
1000000003656,346,Economy,7514.17,,,
1000000003657,299,Comfort,14897.02,46F,6.0,2025-06-18 13:58:00
1000000003657,838,Business,28468.25,,,
1000000003658,347,Business,23348.62,,,
1000000003659,258,Economy,5378.04,4A,11.0,2025-04-02 16:19:00
1000000003659,831,Economy,6692.65,47E,9.0,2025-06-06 02:41:00
1000000003660,715,Economy,4317.02,9C,8.0,2025-06-04 14:31:00
1000000003660,660,Economy,8703.96,52E,5.0,2025-05-21 10:11:00
1000000003661,202,Comfort,11975.35,,,
1000000003662,885,Economy,5894.87,,,
1000000003662,240,Economy,8631.28,15A,7.0,2025-11-30 06:00:00
1000000003663,826,Economy,4075.01,9A,6.0,2025-08-09 03:36:00
1000000003663,625,Economy,5634.42,40C,9.0,2025-10-03 05:11:00
1000000003664,717,Business,30541.36,,,
1000000003665,133,Economy,7037.93,10C,8.0,2025-07-09 21:24:00
1000000003665,231,Economy,2529.11,33F,7.0,2025-03-19 12:47:00
1000000003666,618,Comfort,11526.6,,,
1000000003667,698,Economy,5531.46,,,
1000000003668,359,Economy,6528.51,45B,6.0,2025-07-25 01:15:00
1000000003669,376,Business,32137.07,,,
1000000003670,570,Economy,4976.43,,,
1000000003671,859,Economy,7988.88,,,
1000000003672,677,Economy,4664.11,17B,12.0,2025-09-24 20:23:00
1000000003672,1,Comfort,12716.26,,,
1000000003673,641,Comfort,13713.96,,,
1000000003673,106,Economy,7377.82,,,
1000000003674,757,Economy,6746.73,,,
1000000003675,147,Economy,5397.03,45B,7.0,2025-10-15 08:36:00
1000000003675,433,Economy,6707.86,,,
1000000003676,272,Business,48253.58,,,
1000000003677,310,Economy,4114.31,58D,4.0,2025-06-28 14:06:00
1000000003678,296,Comfort,9924.18,,,
1000000003679,733,Economy,5296.14,13A,4.0,2025-04-08 03:12:00
1000000003680,418,Economy,4417.06,11C,8.0,2025-07-04 21:17:00
1000000003681,713,Business,52850.5,,,
1000000003681,682,Business,24348.9,,,
1000000003682,153,Comfort,13401.34,,,
1000000003683,123,Economy,2922.23,,,
1000000003684,422,Economy,6728.55,4C,6.0,2025-12-15 23:39:00
1000000003685,80,Economy,3711.18,31D,3.0,2025-05-13 09:50:00
1000000003686,790,Economy,5387.4,16E,10.0,2025-09-26 08:30:00
1000000003686,412,Economy,5326.63,,,
1000000003687,685,Economy,4331.77,18A,5.0,2025-12-25 20:18:00
1000000003688,890,Economy,5533.42,,,
1000000003689,31,Economy,3015.65,,,
1000000003690,71,Economy,3209.39,,,
1000000003691,860,Business,38567.01,,,
1000000003692,402,Economy,4432.52,,,
1000000003693,116,Economy,5635.38,,,
1000000003694,669,Economy,4165.15,,,
1000000003694,21,Economy,2855.19,,,
1000000003695,741,Economy,7041.11,,,
1000000003695,64,Economy,7257.77,,,
1000000003696,584,Business,27745.32,20A,3.0,2025-10-06 14:29:00
1000000003696,178,Economy,8724.52,,,
1000000003697,272,Economy,2977.0,,,
1000000003698,688,Comfort,13165.52,,,
1000000003699,30,Comfort,10334.22,1C,3.0,2025-07-19 07:58:00
1000000003700,746,Economy,5462.11,,,
1000000003701,397,Economy,7509.98,,,
1000000003702,830,Economy,3252.46,,,
1000000003703,535,Economy,8592.02,50E,5.0,2025-10-13 14:04:00
1000000003704,360,Economy,7175.95,,,
1000000003705,486,Economy,2922.76,50F,3.0,2025-07-03 01:41:00
1000000003705,53,Economy,3246.58,,,
1000000003706,126,Economy,7110.79,39B,7.0,2025-03-09 16:10:00
1000000003706,121,Comfort,9304.49,,,
1000000003707,632,Economy,2732.45,14A,6.0,2025-05-12 10:47:00
1000000003707,198,Business,15468.79,12C,7.0,2025-12-20 13:07:00
1000000003708,326,Economy,3289.66,101F,4.0,2025-10-29 22:06:00
1000000003709,512,Comfort,8682.03,2C,7.0,2025-07-20 06:14:00
1000000003710,752,Economy,6711.68,,,
1000000003711,834,Economy,3649.2,,,
1000000003712,562,Economy,7642.6,,,
1000000003712,530,Economy,5285.34,,,
1000000003713,326,Comfort,9072.12,51A,5.0,2025-10-29 21:18:00
1000000003714,689,Economy,8549.41,,,
1000000003715,628,Economy,2983.42,26A,8.0,2025-12-04 10:06:00
1000000003715,589,Comfort,7231.66,79E,5.0,2025-05-04 22:36:00
1000000003716,855,Economy,6558.16,8A,5.0,2025-01-18 07:23:00
1000000003717,866,Comfort,8662.58,70C,8.0,2025-12-13 05:28:00
1000000003718,314,Economy,7114.86,12C,7.0,2025-12-27 05:36:00
1000000003718,751,Comfort,9382.2,,,
1000000003719,725,Economy,2785.69,,,
1000000003720,267,Economy,5614.82,,,
1000000003721,727,Economy,6368.91,,,
1000000003722,448,Comfort,11938.34,,,
1000000003723,39,Economy,7478.59,74B,6.0,2025-04-18 21:53:00
1000000003723,343,Economy,5544.13,52A,4.0,2025-10-11 18:46:00
1000000003724,437,Economy,5734.96,,,
1000000003725,680,Economy,5482.02,,,
1000000003726,506,Economy,6992.58,32A,5.0,2025-06-12 14:53:00
1000000003727,516,Comfort,12697.48,11C,9.0,2025-08-29 13:12:00
1000000003727,625,Economy,7452.83,31A,10.0,2025-10-03 04:57:00
1000000003728,57,Economy,6866.92,109F,6.0,2025-11-09 01:30:00
1000000003729,849,Economy,6679.06,,,
1000000003730,457,Comfort,15253.45,41A,9.0,2025-12-17 22:14:00
1000000003731,696,Economy,7977.26,33A,5.0,2025-10-09 00:33:00
1000000003731,144,Comfort,12060.28,16B,5.0,2025-12-26 02:01:00
1000000003732,90,Business,39960.46,,,
1000000003732,872,Economy,4055.9,,,
1000000003733,582,Economy,6758.81,17D,7.0,2025-01-05 05:50:00
1000000003734,222,Economy,7534.42,,,
1000000003734,776,Economy,8271.91,,,
1000000003735,836,Economy,6713.11,,,
1000000003736,401,Economy,5128.62,,,
1000000003737,439,Comfort,10063.32,,,
1000000003737,9,Economy,6696.34,88E,7.0,2025-07-14 07:51:00
1000000003738,50,Economy,2846.7,23B,6.0,2025-05-11 01:20:00
1000000003739,637,Economy,2811.71,,,
1000000003740,780,Comfort,10163.36,64F,6.0,2025-06-04 01:45:00
1000000003740,518,Business,29023.32,,,
1000000003741,588,Economy,7536.44,,,
1000000003742,268,Economy,5050.85,,,
1000000003742,217,Economy,7044.58,,,
1000000003743,770,Business,42450.92,,,
1000000003744,409,Economy,3264.73,,,
1000000003745,113,Economy,8350.75,20C,5.0,2025-12-02 02:32:00
1000000003746,506,Economy,6464.44,49B,6.0,2025-06-12 15:08:00
1000000003747,96,Economy,6162.69,24C,8.0,2025-10-19 09:10:00
1000000003747,461,Comfort,10919.08,,,
1000000003748,24,Business,59857.23,,,
1000000003749,286,Comfort,10050.92,,,
1000000003749,193,Comfort,13640.29,7C,4.0,2025-05-31 04:58:00
1000000003750,363,Business,53685.34,,,
1000000003750,661,Comfort,12587.15,14A,5.0,2025-09-05 22:02:00
1000000003751,573,Economy,8396.75,19E,8.0,2025-10-04 08:18:00
1000000003752,508,Economy,5290.76,,,
1000000003753,406,Business,53404.14,50A,5.0,2025-10-20 20:46:00
1000000003753,484,Comfort,9235.0,21C,5.0,2025-08-08 07:07:00
1000000003754,613,Business,37341.1,39E,7.0,2025-02-18 18:57:00
1000000003755,470,Economy,7456.59,,,
1000000003756,213,Economy,8065.6,15C,7.0,2025-01-15 01:40:00
1000000003756,505,Economy,3431.49,,,
1000000003757,515,Comfort,9313.75,,,
1000000003757,156,Economy,7494.83,,,
1000000003758,702,Economy,6249.22,,,
1000000003759,722,Economy,7743.16,32E,3.0,2025-07-12 20:41:00
1000000003760,409,Economy,5741.44,,,
1000000003760,87,Economy,4530.8,,,
1000000003761,50,Economy,6334.87,49C,7.0,2025-05-11 00:34:00
1000000003761,288,Economy,5322.11,,,
1000000003762,129,Economy,8903.74,45C,4.0,2025-10-02 02:29:00
1000000003763,108,Economy,4245.69,,,
1000000003764,878,Business,22621.8,,,
1000000003765,764,Comfort,11709.01,28F,10.0,2025-01-17 08:33:00
1000000003766,340,Economy,8368.44,93E,7.0,2025-03-10 18:48:00
1000000003767,393,Economy,7753.96,,,
1000000003768,895,Economy,3911.92,,,
1000000003768,640,Economy,6302.44,,,
1000000003769,361,Comfort,15670.5,18E,9.0,2025-10-30 14:50:00
1000000003769,195,Economy,6017.12,,,
1000000003770,421,Economy,6653.49,,,
1000000003771,230,Economy,8006.96,46B,7.0,2025-07-14 02:59:00
1000000003772,387,Economy,2740.47,,,
1000000003772,790,Business,17787.18,14C,11.0,2025-09-26 08:44:00
1000000003773,797,Economy,6418.53,,,
1000000003774,772,Economy,5936.08,44D,6.0,2025-02-27 21:23:00
1000000003775,587,Economy,3529.91,41B,5.0,2025-10-09 15:19:00
1000000003776,551,Business,30385.15,114D,7.0,2025-05-04 07:30:00
1000000003777,742,Business,18528.97,18C,3.0,2025-05-05 17:20:00
1000000003778,834,Economy,5121.07,,,
1000000003779,536,Business,33400.42,,,
1000000003780,388,Business,34223.9,,,
1000000003781,637,Economy,6904.88,,,
1000000003782,133,Economy,5240.04,19A,9.0,2025-07-09 21:09:00
1000000003782,753,Comfort,8966.79,,,
1000000003783,257,Economy,2769.78,21C,9.0,2025-07-13 11:02:00
1000000003783,720,Economy,6569.04,,,
1000000003784,239,Comfort,11954.81,,,
1000000003785,204,Economy,4950.57,34B,5.0,2025-12-22 14:53:00
1000000003786,264,Economy,5951.88,,,
1000000003787,141,Economy,7658.76,49D,3.0,2025-01-23 22:47:00
1000000003787,620,Economy,7112.89,,,
1000000003788,79,Economy,8581.16,6C,12.0,2025-05-05 13:24:00
1000000003789,616,Comfort,7939.64,6A,7.0,2025-12-24 06:18:00
1000000003790,713,Economy,8634.78,,,
1000000003790,509,Economy,2903.75,,,
1000000003791,653,Economy,8749.08,,,
1000000003791,821,Business,27471.83,53B,6.0,2025-09-12 06:46:00
1000000003792,541,Economy,8946.6,43E,8.0,2025-04-10 00:11:00
1000000003793,90,Economy,3795.46,,,
1000000003794,534,Economy,6728.93,,,
1000000003795,726,Economy,4775.38,72C,5.0,2025-08-09 05:01:00
1000000003795,315,Economy,7987.04,,,
1000000003796,205,Economy,7869.46,4C,3.0,2025-12-16 10:03:00
1000000003797,439,Economy,8136.56,,,
1000000003798,36,Comfort,8710.99,,,
1000000003799,496,Business,43666.44,,,
1000000003799,815,Comfort,10454.1,16A,10.0,2025-05-26 13:42:00
1000000003800,464,Economy,8983.32,5A,5.0,2025-10-13 16:06:00
1000000003801,260,Economy,3049.48,56C,5.0,2025-02-27 01:14:00
1000000003802,753,Economy,4553.93,,,
1000000003802,230,Economy,2918.54,27A,8.0,2025-07-14 02:50:00
1000000003803,814,Economy,8744.81,,,
1000000003803,815,Economy,4073.5,54E,11.0,2025-05-26 13:01:00
1000000003804,455,Economy,7020.02,21F,7.0,2025-08-04 19:09:00
1000000003805,486,Economy,5014.35,26A,4.0,2025-07-03 01:20:00
1000000003805,208,Economy,5701.91,50E,8.0,2025-06-08 12:14:00
1000000003806,314,Economy,7217.04,4C,8.0,2025-12-27 05:36:00
1000000003807,693,Economy,3814.67,,,
1000000003808,338,Economy,5273.07,33A,5.0,2025-04-26 15:28:00
1000000003808,615,Economy,6568.16,41C,3.0,2025-11-21 19:25:00
1000000003809,392,Economy,2500.96,,,
1000000003810,483,Comfort,9548.08,,,
1000000003811,198,Economy,6781.5,1A,8.0,2025-12-20 13:54:00
1000000003812,801,Economy,7819.92,43D,6.0,2025-02-22 05:00:00
1000000003813,186,Economy,6839.58,,,
1000000003813,584,Economy,5025.21,17A,4.0,2025-10-06 14:08:00
1000000003814,350,Comfort,7124.88,,,
1000000003814,691,Comfort,12257.32,,,
1000000003815,775,Economy,5418.12,42C,8.0,2025-10-31 20:40:00
1000000003815,587,Economy,5095.52,28E,6.0,2025-10-09 15:19:00
1000000003816,51,Comfort,9358.03,,,
1000000003817,264,Comfort,11453.88,,,
1000000003818,517,Comfort,13284.71,,,
1000000003819,786,Economy,8784.15,,,
1000000003820,576,Economy,5545.27,,,
1000000003821,895,Economy,5400.79,,,
1000000003821,622,Economy,4059.98,40E,6.0,2025-01-13 08:13:00
1000000003822,151,Comfort,11056.69,56A,8.0,2025-06-08 09:04:00
1000000003822,887,Economy,6734.35,51E,9.0,2025-07-08 15:27:00
1000000003823,843,Economy,6979.59,,,
1000000003824,735,Economy,4566.48,,,
1000000003825,868,Economy,4321.95,9B,9.0,2025-04-19 21:52:00
1000000003826,549,Economy,7042.72,69F,9.0,2025-05-28 01:18:00
1000000003826,784,Economy,7206.08,,,
1000000003827,729,Business,43632.19,,,
1000000003828,730,Economy,3795.86,,,
1000000003829,262,Economy,3576.13,59E,6.0,2025-01-29 03:11:00
1000000003829,673,Economy,4781.19,,,
1000000003830,199,Economy,8628.58,11C,8.0,2025-12-10 19:42:00
1000000003831,126,Comfort,8411.74,75A,8.0,2025-03-09 16:43:00
1000000003831,860,Economy,5579.14,,,
1000000003832,760,Economy,5719.1,,,
1000000003833,21,Economy,8878.83,,,
1000000003834,583,Comfort,10580.22,16B,5.0,2025-08-26 21:25:00
1000000003834,708,Economy,4519.65,46C,5.0,2025-02-01 19:35:00
1000000003835,559,Economy,6251.69,104E,4.0,2025-02-21 22:15:00
1000000003836,403,Economy,7287.58,68F,5.0,2025-05-18 17:23:00
1000000003837,476,Economy,6589.61,40A,3.0,2025-11-29 04:54:00
1000000003838,415,Economy,8283.52,,,
1000000003839,451,Economy,6965.15,,,
1000000003840,863,Economy,6646.12,,,
1000000003841,585,Economy,6462.95,,,
1000000003842,550,Economy,3621.47,14A,5.0,2025-07-01 05:51:00
1000000003843,57,Business,16165.18,95B,7.0,2025-11-09 02:01:00
1000000003844,72,Economy,5369.6,,,
1000000003845,276,Economy,4358.69,48B,6.0,2025-03-13 23:13:00
1000000003846,355,Economy,8947.17,40A,12.0,2025-03-22 07:32:00
1000000003846,897,Economy,7873.24,,,
1000000003847,456,Economy,6423.8,,,
1000000003848,843,Economy,5465.37,,,
1000000003849,684,Economy,7873.6,28B,6.0,2025-11-26 21:59:00
1000000003850,869,Economy,8113.44,,,
1000000003851,567,Economy,5101.61,67D,5.0,2025-06-12 19:50:00
1000000003852,9,Comfort,15648.98,54B,8.0,2025-07-14 07:24:00
1000000003853,756,Economy,8782.86,52C,3.0,2025-10-23 16:44:00
1000000003854,165,Economy,4449.42,,,
1000000003855,336,Comfort,12361.87,50F,7.0,2025-12-02 10:25:00
1000000003856,782,Comfort,11241.03,,,
1000000003856,873,Economy,7068.73,,,
1000000003857,370,Economy,6776.66,29C,5.0,2025-12-27 20:53:00
1000000003858,192,Economy,8343.31,40E,5.0,2025-11-26 04:43:00
1000000003859,398,Comfort,14778.09,,,
1000000003860,896,Economy,5851.51,23C,8.0,2025-12-02 14:30:00
1000000003860,483,Economy,4029.27,,,
1000000003861,853,Economy,6848.87,,,
1000000003862,594,Comfort,7273.22,56E,6.0,2025-06-15 23:01:00
1000000003862,520,Comfort,14055.86,,,
1000000003863,780,Economy,6619.43,65D,7.0,2025-06-04 02:38:00
1000000003863,198,Economy,8139.06,19E,9.0,2025-12-20 13:33:00
1000000003864,625,Comfort,13807.13,12A,11.0,2025-10-03 05:33:00
1000000003865,269,Business,43903.33,42F,5.0,2025-02-07 05:12:00
1000000003866,617,Economy,6019.72,,,
1000000003867,590,Economy,3845.81,,,
1000000003868,896,Economy,3399.63,3A,9.0,2025-12-02 14:58:00
1000000003869,741,Economy,5784.32,,,
1000000003870,841,Business,54614.25,,,
1000000003871,108,Comfort,14029.05,,,
1000000003871,378,Business,45490.48,57C,5.0,2025-03-12 12:11:00
1000000003872,502,Economy,6132.27,16C,5.0,2025-06-26 05:36:00
1000000003872,437,Economy,8675.13,,,
1000000003873,745,Business,16386.17,61B,6.0,2025-12-21 00:21:00
1000000003874,534,Economy,7054.8,,,
1000000003874,18,Economy,7830.7,,,
1000000003875,217,Economy,8452.16,,,
1000000003875,247,Economy,3774.19,27A,4.0,2025-05-17 09:57:00
1000000003876,353,Economy,4660.43,,,
1000000003877,672,Economy,3345.34,,,
1000000003878,700,Economy,7280.14,7C,5.0,2025-08-12 02:52:00
1000000003879,637,Economy,6414.74,,,
1000000003879,819,Economy,4965.29,5A,5.0,2025-04-30 12:23:00
1000000003880,325,Business,40604.23,5C,6.0,2025-01-17 13:23:00
1000000003881,310,Economy,7610.15,7A,5.0,2025-06-28 14:37:00
1000000003881,556,Comfort,15883.45,33F,4.0,2025-04-18 10:34:00
1000000003882,775,Economy,8310.0,44B,9.0,2025-10-31 20:58:00
1000000003883,427,Economy,4397.93,47F,7.0,2025-05-04 00:39:00
1000000003883,19,Economy,8889.81,51E,8.0,2025-09-06 00:52:00
1000000003884,61,Economy,6292.04,9C,7.0,2025-03-23 23:11:00
1000000003885,343,Economy,6599.61,8A,5.0,2025-10-11 18:25:00
1000000003886,814,Comfort,15687.09,,,
1000000003887,316,Business,40226.64,5A,7.0,2025-06-10 18:47:00
1000000003887,694,Business,37295.5,,,
1000000003888,283,Economy,7056.41,,,
1000000003889,100,Economy,6206.11,11A,5.0,2025-08-29 11:05:00
1000000003890,33,Economy,7471.02,36F,6.0,2025-12-12 06:48:00
1000000003890,864,Economy,8425.79,40A,5.0,2025-09-27 12:59:00
1000000003891,581,Economy,2509.56,,,
1000000003892,795,Economy,7008.48,60A,7.0,2025-02-04 18:07:00
1000000003893,28,Economy,6907.69,15A,8.0,2025-10-09 02:21:00
1000000003894,520,Business,29952.11,,,
1000000003895,388,Economy,7154.94,,,
1000000003896,194,Economy,3438.63,4C,5.0,2025-05-10 00:51:00
1000000003897,528,Economy,6315.31,18C,12.0,2025-09-30 14:59:00
1000000003897,694,Comfort,14089.53,,,
1000000003898,333,Economy,3799.32,18F,4.0,2025-08-08 06:20:00
1000000003898,496,Economy,2654.1,,,
1000000003899,212,Comfort,8380.64,57C,4.0,2025-10-01 00:45:00
1000000003900,420,Economy,4488.13,,,
1000000003900,581,Economy,6997.38,,,
1000000003901,533,Economy,6082.91,,,
1000000003902,263,Economy,4768.99,,,
1000000003902,23,Economy,8507.3,,,
1000000003903,59,Economy,6098.09,,,
1000000003904,865,Economy,2987.27,,,
1000000003905,3,Business,38161.75,52F,7.0,2025-11-29 21:47:00
1000000003905,39,Economy,3209.51,30D,7.0,2025-04-18 21:46:00
1000000003906,519,Business,15377.69,,,
1000000003907,292,Economy,4569.12,,,
1000000003907,695,Comfort,13297.46,58F,7.0,2025-06-26 01:22:00
1000000003908,370,Economy,4265.18,26B,6.0,2025-12-27 21:21:00
1000000003909,734,Comfort,14016.17,77A,2.0,2025-10-04 19:01:00
1000000003910,65,Business,17635.03,21C,7.0,2025-01-11 18:09:00
1000000003911,150,Economy,3201.17,52A,1.0,2025-12-12 18:45:00
1000000003912,99,Comfort,9771.13,,,
1000000003913,162,Comfort,7340.06,,,
1000000003913,257,Economy,4728.11,8D,10.0,2025-07-13 10:48:00
1000000003914,135,Economy,7621.26,,,
1000000003914,127,Business,40360.96,,,
1000000003915,720,Comfort,7543.13,,,
1000000003916,169,Economy,3925.13,45E,11.0,2025-02-13 15:53:00
1000000003917,466,Economy,4980.04,,,
1000000003918,641,Economy,8386.94,,,
1000000003918,400,Economy,6064.29,45B,12.0,2025-04-13 02:16:00
1000000003919,315,Economy,4065.49,,,
1000000003920,174,Economy,5784.49,17E,8.0,2025-07-04 23:37:00
1000000003921,659,Economy,8879.12,69E,7.0,2025-07-08 11:39:00
1000000003922,629,Economy,6495.94,45C,6.0,2025-02-20 10:05:00
1000000003923,71,Economy,4004.32,,,
1000000003924,457,Economy,3057.6,45F,10.0,2025-12-17 21:51:00
1000000003925,479,Economy,8508.13,,,
1000000003926,853,Economy,8456.33,,,
1000000003926,382,Business,48352.06,40C,7.0,2025-04-23 17:20:00
1000000003927,768,Economy,4707.22,6C,9.0,2025-10-25 20:45:00
1000000003927,897,Economy,4822.38,,,
1000000003928,377,Economy,4163.91,86E,7.0,2025-11-11 18:15:00
1000000003928,172,Economy,3124.18,22A,8.0,2025-03-14 10:54:00
1000000003929,145,Economy,5909.21,,,
1000000003930,687,Economy,2888.18,19D,3.0,2025-09-18 03:23:00
1000000003930,176,Comfort,12554.96,,,
1000000003931,470,Business,32278.13,,,
1000000003932,670,Economy,4207.52,,,
1000000003932,664,Economy,6563.28,,,
1000000003933,529,Economy,8925.34,,,
1000000003933,772,Economy,4858.83,65E,7.0,2025-02-27 21:38:00
1000000003934,233,Economy,8244.12,,,
1000000003934,63,Economy,2924.73,,,
1000000003935,119,Economy,2928.43,69D,8.0,2025-08-25 19:32:00
1000000003936,190,Economy,5522.32,,,
1000000003936,86,Economy,6906.28,,,
1000000003937,869,Economy,6814.64,,,
1000000003938,757,Economy,5609.75,,,
1000000003939,677,Economy,2844.98,29A,13.0,2025-09-24 20:11:00
1000000003940,667,Economy,6294.09,86D,7.0,2025-06-23 20:28:00
1000000003941,360,Economy,6345.73,,,
1000000003942,314,Economy,3875.99,1C,9.0,2025-12-27 04:58:00
1000000003943,806,Economy,6546.66,,,
1000000003944,718,Economy,5118.71,23B,4.0,2025-08-25 20:03:00
1000000003945,42,Economy,8419.79,,,
1000000003946,290,Economy,2810.2,14F,3.0,2025-04-27 11:02:00
1000000003947,98,Economy,8248.33,109D,3.0,2025-10-22 16:39:00
1000000003948,9,Economy,3335.81,93A,9.0,2025-07-14 07:08:00
1000000003948,750,Business,47623.93,,,
1000000003949,735,Business,24460.29,,,
1000000003950,828,Economy,3879.27,,,
1000000003951,77,Economy,5139.76,20D,7.0,2025-11-22 12:55:00
1000000003952,315,Business,33599.29,,,
1000000003953,500,Economy,6423.59,50D,6.0,2025-11-21 04:02:00
1000000003954,121,Economy,8367.01,,,
1000000003954,379,Economy,6288.83,10D,5.0,2025-07-03 14:22:00
1000000003955,663,Economy,8495.26,,,
1000000003956,187,Economy,3346.48,,,
1000000003957,183,Economy,4465.19,,,
1000000003958,551,Business,47006.74,105D,8.0,2025-05-04 07:29:00
1000000003958,739,Economy,7780.89,,,
1000000003959,565,Economy,8118.05,,,
1000000003960,24,Economy,7009.13,,,
1000000003961,70,Comfort,14372.28,68C,8.0,2025-08-04 06:33:00
1000000003962,315,Economy,2892.9,,,
1000000003963,846,Comfort,12421.43,19D,4.0,2025-06-02 01:50:00
1000000003963,267,Economy,4001.88,,,
1000000003964,210,Economy,5280.47,,,
1000000003965,317,Economy,5082.06,49A,8.0,2025-12-11 21:12:00
1000000003966,552,Economy,5146.27,73F,3.0,2025-02-10 21:04:00
1000000003967,735,Economy,4423.01,,,
1000000003967,452,Economy,4373.46,64D,8.0,2025-03-31 00:14:00
1000000003968,759,Economy,3315.28,42C,8.0,2025-08-06 15:54:00
1000000003968,299,Economy,6660.55,44F,7.0,2025-06-18 13:04:00
1000000003969,533,Economy,5720.8,,,
1000000003969,108,Comfort,8088.17,,,
1000000003970,344,Economy,7488.62,,,
1000000003971,352,Economy,6381.62,87E,5.0,2025-01-06 05:22:00
1000000003972,616,Economy,5595.21,34F,8.0,2025-12-24 06:48:00
1000000003972,803,Comfort,12678.21,,,
1000000003973,216,Economy,2628.1,36E,2.0,2025-03-15 09:45:00
1000000003974,269,Economy,5559.92,30F,6.0,2025-02-07 05:33:00
1000000003975,188,Economy,6102.44,,,
1000000003976,708,Economy,2839.73,33B,6.0,2025-02-01 19:42:00
1000000003977,642,Economy,7948.13,,,
1000000003977,167,Economy,4376.67,71C,2.0,2025-11-27 01:40:00
1000000003978,160,Business,33159.95,18D,7.0,2025-03-29 18:51:00
1000000003979,316,Economy,7338.67,31C,8.0,2025-06-10 19:22:00
1000000003980,53,Economy,2522.93,,,
1000000003981,585,Economy,5474.46,,,
1000000003982,161,Economy,8700.77,,,
1000000003983,110,Economy,5498.63,13A,9.0,2025-05-03 17:33:00
1000000003983,742,Economy,4007.17,38D,4.0,2025-05-05 16:53:00
1000000003984,588,Economy,3545.17,,,
1000000003985,587,Economy,7184.37,42D,7.0,2025-10-09 15:16:00
1000000003986,61,Economy,5246.09,51F,8.0,2025-03-23 23:20:00
1000000003986,384,Economy,6194.12,,,
1000000003987,117,Economy,8876.07,,,
1000000003987,690,Business,38392.65,45D,11.0,2025-05-01 03:56:00
1000000003988,407,Economy,8395.29,,,
1000000003989,761,Economy,2716.1,,,
1000000003990,175,Economy,4939.43,67E,4.0,2025-02-09 08:36:00
1000000003990,34,Economy,8659.68,,,
1000000003991,251,Business,19346.61,53B,8.0,2025-07-05 01:25:00
1000000003992,851,Economy,3309.96,15C,7.0,2025-05-07 06:55:00
1000000003993,184,Comfort,10669.7,30C,3.0,2025-03-16 02:34:00
1000000003994,240,Economy,4258.97,11B,8.0,2025-11-30 05:36:00
1000000003995,184,Economy,2803.4,28B,4.0,2025-03-16 03:13:00
1000000003995,34,Economy,6951.31,,,
1000000003996,469,Economy,6148.83,25C,10.0,2025-04-07 02:43:00
1000000003996,173,Business,40488.51,63A,4.0,2025-10-14 11:08:00
1000000003997,169,Economy,2714.36,36E,12.0,2025-02-13 15:05:00
1000000003997,554,Business,46092.89,66B,5.0,2025-04-24 16:48:00
1000000003998,219,Business,49334.09,,,
1000000003999,121,Economy,7742.56,,,
1000000004000,359,Economy,8572.63,31B,7.0,2025-07-25 01:59:00
1000000004001,373,Business,22397.95,47D,12.0,2025-04-12 11:11:00
1000000004002,46,Economy,7671.77,2C,4.0,2025-04-13 13:20:00
1000000004003,645,Economy,4311.27,56C,4.0,2025-01-21 16:15:00
1000000004004,36,Economy,3212.69,,,
1000000004005,174,Economy,7205.75,15A,9.0,2025-07-04 23:29:00
1000000004005,429,Economy,3343.68,92B,2.0,2025-10-01 19:54:00
1000000004006,603,Economy,2862.0,30B,5.0,2025-04-29 16:47:00
1000000004007,80,Economy,6482.27,47E,4.0,2025-05-13 10:06:00
1000000004008,686,Economy,2827.97,,,
1000000004009,878,Economy,6715.19,,,
1000000004009,438,Business,26859.19,6A,3.0,2025-07-15 23:35:00
1000000004010,272,Economy,8134.67,,,
1000000004010,204,Economy,6791.53,37B,6.0,2025-12-22 14:51:00
1000000004011,211,Economy,7560.35,113B,7.0,2025-09-23 08:19:00
1000000004012,462,Comfort,15823.26,,,
1000000004013,684,Economy,4615.73,59F,7.0,2025-11-26 22:24:00
1000000004014,779,Comfort,10215.51,,,
1000000004015,600,Economy,8424.18,,,
1000000004016,403,Economy,3643.62,37B,6.0,2025-05-18 16:49:00
1000000004017,73,Comfort,7692.43,,,
1000000004018,345,Economy,4759.66,103A,7.0,2025-07-17 02:34:00
1000000004019,183,Comfort,12235.48,,,
1000000004020,299,Business,49324.2,17C,8.0,2025-06-18 13:52:00
1000000004021,253,Economy,6087.73,,,
1000000004021,560,Economy,8096.96,,,
1000000004022,400,Economy,4933.38,38C,13.0,2025-04-13 02:20:00
1000000004022,89,Economy,4179.3,,,
1000000004023,373,Economy,7818.68,115F,13.0,2025-04-12 11:40:00
1000000004023,861,Economy,2591.4,,,
1000000004024,222,Economy,6808.8,,,
1000000004025,206,Economy,7717.18,,,
1000000004026,224,Economy,6630.81,,,
1000000004027,650,Economy,8037.35,,,
1000000004028,416,Economy,5864.83,18F,7.0,2025-09-06 16:08:00
1000000004029,379,Economy,4050.78,2C,6.0,2025-07-03 15:19:00
1000000004030,147,Economy,4869.87,43F,8.0,2025-10-15 09:15:00
1000000004031,675,Comfort,9528.22,2A,8.0,2025-06-17 03:21:00
1000000004032,241,Comfort,11073.44,,,
1000000004033,146,Economy,3903.48,17C,6.0,2025-02-16 01:04:00
1000000004034,181,Economy,6196.81,40E,3.0,2025-02-22 21:18:00
1000000004035,702,Economy,7204.65,,,
1000000004036,286,Comfort,9949.56,,,
1000000004037,843,Economy,8193.97,,,
1000000004038,747,Economy,4102.56,,,
1000000004039,588,Comfort,11596.84,,,
1000000004040,317,Economy,5563.64,51E,9.0,2025-12-11 21:05:00
1000000004041,632,Comfort,12505.46,14A,7.0,2025-05-12 10:47:00
1000000004042,681,Economy,7696.28,8C,9.0,2025-01-26 02:32:00
1000000004042,514,Economy,2905.59,,,
1000000004043,213,Economy,7200.65,34E,8.0,2025-01-15 01:22:00
1000000004044,797,Economy,3325.66,,,
1000000004044,310,Economy,6414.91,29B,6.0,2025-06-28 13:51:00
1000000004045,817,Economy,7074.29,,,
1000000004046,184,Comfort,7917.18,29C,5.0,2025-03-16 02:56:00
1000000004046,190,Economy,4580.56,,,
1000000004047,402,Comfort,8688.37,,,
1000000004047,634,Comfort,12100.28,34F,8.0,2025-10-05 03:23:00
1000000004048,88,Economy,5065.11,,,
1000000004049,800,Economy,2527.39,,,
1000000004049,801,Economy,7536.94,28D,7.0,2025-02-22 05:14:00
1000000004050,231,Economy,5269.62,46E,8.0,2025-03-19 12:55:00
1000000004050,205,Business,57766.74,17B,4.0,2025-12-16 09:29:00
1000000004051,657,Economy,7335.16,,,
1000000004051,589,Business,36550.61,24C,6.0,2025-05-04 22:35:00
1000000004052,138,Economy,5447.58,21D,6.0,2025-05-22 03:40:00
1000000004053,90,Economy,8826.95,,,
1000000004054,374,Comfort,13977.52,,,
1000000004055,444,Economy,8075.2,,,
1000000004055,595,Economy,8387.16,,,
1000000004056,388,Economy,7293.19,,,
1000000004057,895,Economy,6530.34,,,
1000000004058,595,Business,41862.55,,,
1000000004058,78,Business,33560.63,60A,10.0,2025-09-05 13:34:00
1000000004059,189,Economy,4958.55,59C,6.0,2025-12-09 01:26:00
1000000004060,868,Economy,5427.03,1A,10.0,2025-04-19 21:51:00
1000000004061,697,Economy,3508.01,41F,11.0,2025-08-10 22:12:00
1000000004062,160,Economy,5733.43,36A,8.0,2025-03-29 18:51:00
1000000004062,441,Economy,4277.19,,,
1000000004063,102,Comfort,13117.54,,,
1000000004064,662,Economy,7158.02,41B,5.0,2025-11-11 17:24:00
1000000004065,526,Economy,7261.78,,,
1000000004066,591,Business,26581.81,22A,10.0,2025-07-02 19:42:00
1000000004066,29,Economy,3156.08,,,
1000000004067,606,Business,39320.21,,,
1000000004068,335,Economy,3837.63,38C,6.0,2025-08-21 23:25:00
1000000004068,16,Economy,4439.73,,,
1000000004069,331,Economy,3914.32,65C,5.0,2025-09-21 22:45:00
1000000004070,726,Business,17944.73,70F,6.0,2025-08-09 05:31:00
1000000004070,302,Economy,8763.75,,,
1000000004071,390,Business,23801.83,,,
1000000004071,236,Economy,5400.56,,,
1000000004072,368,Comfort,14788.16,,,
1000000004073,655,Economy,8642.59,9D,9.0,2025-11-04 17:59:00
1000000004074,497,Comfort,11900.59,,,
1000000004075,706,Economy,5087.39,,,
1000000004075,691,Economy,6202.48,,,
1000000004076,744,Economy,7521.22,11C,9.0,2025-12-22 14:33:00
1000000004077,311,Economy,6882.83,,,
1000000004077,355,Economy,8701.99,26C,13.0,2025-03-22 06:35:00
1000000004078,438,Economy,8619.3,20A,4.0,2025-07-15 23:15:00
1000000004078,762,Economy,4465.84,,,
1000000004079,429,Economy,3802.0,86C,3.0,2025-10-01 19:30:00
1000000004080,229,Economy,7000.16,58F,12.0,2025-10-24 17:45:00
1000000004081,440,Comfort,9868.46,46D,9.0,2025-02-22 11:42:00
1000000004082,21,Economy,6843.24,,,
1000000004083,243,Economy,3008.48,,,
1000000004084,266,Economy,5214.43,,,
1000000004085,875,Business,51206.45,,,
1000000004085,384,Economy,5447.29,,,
1000000004086,785,Economy,8065.72,59A,7.0,2025-01-12 01:28:00
1000000004087,609,Economy,8908.71,7C,10.0,2025-04-24 05:36:00
1000000004088,441,Economy,3769.95,,,
1000000004089,109,Economy,8277.65,19A,7.0,2025-03-18 13:28:00
1000000004090,707,Business,32330.7,12D,7.0,2025-05-31 07:53:00
1000000004091,15,Comfort,12467.8,,,
1000000004091,798,Economy,4863.54,24D,5.0,2025-05-29 08:25:00
1000000004092,343,Economy,2507.87,62C,6.0,2025-10-11 18:57:00
1000000004093,303,Economy,6019.76,22F,6.0,2025-05-30 21:06:00
1000000004094,618,Comfort,8131.3,,,
1000000004095,345,Economy,5360.05,112B,8.0,2025-07-17 02:48:00
1000000004096,92,Economy,4812.6,,,
1000000004097,64,Economy,5050.06,,,
1000000004098,749,Economy,5811.44,,,
1000000004099,165,Economy,5898.53,,,
1000000004100,216,Economy,6527.81,34B,3.0,2025-03-15 09:08:00
1000000004101,843,Comfort,8824.06,,,
1000000004102,717,Economy,4870.97,,,
1000000004103,893,Economy,8233.27,17B,5.0,2025-04-04 10:48:00
1000000004104,371,Economy,5046.76,,,
1000000004105,590,Economy,7132.07,,,
1000000004105,152,Economy,4253.48,,,
1000000004106,417,Economy,5134.1,65B,7.0,2025-03-11 14:37:00
1000000004107,473,Comfort,15685.63,36B,4.0,2025-06-14 15:38:00
1000000004108,653,Economy,4663.45,,,
1000000004108,351,Business,42247.28,31E,7.0,2025-02-14 12:34:00
1000000004109,582,Economy,4689.76,21C,8.0,2025-01-05 06:24:00
1000000004110,552,Economy,7581.67,16C,4.0,2025-02-10 20:26:00
1000000004111,534,Economy,6581.17,,,
1000000004111,342,Economy,6272.52,,,
1000000004112,788,Economy,3925.7,,,
1000000004112,632,Economy,6178.82,16A,8.0,2025-05-12 11:07:00
1000000004113,73,Economy,4515.14,,,
1000000004114,896,Economy,5506.98,32D,10.0,2025-12-02 15:07:00
1000000004114,34,Economy,3426.93,,,
1000000004115,370,Economy,4510.04,57D,7.0,2025-12-27 21:20:00
1000000004115,507,Economy,6996.53,,,
1000000004116,477,Business,50562.22,10D,5.0,2025-10-01 08:38:00
1000000004117,473,Economy,8570.48,51E,5.0,2025-06-14 15:56:00
1000000004118,464,Comfort,12930.11,16E,6.0,2025-10-13 15:38:00
1000000004119,684,Economy,6288.06,59E,8.0,2025-11-26 21:40:00
1000000004120,101,Comfort,7208.03,,,
1000000004120,637,Economy,7699.99,,,
1000000004121,825,Economy,4856.59,3C,3.0,2025-08-24 00:06:00
1000000004122,759,Economy,2824.17,31C,9.0,2025-08-06 16:06:00
1000000004123,602,Economy,4565.11,48B,9.0,2025-11-12 07:14:00
1000000004124,5,Economy,6973.66,12A,9.0,2025-06-26 19:02:00
1000000004125,96,Economy,8368.7,64A,9.0,2025-10-19 09:03:00
1000000004125,312,Economy,2856.29,51F,7.0,2025-10-10 04:23:00
1000000004126,247,Economy,3720.63,95A,5.0,2025-05-17 10:07:00
1000000004127,507,Economy,7064.61,,,
1000000004128,386,Business,27743.93,34B,3.0,2025-06-14 23:52:00
1000000004129,216,Comfort,9210.68,43A,4.0,2025-03-15 09:01:00
1000000004130,748,Economy,2930.36,,,
1000000004130,888,Business,24322.94,,,
1000000004131,205,Comfort,12032.38,13D,5.0,2025-12-16 09:59:00
1000000004132,121,Economy,2818.73,,,
1000000004133,809,Economy,8075.05,,,
1000000004134,596,Economy,4879.91,,,
1000000004135,249,Business,56726.8,28C,5.0,2025-11-11 05:53:00
1000000004135,896,Economy,7305.37,42E,11.0,2025-12-02 15:01:00
1000000004136,736,Economy,4019.2,,,
1000000004137,646,Business,46659.4,17A,5.0,2025-05-27 13:41:00
1000000004137,44,Economy,7815.76,7A,6.0,2025-03-21 05:47:00
1000000004138,821,Economy,2609.67,63A,7.0,2025-09-12 06:31:00
1000000004139,226,Economy,8536.0,,,
1000000004140,651,Economy,3237.69,,,
1000000004141,825,Comfort,11896.24,4C,4.0,2025-08-24 00:21:00
1000000004142,242,Economy,8267.6,,,
1000000004142,555,Business,45596.6,1C,10.0,2025-12-18 05:08:00
1000000004143,687,Economy,6452.97,31B,4.0,2025-09-18 02:55:00
1000000004143,813,Comfort,10807.76,,,
1000000004144,66,Business,42257.58,,,
1000000004145,358,Economy,7571.81,37A,6.0,2025-02-09 17:04:00
1000000004146,607,Business,46563.33,19D,5.0,2025-10-16 16:16:00
1000000004147,680,Economy,7065.54,,,
1000000004147,161,Business,21475.09,,,
1000000004148,487,Economy,6549.76,,,
1000000004149,11,Economy,6409.79,,,
1000000004150,196,Economy,4873.91,,,
1000000004151,534,Comfort,12541.42,,,
1000000004152,242,Economy,6654.56,,,
1000000004153,852,Economy,8025.99,,,
1000000004153,92,Economy,3931.16,,,
1000000004154,189,Economy,8911.47,44C,7.0,2025-12-09 01:33:00
1000000004154,456,Economy,2841.03,,,
1000000004155,308,Economy,5042.87,,,
1000000004156,722,Economy,8758.5,33A,4.0,2025-07-12 19:45:00
1000000004157,340,Economy,2676.92,1A,8.0,2025-03-10 19:41:00
1000000004158,717,Business,45590.83,,,
1000000004158,710,Economy,4467.79,,,
1000000004159,870,Economy,6365.12,,,
1000000004160,278,Economy,3181.51,47A,5.0,2025-09-16 13:00:00
1000000004161,478,Business,45533.51,,,
1000000004161,15,Economy,7196.73,,,
1000000004162,337,Economy,2855.23,55C,6.0,2025-12-25 06:53:00
1000000004163,643,Business,38832.78,42A,7.0,2025-07-14 23:01:00
1000000004163,612,Economy,8901.94,,,
1000000004164,708,Economy,7200.18,24A,7.0,2025-02-01 19:23:00
1000000004165,781,Economy,8917.24,,,
1000000004166,612,Economy,4720.18,,,
1000000004166,465,Comfort,9940.59,,,
1000000004167,118,Economy,3894.93,,,
1000000004168,58,Economy,6447.12,108A,6.0,2025-12-02 21:13:00
1000000004169,24,Comfort,8425.25,,,
1000000004170,397,Economy,7931.95,,,
1000000004171,179,Economy,3567.51,,,
1000000004172,165,Economy,3851.37,,,
1000000004173,591,Comfort,10128.58,20B,11.0,2025-07-02 19:08:00
1000000004174,359,Economy,6270.35,33D,8.0,2025-07-25 01:44:00
1000000004174,408,Comfort,7295.9,95F,7.0,2025-11-01 07:32:00
1000000004175,77,Economy,4869.12,11A,8.0,2025-11-22 12:59:00
1000000004175,769,Economy,3773.81,,,
1000000004176,569,Business,59058.62,,,
1000000004177,428,Business,49634.16,56B,8.0,2025-08-03 11:16:00
1000000004178,320,Business,34663.56,,,
1000000004179,680,Economy,5728.3,,,
1000000004180,330,Economy,8100.21,,,
1000000004180,121,Business,17351.56,,,
1000000004181,748,Comfort,10722.02,,,
1000000004182,346,Economy,4931.37,,,
1000000004183,321,Economy,8177.79,50D,4.0,2025-09-11 12:33:00
1000000004184,3,Economy,3577.0,44E,8.0,2025-11-29 21:37:00
1000000004185,512,Economy,8012.51,79F,8.0,2025-07-20 07:04:00
1000000004185,633,Comfort,9694.64,67B,9.0,2025-07-15 15:03:00
1000000004186,710,Economy,5796.92,,,
1000000004186,644,Comfort,14458.42,,,
1000000004187,33,Economy,3164.37,18C,7.0,2025-12-12 06:26:00
1000000004188,880,Comfort,12752.96,4C,4.0,2025-08-02 01:35:00
1000000004189,179,Economy,7478.7,,,
1000000004190,575,Economy,7810.6,,,
1000000004190,13,Economy,4225.45,15C,11.0,2025-01-25 02:38:00
1000000004191,388,Economy,7173.11,,,
1000000004191,250,Comfort,9642.8,61F,6.0,2025-10-03 20:22:00
1000000004192,483,Economy,4548.25,,,
1000000004193,690,Economy,4637.24,53F,12.0,2025-05-01 04:10:00
1000000004194,560,Economy,6608.42,,,
1000000004194,321,Comfort,9983.47,47C,5.0,2025-09-11 13:17:00
1000000004195,356,Economy,4763.15,,,
1000000004196,664,Economy,3430.49,,,
1000000004196,615,Economy,5577.63,46D,4.0,2025-11-21 19:44:00
1000000004197,8,Economy,2787.05,,,
1000000004198,509,Economy,7401.42,,,
1000000004199,785,Economy,3017.14,62A,8.0,2025-01-12 01:55:00
1000000004200,872,Economy,6028.1,,,
1000000004201,892,Economy,2519.0,21E,5.0,2025-08-26 20:29:00
1000000004201,56,Economy,5031.81,,,
1000000004202,634,Economy,6717.46,26A,9.0,2025-10-05 03:48:00
1000000004202,671,Economy,7081.52,,,
1000000004203,376,Comfort,8871.43,,,
1000000004204,298,Economy,4271.59,,,
1000000004204,367,Economy,7154.56,,,
1000000004205,693,Economy,4413.65,,,
1000000004206,527,Economy,6576.69,77A,5.0,2025-09-16 20:44:00
1000000004207,37,Comfort,11924.71,43B,5.0,2025-05-26 04:44:00
1000000004208,724,Economy,3276.3,,,
1000000004209,124,Economy,3832.9,33C,8.0,2025-12-14 21:58:00
1000000004209,621,Comfort,15832.44,,,
1000000004210,876,Comfort,12213.35,,,
1000000004210,454,Economy,8367.51,63B,11.0,2025-06-25 04:29:00
1000000004211,434,Economy,3873.15,,,
1000000004211,602,Economy,3153.74,39A,10.0,2025-11-12 07:07:00
1000000004212,570,Economy,6406.15,,,
1000000004212,210,Business,50317.27,,,
1000000004213,374,Economy,3540.78,,,
1000000004214,64,Economy,6289.67,,,
1000000004215,140,Economy,6765.85,15B,9.0,2025-02-28 21:51:00
1000000004215,426,Economy,6864.02,47C,5.0,2025-06-16 08:07:00
1000000004216,22,Comfort,12805.03,64E,6.0,2025-10-29 05:46:00
1000000004217,12,Economy,3964.55,,,
1000000004218,674,Economy,6555.42,116C,6.0,2025-08-16 15:07:00
1000000004218,141,Economy,6311.32,108E,4.0,2025-01-23 22:21:00
1000000004219,343,Business,36120.16,51B,7.0,2025-10-11 18:37:00
1000000004220,576,Business,44720.09,,,
1000000004220,355,Economy,5598.26,81E,14.0,2025-03-22 06:35:00
1000000004221,276,Economy,3052.65,47B,7.0,2025-03-13 22:16:00
1000000004222,724,Economy,2517.67,,,
1000000004222,542,Economy,3075.69,,,
1000000004223,706,Economy,3068.14,,,
1000000004223,876,Economy,4018.72,,,
1000000004224,334,Comfort,15426.08,22D,7.0,2025-09-06 09:15:00
1000000004225,241,Economy,3029.99,,,
1000000004226,13,Economy,7429.91,7A,12.0,2025-01-25 02:37:00
1000000004226,686,Economy,5653.54,,,
1000000004227,246,Economy,5814.29,81D,5.0,2025-12-09 02:50:00
1000000004228,743,Economy,8658.81,,,
1000000004228,71,Economy,2828.33,,,
1000000004229,146,Economy,2852.16,13C,7.0,2025-02-16 00:34:00
1000000004230,834,Economy,8099.91,,,
1000000004231,503,Economy,8198.93,41D,8.0,2025-05-10 05:28:00
1000000004232,262,Economy,5592.77,9C,7.0,2025-01-29 03:33:00
1000000004233,685,Economy,6544.02,2A,6.0,2025-12-25 21:09:00
1000000004233,892,Economy,8126.32,10B,6.0,2025-08-26 20:05:00
1000000004234,137,Economy,3133.73,6C,9.0,2025-02-05 16:40:00
1000000004235,800,Economy,8651.09,,,
1000000004236,642,Comfort,9147.03,,,
1000000004237,283,Economy,2726.95,,,
1000000004238,61,Economy,6839.2,33D,9.0,2025-03-23 22:43:00
1000000004238,860,Economy,6654.27,,,
1000000004239,229,Economy,4758.26,28A,13.0,2025-10-24 17:26:00
1000000004240,168,Comfort,7421.89,44C,8.0,2025-04-07 09:43:00
1000000004241,628,Economy,5219.96,57C,9.0,2025-12-04 10:04:00
1000000004241,706,Economy,3028.67,,,
1000000004242,463,Economy,2848.03,36A,7.0,2025-09-13 14:05:00
1000000004243,109,Comfort,9410.45,17A,8.0,2025-03-18 13:37:00
1000000004244,737,Economy,4696.03,44B,5.0,2025-11-30 23:36:00
1000000004245,589,Economy,7416.31,49F,7.0,2025-05-04 22:58:00
1000000004246,875,Economy,4058.84,,,
1000000004247,621,Economy,8473.95,,,
1000000004248,841,Economy,6334.35,,,
1000000004248,594,Comfort,7743.58,46E,7.0,2025-06-15 22:20:00
1000000004249,608,Economy,6845.91,22E,8.0,2025-01-01 22:05:00
1000000004249,263,Economy,5354.66,,,
1000000004250,478,Comfort,12928.42,,,
1000000004251,296,Economy,7923.42,,,
1000000004251,502,Business,45549.95,64B,6.0,2025-06-26 05:39:00
1000000004252,583,Economy,2512.32,12D,6.0,2025-08-26 20:51:00
1000000004253,894,Economy,4180.87,16B,8.0,2025-12-10 13:24:00
1000000004254,530,Economy,4400.65,,,
1000000004255,325,Economy,8267.97,106F,7.0,2025-01-17 13:05:00
1000000004256,817,Economy,4962.89,,,
1000000004257,574,Economy,2661.77,12A,10.0,2025-11-22 18:15:00
1000000004257,626,Economy,6127.68,36D,5.0,2025-12-24 20:31:00
1000000004258,611,Economy,7549.59,,,
1000000004259,633,Economy,5925.07,85F,10.0,2025-07-15 15:28:00
1000000004259,512,Economy,5644.13,33D,9.0,2025-07-20 06:14:00
1000000004260,371,Comfort,8469.06,,,
1000000004260,258,Economy,8970.97,48D,12.0,2025-04-02 17:25:00
1000000004261,873,Economy,4287.85,,,
1000000004261,540,Economy,4371.82,,,
1000000004262,236,Business,53496.46,,,
1000000004263,45,Economy,2947.45,36D,7.0,2025-07-30 20:11:00
1000000004263,456,Economy,5603.8,,,
1000000004264,54,Economy,3547.77,41C,6.0,2025-05-27 05:23:00
1000000004264,877,Business,24438.17,,,
1000000004265,164,Business,38894.01,78D,8.0,2025-12-02 01:31:00
1000000004265,100,Business,35701.79,14F,6.0,2025-08-29 10:16:00
1000000004266,805,Business,57488.42,,,
1000000004266,184,Economy,3069.46,41E,6.0,2025-03-16 03:05:00
1000000004267,790,Economy,3150.61,4C,12.0,2025-09-26 08:34:00
1000000004267,785,Economy,5798.1,75C,9.0,2025-01-12 01:19:00
1000000004268,685,Economy,8427.51,20B,7.0,2025-12-25 20:36:00
1000000004268,96,Economy,3280.68,73E,10.0,2025-10-19 08:55:00
1000000004269,799,Economy,5176.3,41B,6.0,2025-06-15 09:45:00
1000000004270,603,Economy,8305.7,56B,6.0,2025-04-29 16:42:00
1000000004271,317,Economy,4344.65,46D,10.0,2025-12-11 21:12:00
1000000004272,788,Economy,6565.4,,,
1000000004272,611,Economy,7886.23,,,
1000000004273,692,Economy,3464.06,50E,4.0,2025-12-17 19:00:00
1000000004273,221,Comfort,15740.31,,,
1000000004274,33,Economy,6693.88,46E,8.0,2025-12-12 06:27:00
1000000004274,887,Economy,4945.17,47F,10.0,2025-07-08 15:38:00
1000000004275,233,Economy,5852.51,,,
1000000004276,510,Business,28760.16,74B,5.0,2025-04-11 06:36:00
1000000004276,784,Economy,6223.44,,,
1000000004277,498,Economy,3379.87,36B,7.0,2025-12-18 07:54:00
1000000004278,831,Economy,6322.33,80B,10.0,2025-06-06 03:01:00
1000000004279,311,Comfort,12120.11,,,
1000000004280,835,Economy,5559.93,,,
1000000004281,288,Economy,6552.66,,,
1000000004282,39,Economy,6208.51,20C,8.0,2025-04-18 21:25:00
1000000004283,554,Economy,3085.16,74B,6.0,2025-04-24 16:56:00
1000000004284,591,Economy,5270.48,31B,12.0,2025-07-02 19:48:00
1000000004285,548,Economy,4294.29,,,
1000000004285,50,Business,48814.26,37D,8.0,2025-05-11 00:29:00
1000000004286,120,Economy,3321.96,,,
1000000004287,141,Economy,5563.78,24C,5.0,2025-01-23 23:07:00
1000000004288,20,Economy,5171.51,,,
1000000004288,221,Economy,5564.6,,,
1000000004289,600,Comfort,15872.5,,,
1000000004290,243,Economy,7686.76,,,
1000000004290,562,Business,51766.91,,,
1000000004291,710,Economy,7712.54,,,
1000000004292,77,Comfort,9041.84,4A,9.0,2025-11-22 13:33:00
1000000004293,607,Comfort,11823.59,21D,6.0,2025-10-16 16:03:00
1000000004294,874,Economy,3371.64,,,
1000000004295,96,Economy,5888.42,9A,11.0,2025-10-19 08:59:00
1000000004295,143,Business,47403.85,14A,7.0,2025-05-21 18:51:00
1000000004296,239,Economy,4859.04,,,
1000000004297,466,Economy,6120.46,,,
1000000004298,693,Economy,8973.25,,,
1000000004298,359,Economy,4619.05,55F,9.0,2025-07-25 01:42:00
1000000004299,774,Economy,5713.03,,,
1000000004299,721,Economy,2999.67,43C,6.0,2025-01-30 18:44:00
1000000004300,363,Comfort,15569.51,,,
1000000004301,395,Economy,4807.5,53A,9.0,2025-01-18 08:20:00
1000000004302,209,Economy,8853.79,66B,4.0,2025-08-27 20:16:00
1000000004302,452,Economy,4995.84,31A,9.0,2025-03-31 00:49:00
1000000004303,715,Economy,2980.19,13E,9.0,2025-06-04 13:59:00
1000000004304,285,Comfort,15955.35,30B,8.0,2025-04-19 22:04:00
1000000004305,302,Comfort,13228.76,,,
1000000004305,742,Economy,7581.25,55D,5.0,2025-05-05 17:22:00
1000000004306,619,Economy,2841.89,,,
1000000004307,494,Economy,7972.76,,,
1000000004308,408,Economy,3728.79,76F,8.0,2025-11-01 07:08:00
1000000004308,41,Business,24995.16,,,
1000000004309,48,Economy,4970.49,,,
1000000004310,580,Economy,3703.34,24C,6.0,2025-03-11 08:28:00
1000000004311,655,Business,29307.7,10B,10.0,2025-11-04 18:08:00
1000000004311,749,Economy,4757.39,,,
1000000004312,268,Economy,6655.61,,,
1000000004313,808,Economy,5910.41,,,
1000000004314,28,Comfort,9168.65,18D,9.0,2025-10-09 01:53:00
1000000004314,544,Comfort,15874.33,45A,8.0,2025-11-07 05:31:00
1000000004315,270,Economy,5414.17,107D,6.0,2025-03-02 22:28:00
1000000004316,791,Comfort,11348.04,30C,7.0,2025-03-31 16:41:00
1000000004317,166,Economy,8892.82,,,
1000000004317,648,Economy,8012.94,,,
1000000004318,543,Economy,5603.32,33B,9.0,2025-12-27 00:35:00
1000000004319,507,Comfort,11752.0,,,
1000000004320,710,Comfort,11078.12,,,
1000000004321,895,Business,36654.39,,,
1000000004321,442,Economy,4563.34,,,
1000000004322,524,Economy,5944.61,,,
1000000004323,414,Business,38509.73,,,
1000000004324,610,Economy,3198.88,,,
1000000004324,268,Business,42110.21,,,
1000000004325,877,Economy,4342.12,,,
1000000004326,662,Economy,6157.45,41B,6.0,2025-11-11 18:06:00
1000000004327,176,Economy,8348.34,,,
1000000004328,9,Economy,7233.22,86C,10.0,2025-07-14 07:08:00
1000000004329,657,Economy,2979.3,,,
1000000004329,395,Comfort,14625.33,58F,10.0,2025-01-18 07:43:00
1000000004330,209,Comfort,7374.04,49F,5.0,2025-08-27 20:22:00
1000000004331,701,Economy,2923.16,30F,5.0,2025-11-16 04:33:00
1000000004332,111,Economy,5635.5,,,
1000000004333,852,Economy,6775.53,,,
1000000004333,673,Economy,5704.94,,,
1000000004334,15,Economy,7574.24,,,
1000000004335,727,Economy,7525.58,,,
1000000004336,606,Economy,2960.5,,,
1000000004337,80,Comfort,14961.85,48A,5.0,2025-05-13 09:39:00
1000000004338,497,Economy,3158.72,,,
1000000004338,29,Economy,7917.77,,,
1000000004339,566,Economy,7697.96,,,
1000000004340,222,Business,19751.02,,,
1000000004341,585,Comfort,11026.88,,,
1000000004342,503,Economy,8522.1,11C,9.0,2025-05-10 05:35:00
1000000004343,410,Economy,8428.67,52C,5.0,2025-08-03 02:29:00
1000000004344,53,Economy,6978.76,,,
1000000004345,526,Economy,4907.56,,,
1000000004346,802,Economy,7333.85,,,
1000000004347,9,Economy,2521.01,62B,11.0,2025-07-14 07:24:00
1000000004348,42,Economy,7890.75,,,
1000000004348,7,Economy,8474.91,32D,12.0,2025-04-30 03:09:00
1000000004349,174,Economy,7886.98,20C,10.0,2025-07-05 00:05:00
1000000004349,720,Economy,7991.64,,,
1000000004350,853,Economy,8444.0,,,
1000000004351,70,Economy,6180.9,48F,9.0,2025-08-04 07:26:00
1000000004352,392,Business,34636.66,,,
1000000004353,489,Comfort,7357.0,15A,7.0,2025-05-04 19:19:00
1000000004354,82,Economy,7721.32,65B,12.0,2025-04-24 11:26:00
1000000004355,573,Economy,4858.21,19C,9.0,2025-10-04 07:37:00
1000000004355,154,Economy,3378.27,41B,4.0,2025-02-11 07:43:00
1000000004356,396,Economy,5399.44,,,
1000000004357,896,Economy,8139.6,18D,12.0,2025-12-02 14:44:00
1000000004358,309,Comfort,12355.6,,,
1000000004359,37,Business,46774.92,105C,6.0,2025-05-26 05:05:00
1000000004360,86,Economy,8768.66,,,
1000000004360,865,Economy,4616.4,,,
1000000004361,652,Economy,7019.55,,,
1000000004361,538,Business,42795.98,,,
1000000004362,3,Economy,8794.54,29C,9.0,2025-11-29 21:32:00
1000000004362,175,Economy,8771.55,39D,5.0,2025-02-09 08:11:00
1000000004363,475,Economy,4368.64,60A,6.0,2025-06-10 20:52:00
1000000004364,865,Business,21913.5,,,
1000000004364,703,Economy,5104.03,22A,11.0,2025-10-23 10:14:00
1000000004365,653,Economy,4028.19,,,
1000000004366,426,Economy,7258.25,65C,6.0,2025-06-16 07:35:00
1000000004366,461,Economy,8248.71,,,
1000000004367,764,Economy,2570.7,21B,11.0,2025-01-17 09:18:00
1000000004368,855,Comfort,12509.25,11D,6.0,2025-01-18 07:36:00
1000000004369,396,Economy,8135.26,,,
1000000004370,448,Economy,2705.7,,,
1000000004370,179,Economy,7648.24,,,
1000000004371,445,Business,29034.9,,,
1000000004372,72,Business,43684.65,,,
1000000004373,732,Economy,8895.9,28E,6.0,2025-12-05 05:29:00
1000000004374,851,Economy,8016.58,22F,8.0,2025-05-07 07:17:00
1000000004374,329,Business,30487.76,72E,8.0,2025-03-09 06:40:00
1000000004375,835,Business,35259.15,,,
1000000004376,261,Economy,5762.9,,,
1000000004377,651,Comfort,11690.12,,,
1000000004378,789,Economy,7589.44,39A,4.0,2025-08-06 22:26:00
1000000004378,221,Comfort,10836.25,,,
1000000004379,775,Economy,6605.24,17A,10.0,2025-10-31 20:22:00
1000000004380,787,Comfort,9606.78,,,
1000000004380,609,Economy,4484.8,42E,11.0,2025-04-24 05:35:00
1000000004381,194,Comfort,7270.61,8A,6.0,2025-05-10 00:36:00
1000000004382,871,Economy,5000.85,29F,10.0,2025-10-14 00:18:00
1000000004383,207,Economy,6095.36,,,
1000000004384,221,Business,28754.59,,,
1000000004384,140,Business,47545.98,11B,10.0,2025-02-28 21:56:00
1000000004385,528,Comfort,15872.62,50E,13.0,2025-09-30 14:33:00
1000000004386,752,Comfort,14343.71,,,
1000000004387,687,Economy,8360.6,19A,5.0,2025-09-18 03:25:00
1000000004387,378,Business,58999.84,72E,6.0,2025-03-12 12:55:00
1000000004388,239,Comfort,11200.53,,,
1000000004389,812,Economy,8351.28,21E,7.0,2025-12-24 16:57:00
1000000004390,9,Economy,4519.59,23C,12.0,2025-07-14 07:41:00
1000000004391,365,Comfort,7971.6,15C,8.0,2025-02-13 17:21:00
1000000004391,767,Economy,4798.77,,,
1000000004392,165,Economy,3235.51,,,
1000000004393,897,Economy,5132.57,,,
1000000004394,795,Economy,3812.95,64B,8.0,2025-02-04 18:24:00
1000000004395,450,Comfort,12449.53,,,
1000000004396,141,Comfort,10335.79,10C,6.0,2025-01-23 22:59:00
1000000004396,124,Economy,6689.01,26B,9.0,2025-12-14 22:18:00
1000000004397,37,Economy,5672.79,36A,7.0,2025-05-26 05:24:00
1000000004398,344,Economy,4379.15,,,
1000000004399,423,Economy,6098.46,,,
1000000004400,539,Economy,3784.86,42A,9.0,2025-02-10 17:50:00
1000000004400,178,Comfort,10754.63,,,
1000000004401,657,Economy,4511.07,,,
1000000004402,63,Economy,3986.44,,,
1000000004403,886,Comfort,14750.17,21A,11.0,2025-06-02 14:50:00
1000000004404,871,Business,23367.72,46E,11.0,2025-10-14 00:18:00
1000000004405,227,Economy,4946.58,,,
1000000004406,264,Economy,3228.11,,,
1000000004406,749,Business,37779.54,,,
1000000004407,746,Economy,7348.87,,,
1000000004408,308,Economy,3373.37,,,
1000000004409,610,Comfort,15174.52,,,
1000000004410,365,Economy,5584.73,12B,9.0,2025-02-13 17:03:00
1000000004410,546,Economy,4684.32,63D,5.0,2025-10-22 08:05:00
1000000004411,342,Comfort,11124.24,,,
1000000004412,604,Economy,3716.38,46F,8.0,2025-02-24 19:27:00
1000000004413,303,Economy,6732.99,13B,7.0,2025-05-30 21:21:00
1000000004414,10,Economy,6635.16,42A,3.0,2025-06-11 11:19:00
1000000004415,780,Comfort,11259.01,78B,8.0,2025-06-04 01:59:00
1000000004416,381,Economy,7935.41,,,
1000000004416,214,Economy,4751.56,20D,6.0,2025-11-23 23:16:00
1000000004417,132,Business,34400.24,,,
1000000004418,804,Economy,6182.37,,,
1000000004419,749,Economy,7349.37,,,
1000000004419,856,Economy,3331.03,30E,7.0,2025-08-05 02:11:00
1000000004420,610,Comfort,8649.72,,,
1000000004420,343,Economy,5102.02,41B,8.0,2025-10-11 18:12:00
1000000004421,500,Economy,3185.82,52F,7.0,2025-11-21 03:50:00
1000000004421,685,Economy,5950.43,17E,8.0,2025-12-25 21:06:00
1000000004422,98,Economy,3260.32,80B,4.0,2025-10-22 16:56:00
1000000004423,244,Economy,4871.46,38C,2.0,2025-02-27 09:03:00
1000000004424,302,Comfort,12687.81,,,
1000000004425,89,Economy,6264.43,,,
1000000004426,567,Economy,6059.65,18C,6.0,2025-06-12 19:12:00
1000000004427,237,Business,54780.55,11B,8.0,2025-04-14 16:26:00
1000000004427,332,Comfort,13021.42,45A,6.0,2025-02-17 23:15:00
1000000004428,359,Comfort,11846.65,37B,10.0,2025-07-25 01:43:00
1000000004428,803,Economy,7190.3,,,
1000000004429,626,Economy,4324.04,90E,6.0,2025-12-24 20:15:00
1000000004430,441,Comfort,7001.78,,,
1000000004430,85,Economy,3417.8,19A,7.0,2025-10-29 15:17:00
1000000004431,678,Economy,5591.69,67C,4.0,2025-05-22 16:51:00
1000000004432,484,Economy,3168.85,11C,6.0,2025-08-08 07:20:00
1000000004433,810,Economy,7004.5,59F,4.0,2025-11-10 05:55:00
1000000004434,394,Economy,6353.09,21F,4.0,2025-07-13 11:09:00
1000000004435,560,Business,48220.43,,,
1000000004435,322,Economy,6174.93,26C,4.0,2025-04-23 08:03:00
1000000004436,293,Comfort,9129.16,,,
1000000004437,86,Economy,4979.88,,,
1000000004438,555,Economy,8768.03,19D,11.0,2025-12-18 04:36:00
1000000004439,129,Economy,5055.67,45D,5.0,2025-10-02 03:24:00
1000000004439,102,Economy,7376.27,,,
1000000004440,174,Economy,4900.62,8B,11.0,2025-07-04 23:00:00
1000000004441,176,Economy,6784.64,,,
1000000004442,363,Economy,3795.26,,,
1000000004443,857,Economy,4062.93,59E,4.0,2025-06-17 13:30:00
1000000004443,451,Economy,4391.36,,,
1000000004444,330,Business,28856.44,,,
1000000004445,31,Economy,4399.63,,,
1000000004445,5,Economy,6890.51,67C,10.0,2025-06-26 18:08:00
1000000004446,298,Economy,8276.17,,,
1000000004447,842,Economy,7644.35,26C,9.0,2025-04-15 12:06:00
1000000004447,862,Economy,5108.94,22B,6.0,2025-04-28 02:03:00
1000000004448,228,Comfort,14999.92,46A,3.0,2025-12-11 02:30:00
1000000004448,880,Economy,4661.37,49A,5.0,2025-08-02 01:10:00
1000000004449,518,Comfort,10634.78,,,
1000000004450,60,Economy,8391.01,14D,4.0,2025-09-29 17:08:00
1000000004451,391,Economy,2789.97,75B,7.0,2025-10-17 02:40:00
1000000004452,370,Economy,5272.49,13A,8.0,2025-12-27 20:47:00
1000000004453,420,Economy,8086.84,,,
1000000004454,140,Comfort,9291.76,13A,11.0,2025-02-28 22:27:00
1000000004454,395,Economy,4187.95,38A,11.0,2025-01-18 08:06:00
1000000004455,771,Comfort,8759.45,,,
1000000004456,291,Economy,3867.28,,,
1000000004457,791,Economy,2546.3,18A,8.0,2025-03-31 16:15:00
1000000004458,160,Economy,5838.69,14C,9.0,2025-03-29 18:36:00
1000000004459,544,Comfort,8095.77,44C,9.0,2025-11-07 06:07:00
1000000004460,580,Economy,6350.69,47E,7.0,2025-03-11 08:27:00
1000000004461,548,Comfort,8157.18,,,
1000000004461,490,Economy,2517.73,73E,5.0,2025-05-12 17:01:00
1000000004462,371,Economy,7339.04,,,
1000000004463,33,Business,34396.84,36C,9.0,2025-12-12 06:45:00
1000000004464,130,Economy,6381.16,12A,7.0,2025-12-12 06:43:00
1000000004464,422,Economy,5869.15,23B,7.0,2025-12-16 00:04:00
1000000004465,816,Business,33166.65,,,
1000000004466,813,Economy,5668.7,,,
1000000004467,80,Economy,7997.37,35D,6.0,2025-05-13 09:33:00
1000000004468,119,Economy,3394.55,75A,9.0,2025-08-25 19:16:00
1000000004469,803,Economy,6509.52,,,
1000000004469,821,Business,34038.3,57D,8.0,2025-09-12 06:47:00
1000000004470,532,Comfort,9884.39,,,
1000000004471,435,Comfort,7992.25,,,
1000000004471,642,Economy,3213.13,,,
1000000004472,98,Comfort,9266.49,101C,5.0,2025-10-22 17:16:00
1000000004473,548,Economy,7297.42,,,
1000000004474,295,Economy,4669.36,21A,9.0,2025-07-16 23:45:00
1000000004474,125,Economy,2580.44,,,
1000000004475,607,Economy,6625.57,39B,7.0,2025-10-16 15:59:00
1000000004476,309,Economy,4422.53,,,
1000000004477,312,Economy,6002.5,26C,8.0,2025-10-10 04:05:00
1000000004478,876,Economy,8873.82,,,
1000000004478,501,Economy,3187.26,,,
1000000004479,338,Business,37954.66,75A,6.0,2025-04-26 15:25:00
1000000004480,41,Comfort,10162.25,,,
1000000004481,67,Economy,3851.98,21D,6.0,2025-12-09 20:37:00
1000000004482,559,Economy,5202.62,101C,5.0,2025-02-21 22:17:00
1000000004483,440,Economy,3924.43,67F,10.0,2025-02-22 11:36:00
1000000004484,504,Economy,4501.5,,,
1000000004485,763,Economy,7710.7,,,
1000000004486,796,Economy,8115.48,,,
1000000004486,656,Economy,5255.56,,,
1000000004487,847,Economy,7212.16,86B,5.0,2025-02-27 16:43:00
1000000004487,139,Economy,4985.88,,,
1000000004488,161,Business,49799.7,,,
1000000004489,838,Economy,8135.56,,,
1000000004489,511,Comfort,9097.87,33E,10.0,2025-07-27 16:59:00
1000000004490,499,Economy,8004.82,,,
1000000004490,466,Economy,7279.84,,,
1000000004491,573,Economy,5549.28,8B,10.0,2025-10-04 08:11:00
1000000004491,258,Economy,8910.63,8A,13.0,2025-04-02 17:24:00
1000000004492,282,Economy,7282.3,,,
1000000004493,774,Economy,5602.8,,,
1000000004494,498,Economy,7244.3,32B,8.0,2025-12-18 08:34:00
1000000004495,681,Economy,5082.98,46C,10.0,2025-01-26 02:45:00
1000000004496,99,Business,56944.28,,,
1000000004496,863,Economy,7639.43,,,
1000000004497,658,Economy,5918.69,69E,6.0,2025-12-05 21:17:00
1000000004498,513,Economy,7214.61,,,
1000000004499,365,Economy,6276.34,6A,10.0,2025-02-13 17:28:00
1000000004500,614,Economy,8462.98,,,
1000000004501,301,Economy,6707.49,20C,8.0,2025-05-05 10:19:00
1000000004502,604,Business,22961.37,41D,9.0,2025-02-24 19:25:00
1000000004502,726,Economy,6002.91,88E,7.0,2025-08-09 05:14:00
1000000004503,781,Economy,8754.03,,,
1000000004503,506,Economy,8068.18,75B,7.0,2025-06-12 14:18:00
1000000004504,19,Economy,3717.35,61F,9.0,2025-09-06 01:13:00
1000000004505,234,Business,54520.38,29D,1.0,2025-04-26 08:37:00
1000000004506,280,Comfort,7354.03,60A,6.0,2025-12-24 20:33:00
1000000004507,98,Business,25032.98,71A,6.0,2025-10-22 17:18:00
1000000004508,290,Economy,5342.08,12B,4.0,2025-04-27 10:32:00
1000000004508,615,Comfort,7635.9,4C,5.0,2025-11-21 19:16:00
1000000004509,648,Economy,3569.81,,,
1000000004510,490,Economy,4562.71,73D,6.0,2025-05-12 16:16:00
1000000004510,56,Economy,5089.8,,,
1000000004511,770,Economy,5172.64,,,
1000000004512,117,Business,57301.6,,,
1000000004513,308,Economy,5126.17,,,
1000000004514,288,Economy,8916.43,,,
1000000004515,759,Economy,6823.42,38D,10.0,2025-08-06 15:47:00
1000000004516,855,Economy,8140.61,15A,7.0,2025-01-18 07:09:00
1000000004517,68,Comfort,15210.26,,,
1000000004517,183,Economy,7478.76,,,
1000000004518,44,Economy,8820.45,2C,7.0,2025-03-21 06:33:00
1000000004519,694,Economy,3897.01,,,
1000000004520,188,Comfort,13505.52,,,
1000000004520,250,Economy,3829.62,31A,7.0,2025-10-03 20:16:00
1000000004521,642,Economy,7712.2,,,
1000000004522,494,Comfort,10541.76,,,
1000000004523,778,Comfort,11221.46,89D,10.0,2025-05-02 02:03:00
1000000004523,492,Economy,8751.83,,,
1000000004524,182,Economy,7801.71,75D,1.0,2025-08-12 01:38:00
1000000004525,274,Economy,3366.98,,,
1000000004526,89,Comfort,15861.06,,,
1000000004526,492,Economy,5687.19,,,
1000000004527,242,Economy,3434.51,,,
1000000004528,679,Comfort,15404.07,,,
1000000004529,837,Economy,8352.18,49D,7.0,2025-08-07 05:59:00
1000000004530,402,Economy,3097.39,,,
1000000004531,53,Business,29238.63,,,
1000000004532,706,Economy,5798.37,,,
1000000004533,789,Business,24638.06,76F,5.0,2025-08-06 22:38:00
1000000004534,460,Economy,6894.61,,,
1000000004535,126,Economy,6339.76,41D,9.0,2025-03-09 16:59:00
1000000004535,183,Economy,7188.53,,,
1000000004536,682,Comfort,15825.05,,,
1000000004537,2,Economy,6703.44,,,
1000000004538,435,Comfort,13629.04,,,
1000000004539,188,Economy,8937.74,,,
1000000004540,201,Economy,8800.8,,,
1000000004541,559,Economy,6641.32,11A,6.0,2025-02-21 22:17:00
1000000004542,294,Comfort,10064.38,,,
1000000004542,434,Economy,7295.62,,,
1000000004543,782,Comfort,10731.5,,,
1000000004544,844,Comfort,12409.47,,,
1000000004545,714,Economy,7117.07,,,
1000000004546,8,Economy,6278.5,,,
1000000004547,567,Comfort,10623.94,82D,7.0,2025-06-12 20:07:00
1000000004548,212,Economy,4919.02,67F,5.0,2025-10-01 00:47:00
1000000004549,880,Economy,5646.72,47B,6.0,2025-08-02 01:06:00
1000000004550,220,Economy,4194.3,,,
1000000004550,5,Business,27954.13,5C,11.0,2025-06-26 18:06:00
1000000004551,133,Economy,4749.08,17A,10.0,2025-07-09 20:38:00
1000000004552,78,Economy,5240.16,48C,11.0,2025-09-05 13:55:00
1000000004553,383,Economy,2519.65,,,
1000000004554,323,Economy,7304.23,21A,9.0,2025-09-19 01:44:00
1000000004555,294,Comfort,8356.23,,,
1000000004556,433,Economy,6774.98,,,
1000000004556,182,Economy,5285.06,42D,2.0,2025-08-12 01:36:00
1000000004557,515,Economy,2956.74,,,
1000000004557,61,Economy,4157.94,58F,10.0,2025-03-23 22:51:00
1000000004558,471,Economy,4055.38,,,
1000000004559,399,Economy,6419.8,,,
1000000004560,775,Comfort,12756.87,48B,11.0,2025-10-31 21:00:00
1000000004561,201,Economy,5925.38,,,
1000000004562,568,Economy,7178.19,,,
1000000004562,525,Economy,6275.54,18D,1.0,2025-04-23 12:36:00
1000000004563,126,Business,24467.71,94E,10.0,2025-03-09 16:15:00
1000000004564,105,Economy,7328.06,12B,7.0,2025-04-26 02:43:00
1000000004564,388,Economy,7753.75,,,
1000000004565,854,Economy,6502.02,66F,5.0,2025-02-16 06:01:00
1000000004566,239,Economy,3364.95,,,
1000000004566,751,Economy,5898.0,,,
1000000004567,529,Economy,8445.91,,,
1000000004568,683,Economy,3855.98,47A,4.0,2025-08-27 17:33:00
1000000004569,858,Comfort,13522.29,,,
1000000004570,405,Economy,8984.36,9B,5.0,2025-05-01 14:18:00
1000000004571,445,Economy,3073.15,,,
1000000004572,414,Economy,7316.52,,,
1000000004573,793,Economy,5186.52,,,
1000000004574,730,Economy,6411.4,,,
1000000004575,70,Business,17043.31,75B,10.0,2025-08-04 06:44:00
1000000004576,441,Economy,7617.6,,,
1000000004577,234,Economy,3900.96,63E,2.0,2025-04-26 08:35:00
1000000004577,223,Economy,5259.03,25B,6.0,2025-05-28 02:08:00
1000000004578,57,Economy,4070.48,56D,8.0,2025-11-09 01:25:00
1000000004579,399,Economy,5932.99,,,
1000000004580,621,Economy,5987.39,,,
1000000004581,403,Economy,3418.0,51E,7.0,2025-05-18 17:38:00
1000000004582,374,Business,23211.93,,,
1000000004583,869,Economy,6079.76,,,
1000000004584,151,Comfort,12944.68,70D,9.0,2025-06-08 09:29:00
1000000004585,477,Economy,8536.87,13E,6.0,2025-10-01 08:56:00
1000000004586,730,Economy,5910.36,,,
1000000004587,9,Economy,7776.66,76F,13.0,2025-07-14 07:01:00
1000000004587,28,Economy,6963.95,22B,10.0,2025-10-09 02:20:00
1000000004588,275,Comfort,15900.32,101B,8.0,2025-10-09 20:08:00
1000000004588,661,Business,17915.82,45A,6.0,2025-09-05 23:07:00
1000000004589,774,Economy,3952.68,,,
1000000004590,500,Economy,7936.24,49E,8.0,2025-11-21 03:40:00
1000000004590,384,Business,52839.37,,,
1000000004591,402,Economy,2899.74,,,
1000000004592,588,Economy,5390.09,,,
1000000004593,165,Economy,5290.32,,,
1000000004594,388,Economy,7415.32,,,
1000000004594,748,Economy,4072.73,,,
1000000004595,11,Economy,3382.77,,,
1000000004595,152,Comfort,13679.36,,,
1000000004596,488,Economy,8175.25,42A,3.0,2025-07-04 07:55:00
1000000004596,863,Comfort,13235.85,,,
1000000004597,250,Comfort,13226.92,49D,8.0,2025-10-03 20:42:00
1000000004598,247,Comfort,10396.05,93A,6.0,2025-05-17 10:09:00
1000000004599,446,Economy,8172.86,36D,9.0,2025-12-22 20:36:00
1000000004600,894,Economy,2664.43,20C,9.0,2025-12-10 14:00:00
1000000004601,375,Comfort,10117.52,40B,4.0,2025-01-22 13:12:00
1000000004601,543,Comfort,15043.3,19A,10.0,2025-12-27 01:22:00
1000000004602,263,Economy,5334.84,,,
1000000004602,327,Economy,3679.73,25C,4.0,2025-04-16 00:32:00
1000000004603,549,Economy,7484.13,37D,10.0,2025-05-28 01:38:00
1000000004603,630,Economy,8414.59,,,
1000000004604,615,Economy,8595.46,24D,6.0,2025-11-21 19:15:00
1000000004605,445,Economy,6317.17,,,
1000000004606,14,Economy,6785.43,,,
1000000004607,613,Economy,2584.62,36A,8.0,2025-02-18 18:44:00
1000000004607,379,Economy,3227.82,5A,7.0,2025-07-03 15:08:00
1000000004608,497,Economy,7082.06,,,
1000000004609,116,Economy,7878.38,,,
1000000004610,704,Economy,6407.34,,,
1000000004610,385,Comfort,8307.39,27A,7.0,2025-01-11 15:45:00
1000000004611,452,Comfort,14248.15,78E,10.0,2025-03-31 00:20:00
1000000004612,591,Business,25555.54,49B,13.0,2025-07-02 19:32:00
1000000004613,58,Economy,2985.67,72F,7.0,2025-12-02 21:34:00
1000000004614,886,Economy,8581.94,28A,12.0,2025-06-02 15:13:00
1000000004615,419,Economy,7061.01,39B,6.0,2025-07-10 14:40:00
1000000004616,541,Economy,4212.39,18A,9.0,2025-04-09 23:45:00
1000000004616,581,Business,27255.3,,,
1000000004617,895,Economy,8634.46,,,
1000000004618,362,Economy,6544.34,10B,13.0,2025-04-30 16:07:00
1000000004618,316,Economy,8623.72,54A,9.0,2025-06-10 18:53:00
1000000004619,314,Economy,2740.07,15F,10.0,2025-12-27 05:07:00
1000000004620,29,Comfort,15339.4,,,
1000000004621,381,Economy,2544.07,,,
1000000004622,317,Economy,5043.69,14C,11.0,2025-12-11 21:24:00
1000000004623,100,Economy,8282.17,21E,7.0,2025-08-29 10:57:00
1000000004624,54,Economy,4937.34,32A,7.0,2025-05-27 05:30:00
1000000004624,428,Comfort,14617.96,56E,9.0,2025-08-03 12:22:00
1000000004625,633,Comfort,14673.14,88B,11.0,2025-07-15 15:08:00
1000000004625,22,Economy,5283.29,63E,7.0,2025-10-29 05:32:00
1000000004626,218,Comfort,12156.41,50B,3.0,2025-05-29 12:13:00
1000000004626,846,Business,28877.22,26A,5.0,2025-06-02 01:57:00
1000000004627,898,Economy,6358.24,,,
1000000004628,334,Economy,7010.39,50C,8.0,2025-09-06 08:51:00
1000000004628,891,Comfort,7164.51,32C,6.0,2025-08-07 08:37:00
1000000004629,433,Business,27239.55,,,
1000000004630,783,Comfort,9776.33,54E,5.0,2025-10-10 02:41:00
1000000004631,104,Economy,6610.25,,,
1000000004632,448,Economy,7452.44,,,
1000000004633,497,Economy,8948.2,,,
1000000004634,112,Economy,8065.73,,,
1000000004634,802,Economy,6478.46,,,
1000000004635,250,Business,31649.76,32D,9.0,2025-10-03 20:24:00
1000000004635,101,Economy,8488.91,,,
1000000004636,213,Economy,7701.32,47C,9.0,2025-01-15 01:17:00
1000000004636,317,Economy,4217.75,19B,12.0,2025-12-11 21:24:00
1000000004637,414,Business,55830.64,,,
1000000004638,779,Economy,7361.47,,,
1000000004639,568,Economy,7150.94,,,
1000000004639,42,Business,40909.56,,,
1000000004640,717,Comfort,11900.28,,,
1000000004641,853,Economy,8301.24,,,
1000000004642,874,Economy,6949.88,,,
1000000004642,322,Business,48585.09,30B,5.0,2025-04-23 07:42:00
1000000004643,574,Economy,8748.96,17A,11.0,2025-11-22 17:50:00
1000000004644,742,Business,50959.75,78D,6.0,2025-05-05 16:34:00
1000000004645,118,Economy,7978.95,,,
1000000004645,356,Business,52802.32,,,
1000000004646,278,Economy,8275.93,44A,6.0,2025-09-16 13:27:00
1000000004646,438,Economy,5451.94,3A,5.0,2025-07-15 23:40:00
1000000004647,417,Economy,3419.76,56A,8.0,2025-03-11 14:50:00
1000000004647,373,Economy,6096.35,67A,14.0,2025-04-12 11:30:00
1000000004648,241,Comfort,12704.12,,,
1000000004649,510,Business,37332.66,70B,6.0,2025-04-11 06:54:00
1000000004650,361,Economy,2796.07,21C,10.0,2025-10-30 14:26:00
1000000004651,793,Comfort,9096.93,,,
1000000004652,105,Economy,3699.57,16C,8.0,2025-04-26 02:51:00
1000000004652,855,Economy,4513.21,21A,8.0,2025-01-18 07:27:00
1000000004653,402,Economy,5002.03,,,
1000000004654,530,Economy,3916.5,,,
1000000004655,62,Economy,7387.13,39C,7.0,2025-11-17 06:59:00
1000000004656,85,Economy,3002.01,10D,8.0,2025-10-29 15:26:00
1000000004657,835,Economy,5387.79,,,
1000000004658,497,Economy,5586.34,,,
1000000004659,468,Business,40993.72,21B,7.0,2025-02-23 23:58:00
1000000004660,180,Economy,6533.86,,,
1000000004661,113,Comfort,7685.29,16A,6.0,2025-12-02 03:20:00
1000000004661,495,Comfort,10116.2,,,
1000000004662,683,Business,59512.14,45D,5.0,2025-08-27 17:30:00
1000000004663,650,Economy,4541.58,,,
1000000004664,508,Economy,5930.2,,,
1000000004665,281,Economy,5435.55,,,
1000000004666,156,Economy,5229.16,,,
1000000004667,356,Economy,5653.18,,,
1000000004667,418,Economy,8015.86,15D,9.0,2025-07-04 21:40:00
1000000004668,249,Economy,4206.52,54A,6.0,2025-11-11 06:40:00
1000000004669,39,Economy,4194.56,52E,9.0,2025-04-18 22:01:00
1000000004670,679,Economy,3179.06,,,
1000000004671,527,Economy,6056.49,2C,6.0,2025-09-16 21:17:00
1000000004671,443,Business,53020.38,12A,3.0,2025-09-16 03:43:00
1000000004672,852,Economy,4974.12,,,
1000000004673,121,Economy,4615.26,,,
1000000004674,505,Business,52941.68,,,
1000000004674,706,Economy,7823.49,,,
1000000004675,98,Economy,8615.09,28C,7.0,2025-10-22 16:52:00
1000000004676,306,Business,30781.64,69C,6.0,2025-05-08 20:41:00
1000000004677,436,Comfort,11659.37,,,
1000000004678,634,Economy,4236.34,42F,10.0,2025-10-05 02:53:00
1000000004679,16,Economy,5665.26,,,
1000000004680,494,Economy,6770.42,,,
1000000004681,354,Economy,6288.69,26A,6.0,2025-02-02 07:05:00
1000000004682,708,Economy,4624.8,50E,8.0,2025-02-01 20:01:00
1000000004683,879,Economy,6068.79,,,
1000000004684,479,Economy,5271.21,,,
1000000004684,180,Economy,8148.13,,,
1000000004685,264,Economy,5882.99,,,
1000000004686,392,Economy,5941.51,,,
1000000004686,848,Comfort,13421.67,40A,6.0,2025-11-04 03:08:00
1000000004687,619,Economy,2613.66,,,
1000000004687,33,Economy,8590.74,27A,10.0,2025-12-12 06:53:00
1000000004688,242,Economy,2544.56,,,
1000000004689,268,Economy,7204.21,,,
1000000004690,630,Economy,3043.69,,,
1000000004691,237,Economy,2685.42,17F,9.0,2025-04-14 16:22:00
1000000004692,143,Comfort,11112.81,36B,8.0,2025-05-21 18:44:00
1000000004693,228,Economy,8071.19,8C,4.0,2025-12-11 02:52:00
1000000004693,853,Comfort,8315.27,,,
1000000004694,46,Economy,2812.47,17B,5.0,2025-04-13 13:41:00
1000000004695,336,Comfort,8478.75,57B,8.0,2025-12-02 10:37:00
1000000004696,54,Business,51728.28,30E,8.0,2025-05-27 05:59:00
1000000004697,577,Comfort,13919.81,15B,2.0,2025-01-05 12:58:00
1000000004697,480,Economy,6780.84,59C,5.0,2025-04-25 22:48:00
1000000004698,61,Economy,7855.8,7C,11.0,2025-03-23 22:27:00
1000000004699,262,Comfort,13305.91,23B,8.0,2025-01-29 03:37:00
1000000004700,249,Economy,8040.98,50E,7.0,2025-11-11 06:44:00
1000000004701,623,Comfort,13310.83,16D,5.0,2025-04-30 05:24:00
1000000004701,630,Economy,7161.7,,,
1000000004702,780,Economy,8507.36,39A,9.0,2025-06-04 01:46:00
1000000004702,161,Economy,5182.81,,,
1000000004703,662,Economy,3690.49,21A,7.0,2025-11-11 17:19:00
1000000004704,369,Comfort,12482.95,42B,11.0,2025-04-17 13:46:00
1000000004705,612,Economy,6225.31,,,
1000000004706,576,Economy,3511.46,,,
1000000004707,495,Economy,5659.91,,,
1000000004708,278,Economy,5479.73,32F,7.0,2025-09-16 13:24:00
1000000004709,167,Economy,7550.16,69E,3.0,2025-11-27 01:43:00
1000000004710,207,Economy,5687.94,,,
1000000004710,549,Economy,7521.1,15C,11.0,2025-05-28 01:59:00
1000000004711,4,Economy,3329.53,19A,4.0,2025-08-05 09:39:00
1000000004712,779,Business,58453.12,,,
1000000004713,805,Economy,7550.7,,,
1000000004714,183,Economy,7291.11,,,
1000000004714,76,Economy,7652.93,,,
1000000004715,795,Comfort,13790.7,64E,9.0,2025-02-04 18:34:00
1000000004716,540,Economy,4001.93,,,
1000000004717,533,Business,40286.75,,,
1000000004718,155,Economy,4361.29,10A,3.0,2025-06-26 12:16:00
1000000004719,706,Business,30283.04,,,
1000000004719,255,Business,30838.73,,,
1000000004720,697,Business,50538.91,33F,12.0,2025-08-10 22:23:00
1000000004721,443,Economy,6662.08,46C,4.0,2025-09-16 04:21:00
1000000004721,546,Business,26509.0,25A,6.0,2025-10-22 07:40:00
1000000004722,329,Economy,3185.09,79F,9.0,2025-03-09 06:50:00
1000000004723,79,Economy,3886.7,6A,13.0,2025-05-05 14:05:00
1000000004724,106,Economy,3862.72,,,
1000000004725,373,Economy,3127.48,111E,15.0,2025-04-12 11:17:00
1000000004726,230,Economy,3496.4,32E,9.0,2025-07-14 03:22:00
1000000004727,130,Business,33417.79,23D,8.0,2025-12-12 07:08:00
1000000004728,765,Economy,4417.32,,,
1000000004729,487,Economy,6699.01,,,
1000000004730,128,Comfort,10534.89,88E,6.0,2025-12-13 22:29:00
1000000004731,513,Comfort,13892.05,,,
1000000004732,696,Economy,7450.11,13C,6.0,2025-10-09 00:14:00
1000000004732,128,Economy,5988.76,44D,7.0,2025-12-13 23:00:00
1000000004733,724,Economy,4695.01,,,
1000000004733,703,Comfort,10730.69,21F,12.0,2025-10-23 10:35:00
1000000004734,735,Economy,7284.64,,,
1000000004735,89,Comfort,14674.79,,,
1000000004735,36,Economy,6189.22,,,
1000000004736,206,Economy,3151.28,,,
1000000004737,347,Economy,8785.64,,,
1000000004738,748,Economy,7558.27,,,
1000000004738,481,Economy,2542.88,,,
1000000004739,221,Economy,4347.19,,,
1000000004740,598,Economy,6477.73,,,
1000000004740,239,Economy,5318.34,,,
1000000004741,81,Economy,4925.0,70A,6.0,2025-07-28 14:00:00
1000000004742,583,Business,40627.65,20B,7.0,2025-08-26 21:13:00
1000000004743,111,Business,59918.54,,,
1000000004744,643,Economy,6152.74,52D,8.0,2025-07-14 22:12:00
1000000004745,121,Economy,8760.92,,,
1000000004746,713,Economy,2734.76,,,
1000000004747,371,Economy,5713.86,,,
1000000004748,533,Economy,3915.34,,,
1000000004748,779,Business,35388.73,,,
1000000004749,208,Economy,5577.84,31C,9.0,2025-06-08 11:21:00
1000000004750,608,Economy,8758.15,18A,9.0,2025-01-01 21:45:00
1000000004750,620,Comfort,15416.97,,,
1000000004751,553,Comfort,9417.24,,,
1000000004752,395,Economy,2935.68,63D,12.0,2025-01-18 07:55:00
1000000004753,773,Economy,6502.39,61E,4.0,2025-08-31 10:59:00
1000000004753,87,Comfort,15413.89,,,
1000000004754,701,Economy,3806.18,3A,6.0,2025-11-16 04:42:00
1000000004754,810,Economy,5719.25,12C,5.0,2025-11-10 06:14:00
1000000004755,678,Comfort,11148.54,91B,5.0,2025-05-22 16:17:00
1000000004756,645,Economy,6258.4,50D,5.0,2025-01-21 16:15:00
1000000004757,463,Economy,8926.27,73C,8.0,2025-09-13 13:32:00
1000000004758,165,Economy,4201.34,,,
1000000004759,342,Economy,3159.24,,,
1000000004760,891,Business,39669.55,12C,7.0,2025-08-07 07:46:00
1000000004761,780,Economy,6559.72,77A,10.0,2025-06-04 02:27:00
1000000004762,699,Economy,6746.32,,,
1000000004763,738,Economy,6522.37,,,
1000000004763,747,Economy,3306.84,,,
1000000004764,764,Economy,4828.78,8C,12.0,2025-01-17 08:41:00
1000000004764,107,Economy,3014.76,,,
1000000004765,273,Economy,4272.93,,,
1000000004766,616,Economy,8407.68,33E,9.0,2025-12-24 06:23:00
1000000004767,188,Economy,5177.55,,,
1000000004768,328,Economy,6980.56,75A,14.0,2025-05-17 15:18:00
1000000004769,217,Economy,7205.34,,,
1000000004770,297,Economy,2670.09,,,
1000000004771,465,Economy,4296.9,,,
1000000004771,290,Economy,4042.39,19D,5.0,2025-04-27 10:34:00
1000000004772,346,Comfort,8671.7,,,
1000000004773,443,Comfort,7172.45,13C,5.0,2025-09-16 03:30:00
1000000004773,516,Economy,3163.69,18D,10.0,2025-08-29 13:01:00
1000000004774,788,Economy,8582.35,,,
1000000004774,394,Comfort,14014.09,18E,5.0,2025-07-13 11:20:00
1000000004775,500,Economy,2552.07,62B,9.0,2025-11-21 04:09:00
1000000004776,691,Economy,8134.1,,,
1000000004777,851,Economy,6547.86,5C,9.0,2025-05-07 06:55:00
1000000004778,219,Economy,5359.1,,,
1000000004779,866,Economy,3824.71,68D,9.0,2025-12-13 05:25:00
1000000004780,399,Economy,8337.78,,,
1000000004781,782,Economy,4746.31,,,
1000000004782,788,Economy,5536.71,,,
1000000004783,37,Economy,4601.65,51C,8.0,2025-05-26 04:56:00
1000000004784,205,Business,23386.25,15C,6.0,2025-12-16 09:17:00
1000000004785,782,Economy,8357.42,,,
1000000004786,242,Economy,3152.59,,,
1000000004787,425,Economy,6466.22,,,
1000000004788,769,Economy,3526.24,,,
1000000004788,809,Economy,5310.32,,,
1000000004789,310,Comfort,7158.56,8C,7.0,2025-06-28 14:14:00
1000000004790,669,Business,46113.93,,,
1000000004791,78,Economy,4976.38,51D,12.0,2025-09-05 14:00:00
1000000004792,727,Economy,3071.73,,,
1000000004792,389,Economy,5221.64,47E,11.0,2025-07-02 06:30:00
1000000004793,765,Business,29616.96,,,
1000000004794,773,Economy,3881.53,50A,5.0,2025-08-31 10:58:00
1000000004795,524,Economy,3715.28,,,
1000000004795,676,Economy,5404.55,42A,10.0,2025-07-18 21:13:00
1000000004796,611,Economy,8827.9,,,
1000000004796,870,Economy,6073.58,,,
1000000004797,227,Economy,6848.67,,,
1000000004797,355,Economy,8865.35,66C,15.0,2025-03-22 07:03:00
1000000004798,444,Economy,3433.83,,,
1000000004799,806,Economy,4602.52,,,
1000000004799,756,Economy,4503.11,37B,4.0,2025-10-23 15:51:00
1000000004800,464,Comfort,7130.81,15F,7.0,2025-10-13 16:15:00
1000000004801,650,Economy,3732.22,,,
1000000004802,118,Economy,8126.78,,,
1000000004803,129,Economy,6433.85,32F,6.0,2025-10-02 03:00:00
1000000004804,424,Economy,8561.65,,,
1000000004804,305,Economy,3718.73,34F,8.0,2025-10-01 15:52:00
